:0200000460009A
:100000004643464200000156000000000103030081
:1000100000000000000000000000000000000000E0
:1000200000000000000000000000000000000000D0
:1000300000000000000000000000000000000000C0
:1000400000000000010408000000000000000000A3
:100050000000200000000000000000000000000080
:100060000000000000000000000000000000000090
:100070000000000000000000000000000000000080
:10008000EB04180A063204260000000000000000FD
:10009000050404240000000000000000000000002F
:1000A0000000000000000000000000000000000050
:1000B0000604000000000000000000000000000036
:1000C0000000000000000000000000000000000030
:1000D00020041808000000000000000000000000DC
:1000E0000000000000000000000000000000000010
:1000F0000000000000000000000000000000000000
:10010000D8041808000000000000000000000000F3
:100110000204180804200000000000000000000095
:1001200000000000000000000000000000000000CF
:10013000600400000000000000000000000000005B
:1001400000000000000000000000000000000000AF
:10015000000000000000000000000000000000009F
:10016000000000000000000000000000000000008F
:10017000000000000000000000000000000000007F
:10018000000000000000000000000000000000006F
:10019000000000000000000000000000000000005F
:1001A000000000000000000000000000000000004F
:1001B000000000000000000000000000000000003F
:1001C000000100000010000001000000000000001D
:1001D000000001000000000000000000000000001E
:1001E000000000000000000000000000000000000F
:1001F00000000000000000000000000000000000FF
:10020000FFFFFFFFFFFFFFFFFFFFFFFFFFFFFFFFFE
:10021000FFFFFFFFFFFFFFFFFFFFFFFFFFFFFFFFEE
:10022000FFFFFFFFFFFFFFFFFFFFFFFFFFFFFFFFDE
:10023000FFFFFFFFFFFFFFFFFFFFFFFFFFFFFFFFCE
:10024000FFFFFFFFFFFFFFFFFFFFFFFFFFFFFFFFBE
:10025000FFFFFFFFFFFFFFFFFFFFFFFFFFFFFFFFAE
:10026000FFFFFFFFFFFFFFFFFFFFFFFFFFFFFFFF9E
:10027000FFFFFFFFFFFFFFFFFFFFFFFFFFFFFFFF8E
:10028000FFFFFFFFFFFFFFFFFFFFFFFFFFFFFFFF7E
:10029000FFFFFFFFFFFFFFFFFFFFFFFFFFFFFFFF6E
:1002A000FFFFFFFFFFFFFFFFFFFFFFFFFFFFFFFF5E
:1002B000FFFFFFFFFFFFFFFFFFFFFFFFFFFFFFFF4E
:1002C000FFFFFFFFFFFFFFFFFFFFFFFFFFFFFFFF3E
:1002D000FFFFFFFFFFFFFFFFFFFFFFFFFFFFFFFF2E
:1002E000FFFFFFFFFFFFFFFFFFFFFFFFFFFFFFFF1E
:1002F000FFFFFFFFFFFFFFFFFFFFFFFFFFFFFFFF0E
:10030000FFFFFFFFFFFFFFFFFFFFFFFFFFFFFFFFFD
:10031000FFFFFFFFFFFFFFFFFFFFFFFFFFFFFFFFED
:10032000FFFFFFFFFFFFFFFFFFFFFFFFFFFFFFFFDD
:10033000FFFFFFFFFFFFFFFFFFFFFFFFFFFFFFFFCD
:10034000FFFFFFFFFFFFFFFFFFFFFFFFFFFFFFFFBD
:10035000FFFFFFFFFFFFFFFFFFFFFFFFFFFFFFFFAD
:10036000FFFFFFFFFFFFFFFFFFFFFFFFFFFFFFFF9D
:10037000FFFFFFFFFFFFFFFFFFFFFFFFFFFFFFFF8D
:10038000FFFFFFFFFFFFFFFFFFFFFFFFFFFFFFFF7D
:10039000FFFFFFFFFFFFFFFFFFFFFFFFFFFFFFFF6D
:1003A000FFFFFFFFFFFFFFFFFFFFFFFFFFFFFFFF5D
:1003B000FFFFFFFFFFFFFFFFFFFFFFFFFFFFFFFF4D
:1003C000FFFFFFFFFFFFFFFFFFFFFFFFFFFFFFFF3D
:1003D000FFFFFFFFFFFFFFFFFFFFFFFFFFFFFFFF2D
:1003E000FFFFFFFFFFFFFFFFFFFFFFFFFFFFFFFF1D
:1003F000FFFFFFFFFFFFFFFFFFFFFFFFFFFFFFFF0D
:10040000FFFFFFFFFFFFFFFFFFFFFFFFFFFFFFFFFC
:10041000FFFFFFFFFFFFFFFFFFFFFFFFFFFFFFFFEC
:10042000FFFFFFFFFFFFFFFFFFFFFFFFFFFFFFFFDC
:10043000FFFFFFFFFFFFFFFFFFFFFFFFFFFFFFFFCC
:10044000FFFFFFFFFFFFFFFFFFFFFFFFFFFFFFFFBC
:10045000FFFFFFFFFFFFFFFFFFFFFFFFFFFFFFFFAC
:10046000FFFFFFFFFFFFFFFFFFFFFFFFFFFFFFFF9C
:10047000FFFFFFFFFFFFFFFFFFFFFFFFFFFFFFFF8C
:10048000FFFFFFFFFFFFFFFFFFFFFFFFFFFFFFFF7C
:10049000FFFFFFFFFFFFFFFFFFFFFFFFFFFFFFFF6C
:1004A000FFFFFFFFFFFFFFFFFFFFFFFFFFFFFFFF5C
:1004B000FFFFFFFFFFFFFFFFFFFFFFFFFFFFFFFF4C
:1004C000FFFFFFFFFFFFFFFFFFFFFFFFFFFFFFFF3C
:1004D000FFFFFFFFFFFFFFFFFFFFFFFFFFFFFFFF2C
:1004E000FFFFFFFFFFFFFFFFFFFFFFFFFFFFFFFF1C
:1004F000FFFFFFFFFFFFFFFFFFFFFFFFFFFFFFFF0C
:10050000FFFFFFFFFFFFFFFFFFFFFFFFFFFFFFFFFB
:10051000FFFFFFFFFFFFFFFFFFFFFFFFFFFFFFFFEB
:10052000FFFFFFFFFFFFFFFFFFFFFFFFFFFFFFFFDB
:10053000FFFFFFFFFFFFFFFFFFFFFFFFFFFFFFFFCB
:10054000FFFFFFFFFFFFFFFFFFFFFFFFFFFFFFFFBB
:10055000FFFFFFFFFFFFFFFFFFFFFFFFFFFFFFFFAB
:10056000FFFFFFFFFFFFFFFFFFFFFFFFFFFFFFFF9B
:10057000FFFFFFFFFFFFFFFFFFFFFFFFFFFFFFFF8B
:10058000FFFFFFFFFFFFFFFFFFFFFFFFFFFFFFFF7B
:10059000FFFFFFFFFFFFFFFFFFFFFFFFFFFFFFFF6B
:1005A000FFFFFFFFFFFFFFFFFFFFFFFFFFFFFFFF5B
:1005B000FFFFFFFFFFFFFFFFFFFFFFFFFFFFFFFF4B
:1005C000FFFFFFFFFFFFFFFFFFFFFFFFFFFFFFFF3B
:1005D000FFFFFFFFFFFFFFFFFFFFFFFFFFFFFFFF2B
:1005E000FFFFFFFFFFFFFFFFFFFFFFFFFFFFFFFF1B
:1005F000FFFFFFFFFFFFFFFFFFFFFFFFFFFFFFFF0B
:10060000FFFFFFFFFFFFFFFFFFFFFFFFFFFFFFFFFA
:10061000FFFFFFFFFFFFFFFFFFFFFFFFFFFFFFFFEA
:10062000FFFFFFFFFFFFFFFFFFFFFFFFFFFFFFFFDA
:10063000FFFFFFFFFFFFFFFFFFFFFFFFFFFFFFFFCA
:10064000FFFFFFFFFFFFFFFFFFFFFFFFFFFFFFFFBA
:10065000FFFFFFFFFFFFFFFFFFFFFFFFFFFFFFFFAA
:10066000FFFFFFFFFFFFFFFFFFFFFFFFFFFFFFFF9A
:10067000FFFFFFFFFFFFFFFFFFFFFFFFFFFFFFFF8A
:10068000FFFFFFFFFFFFFFFFFFFFFFFFFFFFFFFF7A
:10069000FFFFFFFFFFFFFFFFFFFFFFFFFFFFFFFF6A
:1006A000FFFFFFFFFFFFFFFFFFFFFFFFFFFFFFFF5A
:1006B000FFFFFFFFFFFFFFFFFFFFFFFFFFFFFFFF4A
:1006C000FFFFFFFFFFFFFFFFFFFFFFFFFFFFFFFF3A
:1006D000FFFFFFFFFFFFFFFFFFFFFFFFFFFFFFFF2A
:1006E000FFFFFFFFFFFFFFFFFFFFFFFFFFFFFFFF1A
:1006F000FFFFFFFFFFFFFFFFFFFFFFFFFFFFFFFF0A
:10070000FFFFFFFFFFFFFFFFFFFFFFFFFFFFFFFFF9
:10071000FFFFFFFFFFFFFFFFFFFFFFFFFFFFFFFFE9
:10072000FFFFFFFFFFFFFFFFFFFFFFFFFFFFFFFFD9
:10073000FFFFFFFFFFFFFFFFFFFFFFFFFFFFFFFFC9
:10074000FFFFFFFFFFFFFFFFFFFFFFFFFFFFFFFFB9
:10075000FFFFFFFFFFFFFFFFFFFFFFFFFFFFFFFFA9
:10076000FFFFFFFFFFFFFFFFFFFFFFFFFFFFFFFF99
:10077000FFFFFFFFFFFFFFFFFFFFFFFFFFFFFFFF89
:10078000FFFFFFFFFFFFFFFFFFFFFFFFFFFFFFFF79
:10079000FFFFFFFFFFFFFFFFFFFFFFFFFFFFFFFF69
:1007A000FFFFFFFFFFFFFFFFFFFFFFFFFFFFFFFF59
:1007B000FFFFFFFFFFFFFFFFFFFFFFFFFFFFFFFF49
:1007C000FFFFFFFFFFFFFFFFFFFFFFFFFFFFFFFF39
:1007D000FFFFFFFFFFFFFFFFFFFFFFFFFFFFFFFF29
:1007E000FFFFFFFFFFFFFFFFFFFFFFFFFFFFFFFF19
:1007F000FFFFFFFFFFFFFFFFFFFFFFFFFFFFFFFF09
:10080000FFFFFFFFFFFFFFFFFFFFFFFFFFFFFFFFF8
:10081000FFFFFFFFFFFFFFFFFFFFFFFFFFFFFFFFE8
:10082000FFFFFFFFFFFFFFFFFFFFFFFFFFFFFFFFD8
:10083000FFFFFFFFFFFFFFFFFFFFFFFFFFFFFFFFC8
:10084000FFFFFFFFFFFFFFFFFFFFFFFFFFFFFFFFB8
:10085000FFFFFFFFFFFFFFFFFFFFFFFFFFFFFFFFA8
:10086000FFFFFFFFFFFFFFFFFFFFFFFFFFFFFFFF98
:10087000FFFFFFFFFFFFFFFFFFFFFFFFFFFFFFFF88
:10088000FFFFFFFFFFFFFFFFFFFFFFFFFFFFFFFF78
:10089000FFFFFFFFFFFFFFFFFFFFFFFFFFFFFFFF68
:1008A000FFFFFFFFFFFFFFFFFFFFFFFFFFFFFFFF58
:1008B000FFFFFFFFFFFFFFFFFFFFFFFFFFFFFFFF48
:1008C000FFFFFFFFFFFFFFFFFFFFFFFFFFFFFFFF38
:1008D000FFFFFFFFFFFFFFFFFFFFFFFFFFFFFFFF28
:1008E000FFFFFFFFFFFFFFFFFFFFFFFFFFFFFFFF18
:1008F000FFFFFFFFFFFFFFFFFFFFFFFFFFFFFFFF08
:10090000FFFFFFFFFFFFFFFFFFFFFFFFFFFFFFFFF7
:10091000FFFFFFFFFFFFFFFFFFFFFFFFFFFFFFFFE7
:10092000FFFFFFFFFFFFFFFFFFFFFFFFFFFFFFFFD7
:10093000FFFFFFFFFFFFFFFFFFFFFFFFFFFFFFFFC7
:10094000FFFFFFFFFFFFFFFFFFFFFFFFFFFFFFFFB7
:10095000FFFFFFFFFFFFFFFFFFFFFFFFFFFFFFFFA7
:10096000FFFFFFFFFFFFFFFFFFFFFFFFFFFFFFFF97
:10097000FFFFFFFFFFFFFFFFFFFFFFFFFFFFFFFF87
:10098000FFFFFFFFFFFFFFFFFFFFFFFFFFFFFFFF77
:10099000FFFFFFFFFFFFFFFFFFFFFFFFFFFFFFFF67
:1009A000FFFFFFFFFFFFFFFFFFFFFFFFFFFFFFFF57
:1009B000FFFFFFFFFFFFFFFFFFFFFFFFFFFFFFFF47
:1009C000FFFFFFFFFFFFFFFFFFFFFFFFFFFFFFFF37
:1009D000FFFFFFFFFFFFFFFFFFFFFFFFFFFFFFFF27
:1009E000FFFFFFFFFFFFFFFFFFFFFFFFFFFFFFFF17
:1009F000FFFFFFFFFFFFFFFFFFFFFFFFFFFFFFFF07
:100A0000FFFFFFFFFFFFFFFFFFFFFFFFFFFFFFFFF6
:100A1000FFFFFFFFFFFFFFFFFFFFFFFFFFFFFFFFE6
:100A2000FFFFFFFFFFFFFFFFFFFFFFFFFFFFFFFFD6
:100A3000FFFFFFFFFFFFFFFFFFFFFFFFFFFFFFFFC6
:100A4000FFFFFFFFFFFFFFFFFFFFFFFFFFFFFFFFB6
:100A5000FFFFFFFFFFFFFFFFFFFFFFFFFFFFFFFFA6
:100A6000FFFFFFFFFFFFFFFFFFFFFFFFFFFFFFFF96
:100A7000FFFFFFFFFFFFFFFFFFFFFFFFFFFFFFFF86
:100A8000FFFFFFFFFFFFFFFFFFFFFFFFFFFFFFFF76
:100A9000FFFFFFFFFFFFFFFFFFFFFFFFFFFFFFFF66
:100AA000FFFFFFFFFFFFFFFFFFFFFFFFFFFFFFFF56
:100AB000FFFFFFFFFFFFFFFFFFFFFFFFFFFFFFFF46
:100AC000FFFFFFFFFFFFFFFFFFFFFFFFFFFFFFFF36
:100AD000FFFFFFFFFFFFFFFFFFFFFFFFFFFFFFFF26
:100AE000FFFFFFFFFFFFFFFFFFFFFFFFFFFFFFFF16
:100AF000FFFFFFFFFFFFFFFFFFFFFFFFFFFFFFFF06
:100B0000FFFFFFFFFFFFFFFFFFFFFFFFFFFFFFFFF5
:100B1000FFFFFFFFFFFFFFFFFFFFFFFFFFFFFFFFE5
:100B2000FFFFFFFFFFFFFFFFFFFFFFFFFFFFFFFFD5
:100B3000FFFFFFFFFFFFFFFFFFFFFFFFFFFFFFFFC5
:100B4000FFFFFFFFFFFFFFFFFFFFFFFFFFFFFFFFB5
:100B5000FFFFFFFFFFFFFFFFFFFFFFFFFFFFFFFFA5
:100B6000FFFFFFFFFFFFFFFFFFFFFFFFFFFFFFFF95
:100B7000FFFFFFFFFFFFFFFFFFFFFFFFFFFFFFFF85
:100B8000FFFFFFFFFFFFFFFFFFFFFFFFFFFFFFFF75
:100B9000FFFFFFFFFFFFFFFFFFFFFFFFFFFFFFFF65
:100BA000FFFFFFFFFFFFFFFFFFFFFFFFFFFFFFFF55
:100BB000FFFFFFFFFFFFFFFFFFFFFFFFFFFFFFFF45
:100BC000FFFFFFFFFFFFFFFFFFFFFFFFFFFFFFFF35
:100BD000FFFFFFFFFFFFFFFFFFFFFFFFFFFFFFFF25
:100BE000FFFFFFFFFFFFFFFFFFFFFFFFFFFFFFFF15
:100BF000FFFFFFFFFFFFFFFFFFFFFFFFFFFFFFFF05
:100C0000FFFFFFFFFFFFFFFFFFFFFFFFFFFFFFFFF4
:100C1000FFFFFFFFFFFFFFFFFFFFFFFFFFFFFFFFE4
:100C2000FFFFFFFFFFFFFFFFFFFFFFFFFFFFFFFFD4
:100C3000FFFFFFFFFFFFFFFFFFFFFFFFFFFFFFFFC4
:100C4000FFFFFFFFFFFFFFFFFFFFFFFFFFFFFFFFB4
:100C5000FFFFFFFFFFFFFFFFFFFFFFFFFFFFFFFFA4
:100C6000FFFFFFFFFFFFFFFFFFFFFFFFFFFFFFFF94
:100C7000FFFFFFFFFFFFFFFFFFFFFFFFFFFFFFFF84
:100C8000FFFFFFFFFFFFFFFFFFFFFFFFFFFFFFFF74
:100C9000FFFFFFFFFFFFFFFFFFFFFFFFFFFFFFFF64
:100CA000FFFFFFFFFFFFFFFFFFFFFFFFFFFFFFFF54
:100CB000FFFFFFFFFFFFFFFFFFFFFFFFFFFFFFFF44
:100CC000FFFFFFFFFFFFFFFFFFFFFFFFFFFFFFFF34
:100CD000FFFFFFFFFFFFFFFFFFFFFFFFFFFFFFFF24
:100CE000FFFFFFFFFFFFFFFFFFFFFFFFFFFFFFFF14
:100CF000FFFFFFFFFFFFFFFFFFFFFFFFFFFFFFFF04
:100D0000FFFFFFFFFFFFFFFFFFFFFFFFFFFFFFFFF3
:100D1000FFFFFFFFFFFFFFFFFFFFFFFFFFFFFFFFE3
:100D2000FFFFFFFFFFFFFFFFFFFFFFFFFFFFFFFFD3
:100D3000FFFFFFFFFFFFFFFFFFFFFFFFFFFFFFFFC3
:100D4000FFFFFFFFFFFFFFFFFFFFFFFFFFFFFFFFB3
:100D5000FFFFFFFFFFFFFFFFFFFFFFFFFFFFFFFFA3
:100D6000FFFFFFFFFFFFFFFFFFFFFFFFFFFFFFFF93
:100D7000FFFFFFFFFFFFFFFFFFFFFFFFFFFFFFFF83
:100D8000FFFFFFFFFFFFFFFFFFFFFFFFFFFFFFFF73
:100D9000FFFFFFFFFFFFFFFFFFFFFFFFFFFFFFFF63
:100DA000FFFFFFFFFFFFFFFFFFFFFFFFFFFFFFFF53
:100DB000FFFFFFFFFFFFFFFFFFFFFFFFFFFFFFFF43
:100DC000FFFFFFFFFFFFFFFFFFFFFFFFFFFFFFFF33
:100DD000FFFFFFFFFFFFFFFFFFFFFFFFFFFFFFFF23
:100DE000FFFFFFFFFFFFFFFFFFFFFFFFFFFFFFFF13
:100DF000FFFFFFFFFFFFFFFFFFFFFFFFFFFFFFFF03
:100E0000FFFFFFFFFFFFFFFFFFFFFFFFFFFFFFFFF2
:100E1000FFFFFFFFFFFFFFFFFFFFFFFFFFFFFFFFE2
:100E2000FFFFFFFFFFFFFFFFFFFFFFFFFFFFFFFFD2
:100E3000FFFFFFFFFFFFFFFFFFFFFFFFFFFFFFFFC2
:100E4000FFFFFFFFFFFFFFFFFFFFFFFFFFFFFFFFB2
:100E5000FFFFFFFFFFFFFFFFFFFFFFFFFFFFFFFFA2
:100E6000FFFFFFFFFFFFFFFFFFFFFFFFFFFFFFFF92
:100E7000FFFFFFFFFFFFFFFFFFFFFFFFFFFFFFFF82
:100E8000FFFFFFFFFFFFFFFFFFFFFFFFFFFFFFFF72
:100E9000FFFFFFFFFFFFFFFFFFFFFFFFFFFFFFFF62
:100EA000FFFFFFFFFFFFFFFFFFFFFFFFFFFFFFFF52
:100EB000FFFFFFFFFFFFFFFFFFFFFFFFFFFFFFFF42
:100EC000FFFFFFFFFFFFFFFFFFFFFFFFFFFFFFFF32
:100ED000FFFFFFFFFFFFFFFFFFFFFFFFFFFFFFFF22
:100EE000FFFFFFFFFFFFFFFFFFFFFFFFFFFFFFFF12
:100EF000FFFFFFFFFFFFFFFFFFFFFFFFFFFFFFFF02
:100F0000FFFFFFFFFFFFFFFFFFFFFFFFFFFFFFFFF1
:100F1000FFFFFFFFFFFFFFFFFFFFFFFFFFFFFFFFE1
:100F2000FFFFFFFFFFFFFFFFFFFFFFFFFFFFFFFFD1
:100F3000FFFFFFFFFFFFFFFFFFFFFFFFFFFFFFFFC1
:100F4000FFFFFFFFFFFFFFFFFFFFFFFFFFFFFFFFB1
:100F5000FFFFFFFFFFFFFFFFFFFFFFFFFFFFFFFFA1
:100F6000FFFFFFFFFFFFFFFFFFFFFFFFFFFFFFFF91
:100F7000FFFFFFFFFFFFFFFFFFFFFFFFFFFFFFFF81
:100F8000FFFFFFFFFFFFFFFFFFFFFFFFFFFFFFFF71
:100F9000FFFFFFFFFFFFFFFFFFFFFFFFFFFFFFFF61
:100FA000FFFFFFFFFFFFFFFFFFFFFFFFFFFFFFFF51
:100FB000FFFFFFFFFFFFFFFFFFFFFFFFFFFFFFFF41
:100FC000FFFFFFFFFFFFFFFFFFFFFFFFFFFFFFFF31
:100FD000FFFFFFFFFFFFFFFFFFFFFFFFFFFFFFFF21
:100FE000FFFFFFFFFFFFFFFFFFFFFFFFFFFFFFFF11
:100FF000FFFFFFFFFFFFFFFFFFFFFFFFFFFFFFFF01
:10100000D1002043ED15006000000000000000004A
:10101000201000600010006000E800600000000088
:101020000000006000F4000000000000FFFFFFFF70
:10103000FFFFFFFFFFFFFFFFFFFFFFFFFFFFFFFFC0
:10104000FFFFFFFFFFFFFFFFFFFFFFFFFFFFFFFFB0
:10105000FFFFFFFFFFFFFFFFFFFFFFFFFFFFFFFFA0
:10106000FFFFFFFFFFFFFFFFFFFFFFFFFFFFFFFF90
:10107000FFFFFFFFFFFFFFFFFFFFFFFFFFFFFFFF80
:10108000FFFFFFFFFFFFFFFFFFFFFFFFFFFFFFFF70
:10109000FFFFFFFFFFFFFFFFFFFFFFFFFFFFFFFF60
:1010A000FFFFFFFFFFFFFFFFFFFFFFFFFFFFFFFF50
:1010B000FFFFFFFFFFFFFFFFFFFFFFFFFFFFFFFF40
:1010C000FFFFFFFFFFFFFFFFFFFFFFFFFFFFFFFF30
:1010D000FFFFFFFFFFFFFFFFFFFFFFFFFFFFFFFF20
:1010E000FFFFFFFFFFFFFFFFFFFFFFFFFFFFFFFF10
:1010F000FFFFFFFFFFFFFFFFFFFFFFFFFFFFFFFF00
:10110000FFFFFFFFFFFFFFFFFFFFFFFFFFFFFFFFEF
:10111000FFFFFFFFFFFFFFFFFFFFFFFFFFFFFFFFDF
:10112000FFFFFFFFFFFFFFFFFFFFFFFFFFFFFFFFCF
:10113000FFFFFFFFFFFFFFFFFFFFFFFFFFFFFFFFBF
:10114000FFFFFFFFFFFFFFFFFFFFFFFFFFFFFFFFAF
:10115000FFFFFFFFFFFFFFFFFFFFFFFFFFFFFFFF9F
:10116000FFFFFFFFFFFFFFFFFFFFFFFFFFFFFFFF8F
:10117000FFFFFFFFFFFFFFFFFFFFFFFFFFFFFFFF7F
:10118000FFFFFFFFFFFFFFFFFFFFFFFFFFFFFFFF6F
:10119000FFFFFFFFFFFFFFFFFFFFFFFFFFFFFFFF5F
:1011A000FFFFFFFFFFFFFFFFFFFFFFFFFFFFFFFF4F
:1011B000FFFFFFFFFFFFFFFFFFFFFFFFFFFFFFFF3F
:1011C000FFFFFFFFFFFFFFFFFFFFFFFFFFFFFFFF2F
:1011D000FFFFFFFFFFFFFFFFFFFFFFFFFFFFFFFF1F
:1011E000FFFFFFFFFFFFFFFFFFFFFFFFFFFFFFFF0F
:1011F000FFFFFFFFFFFFFFFFFFFFFFFFFFFFFFFFFF
:10120000FFFFFFFFFFFFFFFFFFFFFFFFFFFFFFFFEE
:10121000FFFFFFFFFFFFFFFFFFFFFFFFFFFFFFFFDE
:10122000FFFFFFFFFFFFFFFFFFFFFFFFFFFFFFFFCE
:10123000FFFFFFFFFFFFFFFFFFFFFFFFFFFFFFFFBE
:10124000FFFFFFFFFFFFFFFFFFFFFFFFFFFFFFFFAE
:10125000FFFFFFFFFFFFFFFFFFFFFFFFFFFFFFFF9E
:10126000FFFFFFFFFFFFFFFFFFFFFFFFFFFFFFFF8E
:10127000FFFFFFFFFFFFFFFFFFFFFFFFFFFFFFFF7E
:10128000FFFFFFFFFFFFFFFFFFFFFFFFFFFFFFFF6E
:10129000FFFFFFFFFFFFFFFFFFFFFFFFFFFFFFFF5E
:1012A000FFFFFFFFFFFFFFFFFFFFFFFFFFFFFFFF4E
:1012B000FFFFFFFFFFFFFFFFFFFFFFFFFFFFFFFF3E
:1012C000FFFFFFFFFFFFFFFFFFFFFFFFFFFFFFFF2E
:1012D000FFFFFFFFFFFFFFFFFFFFFFFFFFFFFFFF1E
:1012E000FFFFFFFFFFFFFFFFFFFFFFFFFFFFFFFF0E
:1012F000FFFFFFFFFFFFFFFFFFFFFFFFFFFFFFFFFE
:10130000FFFFFFFFFFFFFFFFFFFFFFFFFFFFFFFFED
:10131000FFFFFFFFFFFFFFFFFFFFFFFFFFFFFFFFDD
:10132000FFFFFFFFFFFFFFFFFFFFFFFFFFFFFFFFCD
:10133000FFFFFFFFFFFFFFFFFFFFFFFFFFFFFFFFBD
:10134000FFFFFFFFFFFFFFFFFFFFFFFFFFFFFFFFAD
:10135000FFFFFFFFFFFFFFFFFFFFFFFFFFFFFFFF9D
:10136000FFFFFFFFFFFFFFFFFFFFFFFFFFFFFFFF8D
:10137000FFFFFFFFFFFFFFFFFFFFFFFFFFFFFFFF7D
:10138000FFFFFFFFFFFFFFFFFFFFFFFFFFFFFFFF6D
:10139000FFFFFFFFFFFFFFFFFFFFFFFFFFFFFFFF5D
:1013A000FFFFFFFFFFFFFFFFFFFFFFFFFFFFFFFF4D
:1013B000FFFFFFFFFFFFFFFFFFFFFFFFFFFFFFFF3D
:1013C000FFFFFFFFFFFFFFFFFFFFFFFFFFFFFFFF2D
:1013D000FFFFFFFFFFFFFFFFFFFFFFFFFFFFFFFF1D
:1013E000FFFFFFFFFFFFFFFFFFFFFFFFFFFFFFFF0D
:1013F000FFFFFFFFFFFFFFFFFFFFFFFFFFFFFFFFFD
:10140000824205D051F8043B40F8043B8242F9D8AF
:10141000704700BF044A05494FF0000342F8043BFF
:101420009142FBD8704700BFC01A0020C02C00209A
:1014300080B5BFF34F8F00F0D5F9534C534B0820C4
:101440005349C3F85401534AC3F800115248C3F832
:10145000F0405249FFF7D4FF514A52495248FFF732
:10146000CFFF524CFFF7D6FF4FF470004FF0E02152
:1014700000234F4AC1F8880D44F823200133B02BD4
:10148000FAD14C4B80214C4A03F8011B9342FBD10B
:101490004FF0E025494F4A4A4FF0FF31C5F8084D5B
:1014A0000026D5F8243D43F4E023C5F8243DFB692C
:1014B00023F07F0343F04003FB617B6A23F07F034B
:1014C00043F040037B629166D1661167516700F07B
:1014D00091F93C4B63223C49A3633C4BE3630323F8
:1014E0006A613B4AAE612B61C5F8202DD5F8FC2D11
:1014F000384B42F08072C5F8FC2D1A6842F00102A8
:101500001A605B680B6000F0FFF9334800F074FB71
:10151000F96E324B324A41F44051F9661E60C3F80D
:101520000861C3F81861C3F82861C3F83861936B88
:10153000DB0708D442F615632A4951651365936B9E
:1015400043F001039363264A274C936843F0011349
:10155000936000F01DF900F05BFB00F003FA00F06F
:1015600043F92368132BFCD900F094FA2368B3F5F0
:10157000967FFBD300F03CF900F038F900F040FB17
:1015800000F02EFB30BFFDE70C0D111300800D4065
:101590001B10182050AD000000000000801E0060ED
:1015A000C01A0020D4CB00600000002000180020EA
:1015B0002925000000E400E0A0E400E000C00F40A6
:1015C00000C00A4081410000D02A0020854100006F
:1015D00000002020001000E00046C3230040084027
:1015E00000400D400000C056D42A0020054B4FF4A7
:1015F0002A01054A05485A641864054A99639546C4
:10160000FFF716FF00C00A40AFAAAAAA07002000F1
:101610000000072043690A4A03EB011010B4037A63
:10162000084C02EB0313D3E901321460C2681A605C
:1016300003690BB142691A605DF8044B704700BF43
:101640001807002061F801004369027E03EB0212D3
:1016500092F808C08C451CD01A7AFF2A19D0914202
:1016600010B5044616D01A7EFF2A06D00121D3E910
:10167000002312681A4201D1217610BD064B0522C3
:10168000204603EB0C135B681A60FFF7C3FF21765B
:10169000F3E770470021EAE71807002043690A4A88
:1016A00003EB011010B490F82830084C02EB031340
:1016B000D3E901321460C26A1A60036B0BB1426B4A
:1016C0001A605DF8044B70471807002061F80100AC
:1016D0004369427E03EB021292F828C08C451ED06B
:1016E00093F82820FF2A1AD0914210B5044617D04B
:1016F00093F83820FF2A06D00121D3E9002312688D
:101700001A4201D1617610BD064B0522204603EB3B
:101710000C135B681A60FFF7C1FF6176F3E770474F
:101720000021EAE718070020164942698B6B23F471
:101730007C0343F4802370B58B630446124DD2E9D9
:1017400000130A681A4303690A60022200211A6121
:101750000E4A19619A6401225A629D624FF4303533
:10176000DD624FF001159E6C1E6519629D651A6160
:10177000017EFFF74FFF617E2046BDE87040FFF716
:101780008DBF00BF00C00F40B80B05053B372819BF
:10179000104BA020104AD96E41F4403110B4D966E4
:1017A00040F23764D96E41F44071D9665464906454
:1017B000936C1B06FCD4094A40F23761A0235164A4
:1017C0009364936C13F08003FBD1054A13705DF8AA
:1017D000044B704700C00F4000400C4000800C409C
:1017E000752C0020704700BF704700BF704700BFD6
:1017F00000BF704710B44FF0E0230021102432489E
:10180000C3F8941DC3F89C4D1124C3F8A00D2F48B4
:10181000C3F89C4D1224C3F8A00D2D48C3F89C4D6D
:101820002C4AC3F8A00D2C4C42F015022B48C3F8EB
:101830009C4DC3F8A00D2A4C2A48C3F89C4DC3F810
:10184000A00D294CC3F89C2D2848294AC3F8A04D67
:10185000C3F89C0DC3F8A02D02F5A022254C0C3234
:101860002548C3F89C4DC3F8A02D244AC3F89C0D0D
:10187000C3F8A02D02F14062214C02322148C3F886
:101880009C4DC3F8A02D0A32C3F89C0DC3F8A02DBF
:1018900000BF00BF00BF00BF00BF0122C3F8942DEE
:1018A000BFF34F8FBFF36F8FC3F8501FBFF34F8F3E
:1018B000BFF36F8FD3F8142D5DF8044B42F4403220
:1018C000C3F8142D704700BF3F0000102500080723
:1018D00009001000C02C0020130020002100020786
:1018E0001400002025000813090000101600202015
:1018F00027000B1317000040180000602F000B0793
:10190000190000701A000080F0B4154A40274FF407
:1019100080314FF480564FF400554FF4404443F269
:101920004200136913F0020F0ED113F4005F0FD0C1
:1019300013F4805F0ED0002BF3DA13F4803F0BD149
:101940005B060BD5F0BC7047946151619061E8E78C
:101950005561E6E75661E4E79161E2E75761E0E748
:1019600000800D403F4A03203F49F3EE095AD2F868
:1019700080304FF0000C9FED3D6A23F001039FED96
:101980003C5A30B4C2F88030C2F89000D1F8E01070
:10199000384DCBB2384C39482B6007EE903A0B0DDE
:1019A000C1F30B21F8EEE77A06EE903A07EE101A33
:1019B000334BB8EEC77A2160F8EEE66A314937EE6C
:1019C000C66A37EEC55A76EEC76A77EEE57A26EE36
:1019D000266AC3ED006A25EE265AD2F8803067EEFB
:1019E000A64AC0ED007AC6EE275A274885EE276A38
:1019F000C4EEA76A75EE875AFCEEE55A36EE076A22
:101A000015EE904ABCEEC66A43EA045376EE877A36
:101A1000C2F8803016EE103AD2F89041FCEEE77A28
:101A200001EA0341214317EE903AC2F89011C3F343
:101A30000B03D2F890110B431449C2F89031D2F83D
:101A4000803043F00203C2F88030114B80F840C070
:101A5000C1F840314FF0E023012230BCC3F8082127
:101A6000704700BF00810D4000441F400000AA42A3
:101A70000000B442902A00208C2A0020942A0020E2
:101A8000982A00200000FF0F00E400E0001800206A
:101A900011270000314B40F6617210B5C3F82021C8
:101AA00040F2044400F0A4F82D4A2E49D2F88030C8
:101AB0002D4843F00303C2F880302C4BC1F860413D
:101AC00002681A4203D1D1F8A8319A071BD0254ADF
:101AD0004FF00041244B5963D2F8403143F00203E8
:101AE000C2F84031D2F840319B07FBD44FF40030AC
:101AF0004FF0E0211C4B4FF00042C1F88C0219203E
:101B00009A6300F071F8184A4FF08040154C00219C
:101B100090630A20164B11604FF42072C4F8A8019C
:101B2000184600F071F84FF4800203464FF481002C
:101B300040F243111860C4F858311A640D4B0E4A34
:101B4000C4F84811C3F804224FF0E0224FF40031EA
:101B50000123C2F80C11C4F8403110BD00800D40C3
:101B600000C00F4000002E4000900D40001C1E00E1
:101B700000000020001800203129000008B50E4B9D
:101B80001B6E9B0700D4FBBE72B60C4B00200C4AA8
:101B9000C3F8400103F160430A49A3F55F231164D0
:101BA0009D46BFF34F8F4FF400130748074ADB6988
:101BB00002609B68984700BF00441F4000002E4011
:101BC00000C00A400300200000802020000012EB2B
:101BD000F8B500BFF8BC08BC9E4670470000000086
:101BE0005FF800F0112200005FF800F02D200000E7
:101BF0005FF800F06D3000005FF800F03D1D000060
:101C00005FF800F0015A00005FF800F0155800007E
:101C10005FF800F035240000450000005513000077
:101C200080C00F40000000031900000010000000F9
:101C3000E8841F4001000000FF000000FF000000DA
:101C4000000000000000000018000000100000006C
:101C5000E4841F4001000000FF000000FF000000BE
:101C600000000000000000001F000000691B0000D1
:101C700070C00F40000C00001100000011000000B7
:101C8000E0841F4002000000240000001200000059
:101C9000E0841F400100000010000000110000005F
:101CA000DC841F400200000025000000120000003C
:101CB000DC841F40010000001E0000005D1B0000CE
:101CC00070C00F40C00000001200000013000000B0
:101CD000D0841F4001000000FF000000FF00000052
:101CE00000000000000000001300000013000000CE
:101CF000CC841F4001000000FF000000FF00000036
:101D000000000000000000001C000000511B00004B
:101D100018035400650065006E0073007900200010
:101D20004D00490044004900180354006500650057
:101D30006E00730079006400750069006E006F002A
:101D40000403090409029500030100C032080B00D6
:101D50000202020100090400000102020100052440
:101D600000100105240101010424020605240600D7
:101D7000010705820310001009040100020A000097
:101D80000007050302400000070583024000000928
:101D900004020002010300000724010001250006DF
:101DA00024020101000624020202000924030103A7
:101DB00001020100092403020401010100090504D4
:101DC00002400000000005250101010905840240D0
:101DD0000000000005250101030000000902950034
:101DE000030100C032080B000202020100090400D6
:101DF0000001020201000524001001052401010177
:101E000004240206052406000107058203100005CC
:101E100009040100020A0000000705030200020095
:101E2000070583020002000904020002010300000A
:101E300007240100012500062402010100062402F6
:101E40000202000924030103010201000924030224
:101E5000040101010009050402000200000005253B
:101E600001010109058402000200000005250101AD
:101E7000030000000A060002EF020140010000001A
:101E80000000000000000000000000000000000052
:101E90000000000000000000000000000000000042
:101EA0000548064B1B1AD90F01EBA301491002D0BC
:101EB000034B03B118477047C01A0020C01A002016
:101EC0000000000008B5054B1BB105490548AFF3FC
:101ED0000080BDE80840FFF7E3BF00BF000000003E
:101EE000B41F002000F400600022002110B440F66E
:101EF000FF744160C260446201615DF8044B82601E
:101F00000260C0E90722C0E9052270470000000016
:101F1000A2F2FF7300EE903AA1F2FF732DE9F041B7
:101F200000EE103AF8EEE00A05460C46B8EEC00A9C
:101F30001646D0E90587C0E90512C0E9078704F015
:101F400083F8B7EEC07A29689FED3F4B9FED406B59
:101F50009FED415B37EE047B27EE067B87EE056B3A
:101F6000FDEEC67B17EE903A5A1A82EAE270A0EBB9
:101F7000E270B0F5006F04DB002A5BDD01F6FF7153
:101F80005A1AD5ED016AA4EB0801B6EE006A70EEAC
:101F9000666A07EE901AF11BF8EEE77AB7EEE65A9A
:101FA00007EE101A9FED284BB8EEC77AF0EEE77AED
:101FB000B4EEC45BB0EEC77AF1EE10FAC7FEC77A92
:101FC00067EE867A07DD9FED246B35EE465BF7EE14
:101FD000C56BB7EEE65A9FED224BB4EEC45BF1EE53
:101FE00010FA05D59FED1C6B35EE065BF7EEC56B61
:101FF000F5EEC06A95ED047AF1EE10FA48BFF1EE05
:10200000677A77EE877AF5EEC07AF1EE10FA16D499
:10201000BBFE677ABDEEC77AF8EEC76A85ED037A34
:10202000AA602B6077EEE67A85ED010AC5ED047AA9
:10203000BDE8F081C91A40F6FF72521AA1E7BAFE54
:10204000677ABDEEC77AE7E7182D4454FB210940B3
:102050000000000000FEAF40182D4454FB21194041
:10206000182D4454FB2109C038B504460D464822BA
:10207000034902F015F8204684F8485038BD00BFE7
:102080007003002070B590F8483001440C4C16469F
:1020900001255B0091F83010204684F8A53084F8C3
:1020A000305184F82F5101F0E5FA3146204601F015
:1020B000E1FA29462046BDE8704001F0B3BB00BFFD
:1020C000D00B002070B590F8483016460B4C012517
:1020D0005B00415C204684F8305184F8A53084F8D8
:1020E0002F5101F0C7FA3146204601F0C3FA2946C4
:1020F0002046BDE8704001F095BB00BFD00B00202A
:1021000070B590F8483001440B4C164601255B0031
:10211000097E204684F8A53084F8305184F82F5188
:1021200001F0A8FA3146204601F0A4FA29462046DB
:10213000BDE8704001F076BBD00B002070B50646BC
:102140000125164CFE2196F84830204684F830517F
:10215000AB4084F82F5184F8A53001F08BFAC521EB
:10216000204601F087FA2946204601F05BFB96F8ED
:102170004830FD212046AB4084F8305184F82F517F
:1021800084F8A53001F076FA0021204601F072FAB9
:1021900029462046BDE8704001F044BBD00B00202A
:1021A000F8B5012590F84830204C0646AB400F4664
:1021B0002046FE2184F8A53084F8305184F82F5150
:1021C00001F058FAC521204601F054FA294620466C
:1021D00001F028FB96F84830FD212046AB4084F8FA
:1021E000305184F82F5184F8A53001F043FA294684
:1021F000204601F03FFA2946204601F013FB96F8ED
:102200004830E0212046AB4084F8305184F82F510B
:1022100084F8A53001F02EFA3946204601F02AFA5A
:1022200029462046BDE8F84001F0FCBAD00B00205A
:10223000F8B5012590F84830204C0646AB400F46D3
:102240002046FE2184F8A53084F8305184F82F51BF
:1022500001F010FAC521204601F00CFA294620466B
:1022600001F0E0FA96F84830FD212046AB4084F8B2
:10227000305184F82F5184F8A53001F0FBF929463C
:10228000204601F0F7F92946204601F0CBFA96F8EE
:10229000483051212046AB4084F8305184F82F510A
:1022A00084F8A53001F0E6F93946204601F0E2F95C
:1022B00029462046BDE8F84001F0B4BAD00B002012
:1022C00070B506460125214CFE2196F8483020467F
:1022D00084F83051AB4084F82F5184F8A53001F0D8
:1022E000C9F9C521204601F0C5F92946204601F06B
:1022F00099FA96F84830FD212046AB4084F83051D9
:1023000084F82F5184F8A53001F0B4F9294620460D
:1023100001F0B0F92946204601F084FA96F84830D9
:102320008F212046AB4084F8305184F82F5184F837
:10233000A53001F09FF9AE21204601F09BF9294616
:102340002046BDE8704001F06DBA00BFD00B002000
:10235000F8B5012590F84830204C0646AB400F46B2
:102360002046FE2184F8A53084F8305184F82F519E
:1023700001F080F9C521204601F07CF9294620466C
:1023800001F050FA96F84830FD212046AB4084F821
:10239000305184F82F5184F8A53001F06BF92946AB
:1023A000204601F067F92946204601F03BFA96F8ED
:1023B000483050212046AB4084F8305184F82F51EA
:1023C00084F8A53001F056F93946204601F052F95B
:1023D00029462046BDE8F84001F024BAD00B002081
:1023E000F8B5012590F84830204C0646AB400F4622
:1023F0002046FE2184F8A53084F8305184F82F510E
:1024000001F038F9C521204601F034F9294620466B
:1024100001F008FA96F84830FD212046AB4084F8D8
:10242000305184F82F5184F8A53001F023F9294662
:10243000204601F01FF92946204601F0F3F996F8ED
:10244000483060212046AB4084F8305184F82F5149
:1024500084F8A53001F00EF93946204601F00AF95A
:1024600029462046BDE8F84001F0DCB9D00B002039
:102470002DE9F041012690F84830234C0746B3403F
:1024800088462046FE2184F8A530354684F8306120
:1024900084F82F6101F0EEF8C521204601F0EAF83A
:1024A0003146204601F0BEF997F84830FD2120461C
:1024B000B34084F8306184F82F6184F8A53001F0CE
:1024C000D9F83146204601F0D5F83146204601F0D2
:1024D000A9F997F848302946013520465B0084F871
:1024E0003061EDB284F82F6184F8A53001F0C2F8B4
:1024F0004146204601F0BEF80121204601F092F944
:10250000492DE6D1BDE8F081D00B002002680B68B0
:102510009A4203DCB4BF0120002070474FF0FF3027
:10252000704700BF9DF800C0521AACEB030C21D0DD
:10253000411ABCF1000F0CFB01F011460CDB002A24
:10254000B8BF511C00EB610191FBF2F001FB02F2FC
:102550001844002A16DB7047002AB8BF511CA0EBB4
:10256000610191FBF2F001FB02F21844002AF2DB58
:1025700001307047BCF1000FB8BF0CF1010C03EB48
:102580006C007047013870472DE9F04182B0054674
:102590000C46D8309DF8281090461F46214E0191D8
:1025A000FFF7A2FC019905F58070FFF75DFD089B20
:1025B0000022C5F8CC406B600024099B6A610122AF
:1025C0002B6033682A772B6233682C61C5F8C430DE
:1025D000AC61AC60EC606C62C5E9348701F0BAFCB8
:1025E00033684FF664724FF0F041C5F8C0302B46A7
:1025F000AA8505F14802C5F8C800A96283F83040F1
:10260000033383F82C4083F82B4083F8754083F81C
:10261000744083F873409342F0D1284602B0BDE87D
:10262000F08100BFD42A002070B5044690F9D41080
:10263000D0F8CC0000F0C6FE4FF0FF31D4F8CC004B
:1026400004F5807500F0E2FE06464FF0FF31D4F845
:10265000D00000F0DBFE3146024604F1D800FFF75F
:1026600057FC2846FFF72CFE142001F01FFC2846DB
:102670000121FFF76DFE28460121FFF791FD284655
:102680001621FFF7ADFE28460521FFF7D1FD2846AC
:10269000FF21FFF7EDFE2846BDE87040FFF74EBD75
:1026A00038B5044690F9D410D0F8CC0000F08AFE7A
:1026B0004FF0FF31D4F8CC0000F0A8FE05464FF0F3
:1026C000FF31D4F8D00000F0A1FE2946024604F103
:1026D000D800BDE83840FFF71BBC00BF03784A04B0
:1026E000013B02F0FE421B0203F470631343426895
:1026F000120402F4FE0270B513434BF20B040646BB
:102700000D4643EA040002F0AFFD706832782D06F2
:102710002030531E05F0FE4500041B0200F4FE00AD
:1027200003F47063284318432043BDE8704002F06F
:102730009BBD00BF03698B4210B536DA1622374CB9
:1027400002FB03F303F2FF7384FB032CDA17002B65
:102750009C44324BC2EBEC224FF0160C0CFB01FCFC
:10276000B8BF02F1FF320CF2FF7CD2B283FB0C3E09
:10277000E6444FEAEE2E0CE090F82BC0034483F8B9
:1027800076C090F82CC083F877C090F82DC083F8FD
:1027900078C0C2F1170302F1010C724503EB430349
:1027A0005FFA8CF2E8DB016110BD4FF0160C1B4A9A
:1027B00016240CFB01FC0CF2FF7C82FB0C2EBCF1FE
:1027C000000F4FEAEC72E64404FB03FC134B0CF2DF
:1027D000FF7CC2EBEE2283FB0C3EB8BF02F1FF325E
:1027E000E644D2B24FEAEE2E0CE090F82BC0034440
:1027F00083F876C090F82CC083F877C090F82DC08D
:1028000083F878C0C2F1170302F1010C724503EBA3
:1028100043035FFA8CF2E8DB016110BD81000880A0
:1028200001F1FF3C10B5D0F8D440A44529D004688C
:10283000A14225D12949D0F8C0400968091B632964
:102840001ED941688A4233D020318A4218D11A46B3
:102850008368C26002EBC31341F6FF722049C3EBE9
:1028600003331A4481FB0213D117002A1344C1EB2E
:102870006331BDE81040B8BF01F1FF31FFF75ABF27
:1028800010BD3F244FF0FF0E1EFB034E154CA4FB62
:102890000E4CA2F16504AEEB0C0E0CEB5E0CCCF30F
:1028A000871C052CC3D8DFE804F0090C0F121506AD
:1028B000C2688360CEE780F82AC0B8E780F82BC0F2
:1028C000B5E780F82CC0B2E780F82DC0AFE780F8FC
:1028D00028C0ACE780F829C0A9E700BFD42A0020AF
:1028E00009000280110804022DE9F0478CB004466B
:1028F000884690F9D41007AED0F8CC00914602ADCE
:1029000000F060FDB2464FF0FF31D4F8CC003746FE
:1029100000F07CFD4FF0FF31D4F8D00000F076FDE0
:102920004FF0FF31D4F8CC0000F070FD03464FF0BB
:10293000FF31D4F8D00045F8043B00F067FDAF420A
:1029400046F8040BECD102A8684B0422052104F0E0
:10295000A9F9664B50460422052104F0A3F9099A0F
:10296000049904F1D800FFF7D3FAD4F8E46094EDA9
:10297000057A86EAE673DFED5E6AB5EEC07AD4F8D2
:10298000C820A3EBE673A9EB0205F1EE10FA07EEFF
:10299000903AF8EEE77AB8BF9FED567A77EE877AED
:1029A000F4EEE67AF1EE10FA0ED5237FC4ED057A47
:1029B00073B1B7EE007AF4EEC77AF1EE10FA18DCD4
:1029C000A3693344A3613CE0237FC4ED056A83B966
:1029D000636A33446362002B4ED1226AA8EB020281
:1029E000B2F5967F0AD9A3610123DFED427A2377FE
:1029F00027E00023C4F82080237763622369002145
:102A0000A269A1619919114481F30C018B4216D07E
:102A10002046C4F8C080FFF78DFE2369364AC3EB19
:102A2000833303F2FF7382FB0312D917002B1A447E
:102A3000C1EBE221B8BF01F1FF31FFF74FFED4ED4A
:102A4000057A07EE105A9FED2D6AD4F8D450B8EEEF
:102A5000477AC4E93189C7EE066A77EEE67AF5EE81
:102A6000C07AF1EE10FAB8BFDFED227AC4ED057A34
:102A70003DB10CB0BDE8F0870023C4F8208063624C
:102A8000BCE7049A29461E4800F04AFAD4F8D4104C
:102A9000099A1C4800F044FAD4ED057A9FED1A7AA1
:102AA0004FF47A63217F67EE877A81F00101F5EEBA
:102AB000C07A03FB01F1F1EE10FA03DBFDEEE77AD9
:102AC00017EE905A236A2A461048A8EB0303B3F581
:102AD000167F28BF4FF416730093642306FB03F39D
:102AE00000F036FA0CB0BDE8F08700BF8D0600009C
:102AF00000002042000000008100088000409C454A
:102B0000D0030020DC0300200000C842E8030020BE
:102B100000232DE9F04F80F8783083B080F87730CB
:102B2000044680F87630A0F1450A90F82B800546DF
:102B300090F82C7090F82D6090F8281090F82920CB
:102B400090F82A3095F8BB90033D95F8BFE0A9F1C5
:102B5000280995F8C0C0AEF1280E8945ACF1280CC3
:102B6000B8BF89469645B8BF96469C4585F8BE9045
:102B7000B8BF9C4685F8BFE085F8C0C05545E1D197
:102B8000D0ED047AB3EE067ADFEDC15AF8EEE76ACB
:102B90009FEDC06A0196C6EEA57A67EE877AFDEED4
:102BA000E76AFBFE675A37EE657AF8EEE66ABDEE35
:102BB000C77A77EEE67A17EE10CA67EE867ABCF12E
:102BC000000FFDEEE77A17EE90EACEF1FF0540F335
:102BD000DA80A8EB0108B8F1000F08FB0EF9C0F28B
:102BE0000D8109F17F09DFF8B0A28AFB09BA4FEA2B
:102BF000E97BB9F1000FCA44CBEBEA1A8A44C0F270
:102C00001081BF1A0CEB4C094FEA4C0B8144002F8A
:102C100089F876A007FB0EFAC0F21F810AF17F0A3D
:102C2000DFF8749289FB0A69BAF1000F09EB0A0612
:102C30004FEAEA79C9EBE6199144C0F2F880019EA7
:102C40000BEB0C0AF61A8244002E06FB0EFE8AF8E5
:102C50007790C0F2EF800EF17F0EDFF83C9289FB97
:102C60000EA94FEAEE7ABEF1000FF144CAEBE91962
:102C70009944C0F2D9800BEB0C0EB8F1000F8644DA
:102C80008EF8789008FB05FEC0F287800EF17F0E6B
:102C9000DFF8048288FB0E984FEAEE79BEF1000F50
:102CA000F044C9EBE8188844C0F2EF800CF1010C45
:102CB000002F07FB05FE0CEB4C01014481F87680E8
:102CC0004FEA4C01C0F289800EF17F07DFF8C8E1BE
:102CD0008EFB078E4FEAE778002FBE44C8EBEE1E4E
:102CE0007244C0F2D08001EB0C07002E06FB05F504
:102CF000074487F8772063DB05F17F02664D85FB8B
:102D00000265D617002A1544C6EBE5152B44C0F220
:102D1000B8806144002500F58077014481F878305F
:102D200094F87620EEB294F82E30384601353146CC
:102D3000934205D0FFF7C6F994F8763084F82E3028
:102D400094F87720314694F82F303846934205D0D6
:102D5000FFF7D6F994F8773084F82F3094F878207C
:102D6000314694F830303846934205D0FFF78AF95F
:102D700094F8783084F83030182D04F10304CFD162
:102D800003B0BDE8F08FA8EB0108F61ABF1AB8F13E
:102D9000000F08FB05FEBFF679AFAEF17F0EDFF83E
:102DA000F88088FB0E984FEAEE79BEF1000FF044F0
:102DB000C9EBE8188844FFF679AF08F1010875E718
:102DC0007F3D354A82FB0562EE17002D2A44C6EB93
:102DD000E21213449DDB01339BE7AEF17F07DFF87E
:102DE000B8E08EFB078E4FEAE778002FBE44C8EBB1
:102DF000EE1E7244FFF677AF013274E7A9F17F0946
:102E0000DFF894A08AFB09BA4FEAE97BB9F1000F19
:102E1000CA44CBEBEA1A8A44FFF6F3AE0AF1010A80
:102E2000EFE60AF1FF3AECE609F1FF3923E709F191
:102E3000FF3904E7AEF17F0EDFF85C9089FB0EA945
:102E40004FEAEE7ABEF1000FF144CAEBE91999445A
:102E5000FFF611AF09F101090DE7AAF17F0ADFF8CA
:102E6000389089FB0A69BAF1000F09EB0A064FEAAC
:102E7000EA79C9EBE6199144FFF6E1AE09F10109DF
:102E8000DDE6013B45E7013A2DE708F1FF380DE7A4
:102E900000F07F4500007F438180808001B970474A
:102EA0002DE9F0414FF41673322582B00C4615FB24
:102EB00002358D4202D802B0BDE8F081002390F8BF
:102EC0002B2006462046194600922A4606F58076B3
:102ED000FFF728FB16F8D42C1946804600922046AE
:102EE0002A46FFF71FFB16F8D31C07462A46009117
:102EF00020461946FFF716FB17215FFA88F20546B0
:102F00003046FFF7DFF83046FAB21721FFF7F8F83E
:102F10001721EAB2304602B0BDE8F041FFF7B2B87F
:102F20000FB400B5C3B0FF2144AB02A853F8042B83
:102F3000019304F0FBFA02A804F0E2FC014602A8A7
:102F400002F052FF43B05DF804EB04B0704700BFDD
:102F50000FB400B5C3B0FF2144AB02A853F8042B53
:102F6000019304F0E3FA02A804F0CAFC014602A8A7
:102F700002F03AFF034800F07DFD43B05DF804EB3A
:102F800004B07047C00B00202DE9F041084C074603
:102F90000E46154604F52668204604F5A6742B4611
:102FA00032463946FFF73CFC4445F5D1BDE8F08197
:102FB000CC1F00202DE9F8430C202E4D00F0CEFD53
:102FC000C82000F073FF2C4C2E6840F2EE282B4FE7
:102FD000DFF8CC9002F086FF2378002B3DD03B78C1
:102FE000DB073AD52B68D9F800209B1A0E2B34D971
:102FF00001210D2001F014F8214C224809F0D8FDE0
:103000002149204804F5266600F0F4FC204604F52A
:10301000A674FFF709FBB442F8D10221084600F07C
:10302000FFFF0221032000F0FBFF0221174800F000
:10303000D5FA0321164800F0D1FA0521134800F013
:1030400071FA0521124800F06DFA124912482A68F7
:10305000124B08601A60BDE8F8832B6822789B1B2E
:103060002AB1B3F5FA6FC3D802F03CFFB2E743458B
:10307000FAD9BDE7D42A0020822C0020812C002020
:10308000CC1F0020D00B0020801A0600B82A002098
:10309000A02A0020F82A002009110000801F00202B
:1030A000E42A00202DE9F043DFF8208183B0404A74
:1030B00098F8003015687BB3DFF81491D9F8003028
:1030C000EB1A0F2B5AD83B4F3968691AB1F5C86F04
:1030D00015D900244FF4A67688F80040DFF8D88090
:1030E00001E03968691A06FB0480E2B201340190FC
:1030F000FFF7D4FE0198FFF7D3FA082CF1D102F0C4
:10310000BBF8002002F05EF90028FAD1012003B0DC
:10311000BDE8F04300F0CABE274E06F526673446E8
:1031200000F018FF0246204604F5A6742946FFF772
:10313000DBFBBC42F4D1DFF89890D9F80030EB1AF1
:103140000F2B08D9304606F5A676FFF7E1FCBE4204
:10315000F8D1C9F80050194800F0E6F9184800F015
:10316000E3F9164800F024FAC8B9154800F020FA2F
:103170000028C4D0134802F077F8C0E70E4E0024B0
:103180000C4F3968E2B201343046691A06F5A6766A
:10319000FFF784FE082CF4D1C9F8005094E70A48E0
:1031A00002F062F8064800F003FA0028A7D0E1E731
:1031B000D42A0020801F0020CC1F0020B82A002025
:1031C000A02A00200BB56F7F0BB56E7F5A1500202B
:1031D0002C2A002070B555488AB000F0F1F9544807
:1031E00000F0EEF9534A00230E204FF0FF31079212
:1031F00007AA0891CDE9050304E012F9011F00298F
:10320000C0F290800133082BF7D108AD8DF824303F
:103210004FF0FF3605AC079B95E80300029600903F
:103220008DF80410444894E8060000F055F90F2189
:10323000002307AA0896CDE905133E49079103E04C
:1032400012F9011F00296FDB0133082BF8D18DF82B
:1032500024304FF0FF32079B95E8030002921025BF
:1032600000908DF80410354894E8060000F034F919
:103270000624642009210023304A00912E49CDE91B
:1032800001402F48FFF780F96E200A2101232B4AC5
:1032900000912949CDE901402A48FFF775F96C20D2
:1032A0000B210223254A00912349CDE901402648FC
:1032B000FFF76AF961200C210323204A00911E497F
:1032C000CDE901402148FFF75FF965200D21042376
:1032D0001A4A00911849CDE901401D48FFF754F9F9
:1032E00069200E210523154A00911349CDE90140BB
:1032F0001848FFF749F96D200F2123460F4A009126
:103300000D49CDE901401448FFF73EF96621072336
:103310000A4A00951148CDE901410749FFF734F900
:103320000AB070BDDBB270E7DBB290E7B82A0020CC
:10333000A02A0020141516FF841F00209C1F0020C7
:10334000CC1F00201821002064220020B023002080
:10335000FC2400204826002094270020E02800209C
:10336000F0B585B0054601AC9DF9287084E80E00E3
:103370000246FF21234602F8021B03CB1B78C5F847
:10338000020051600121137240F2FF122F73E972A3
:1033900069612A8253B16E183446012116F8010F73
:1033A00000F03EFE641BAB7AA342F5DC0121002F46
:1033B00001FA03F36B7002DB287B00F031FE284634
:1033C00005B0F0BD90F900308B4219D070B543784C
:1033D00005460E46994215DA837A017073B10024CE
:1033E000234646FA03F12B440134987801F0010199
:1033F00000F0DAFDAA7AE3B29A42F2D8002070BD5A
:10340000002070476FF0020070BD00BF70B50E1E47
:1034100004460BDA636933B3012B02D06FF001006D
:1034200070BD207C00F0EAFD00B270BD90F9003064
:10343000B342EFD043789E421ADA837A0670002BAB
:10344000E8D000252B4646FA03F12344013598784D
:1034500001F0010100F0A8FDA27AEBB29A42F2D885
:103460006369002BD8D1207C00F020FB00B270BD36
:103470006FF0020070BD00BF30B5044683B090F914
:1034800010006D46002885E806000ADB9DF9003033
:10349000834206D0637C012B16D00021C0B200F01D
:1034A000BFFD04F1100395E8030083E80300617C8D
:1034B00029B1207C00F0B4FD002003B030BD207C99
:1034C00000F072FD617CF4E7C0B2002100F06CFDF9
:1034D00094F91000E1E700BF82B030B585B0044632
:1034E00002AD099309AB85E806009DF930200092F2
:1034F0000ECBFFF735FF204695E80600FFF7BCFF2F
:10350000204605B0BDE8304002B0704708B5007DE8
:1035100000F074FD003818BF012008BDC8B2D1B258
:1035200000F07EBD0181704738B5837A044601689A
:1035300023F004031C4A83720B68934231D1007D4F
:1035400000F05CFD003818BF0120A37AC3F34002ED
:10355000904208D0154A83F002031268C3F380003A
:10356000A372626038BD114965680A68B4F808C082
:10357000521B624512D303F0010290420ED008683C
:1035800083F001030A68E56843F004030968521BED
:103590006060E16001202261A37238BDC3F3800046
:1035A00038BD9847D1E700BF8D160000D42A00200F
:1035B000807AC30754BFC0F380000020704700BF6B
:1035C00000224FF00A0C04494260A0F808C0827241
:1035D00001600275704700BF480400204FF0000CE6
:1035E000C9B203680E4A10B50175044680F80AC0D6
:1035F0001B6893420BD1084600F000FD18B1A37A76
:1036000043F00303A372074B1B68636010BD984728
:103610000028F8D0A37A43F00303A372F3E700BFB6
:103620008D160000D42A00200020704790F8A320B7
:1036300090F8A200101A704790F8A23090F8A320DA
:103640009A4205D95A1C034480F8A220987E7047FC
:103650004FF0FF30704700BF90F8A23090F8A320E1
:103660009A4202D91844807E70474FF0FF3070476D
:10367000704700BF0346B0F8300178B193F82F21AE
:10368000882A03D9012200205A60704702F1010CF8
:1036900001201A4483F82FC182F8A510704700BF9B
:1036A00038B5B0F830410CB9204638BD90F82F310C
:1036B0000546C3F18904A2420DD8144605F1A500C0
:1036C0002246184400F0ECFC95F82F3120462344A4
:1036D00085F82F3138BD01224260EFE72DE9F04F28
:1036E000D0F814A01524017E8146437E83B00AEBF6
:1036F0000111384A0AEB0313374F097A93F828303F
:1037000002EB01150901E86852F8018002EB031190
:10371000D5F804B01B01CE68D558CBF80040C8F8E6
:103720008400D8F804304A6803432C490192C8F851
:1037300004301460C5F884606B6833436B60284BB9
:103740004C683A68A3FB0232920C02EB82025200F0
:103750004B681B1B9A42FBD84FF0090C1F4ADFF83D
:1037600080E0D8F80830034202D0AB6833422FD152
:10377000C5F8886054683968AEFB0131890C01EBEB
:10378000810153681B1B9942FBD8C5F884605468BB
:103790003968AEFB0131890C01EB810153681B1BB9
:1037A0009942FBD8BCF1010CDBD1604699F8183086
:1037B000019A0AEB0313DB68CBF8003099F8193053
:1037C0000AEB031ADAF82C30136003B0BDE8F08F6F
:1037D0000120EBE718070020BC0B0020001000E0E0
:1037E00083DE1B430E4A10B51168046905E0DB0156
:1037F00007D413685B1A102B08D8636913F0007F95
:10380000F5D14FF4FE430120636110BDFFF766FF61
:103810000028FAD04FF4FE4301206361F5E700BFB2
:10382000D42A00202DE9F04790F82FA10569BAF1BC
:10383000000F4FD081468846FFF7D4FF002849D0BB
:10384000374E0024376818E06B69190551D4DA0443
:1038500055D4580559D4990441D43268D21B322A20
:103860003DD8544507D9EA6D520704D19B0555D47C
:10387000B8F1000F52D002F035FB5445E4D8EA6DA0
:10388000500702F00703DFD413E099F8A5200133B5
:10389000022442F48062042B2A661ED08A4503F17A
:1038A000010309EB01020ED992F8A520042B2A6628
:1038B000CAD00121002CE8D02146013301348A45C9
:1038C00009EB0102F0D8B8F1000FBDD04FF400733E
:1038D0002B66B9E70420BDE8F0870124B4E72B6923
:1038E0004FF40072042043F440732B612A66BDE854
:1038F000F0872B69042043F440732B61EBE72B69BD
:10390000052043F440732B61E5E72B694FF4007207
:10391000022043F440732B612A66DCE70020DAE7DB
:10392000D42A0020F8B506690446D6F8145115F4D7
:10393000706301D0C6F81431A8070BD5D6F87021F2
:1039400011043ED50023012184F8A230234484F8D9
:10395000A3109A76EB0710D594F83071FFB194F864
:103960002E7194F82F31BB4227D97B1C274484F851
:103970002E3197F8A530C6F8603115F4407F0DD090
:1039800094F8A30018B1D4F83C3103B19847002350
:10399000A4F8A230A4F82E3184F83031F8BDD4F860
:1039A000383103B19847002384F82E31012384F87D
:1039B000303194F82F31BB42D7D80023C6F860319C
:1039C000DBE794F8A330872BC4D8591CC9B2BDE7F4
:1039D0000148FFF7A7BF00BFD00B00200148FFF749
:1039E000A1BF00BF100D00200148FFF79BBF00BF23
:1039F000500E002010B4144C00220369A1421A6139
:103A000014D8124C012012494FF430329C64586291
:103A10009962DA629C6C00204FF0011101221C6552
:103A200018625DF8044B99651A6170470948814234
:103A300007D9094C09480A499C645A629862D962BC
:103A4000E8E7084C0848F6E77F1A06003B372819D4
:103A5000B80B05053F420F000A0907046009010180
:103A6000007F05001C1A120C100E0202084602F01C
:103A7000A5B900BF00B5036883B040F60D2C022243
:103A800001A95B68ADF804C0984703B05DF804FB7A
:103A9000054B022888BF034610B41C6818466368AB
:103AA0005DF8044B184700BFC00B00201C2849D804
:103AB000F8B5254F04463B78E3B9244B1B5DFF2B3B
:103AC00029D0234A02EB041291680A6802F440509C
:103AD000B0F5805F30D01C061FD41E4C2360236AD3
:103AE000D80704D402F0FEF9236AD907FAD5194B96
:103AF000586AF8BD174D184E01E002F0F3F9AB6CAF
:103B00001B06FAD4B36C13F08003F6D13B700F4B55
:103B10001B5DFF2BD5D10020F8BD0F4C03F07F03B8
:103B20002360236ADA0704D402F0DCF9236ADB0796
:103B3000FAD5094B586AF8BD22F480521C060A6077
:103B4000EBD4CAE700207047752C0020A4090020A0
:103B50001807002000400C4000800C40082830B4BA
:103B600022D00A280CBF4FF405714FF44671104C57
:103B7000104D636C626C2B400F4802F003021A4335
:103B8000636C03F0E00313430B436364436C426CC8
:103B90002B4002F003021A43436C03F0E00313438B
:103BA000194330BC416470474FF44071DFE700BFF8
:103BB00000400C4000FCFFFF00800C40A249A34BDA
:103BC00088422DE9F047A24C5E699A69D4F80C80CE
:103BD0001BD9A04B984240F20281C31A9E491B0A8E
:103BE000A1FB031340F22761DB0903EB830303EB23
:103BF000830303F2E2438B4228BF0B46A3F54877C9
:103C0000964BA3FB0737FF0804E0954FB8428CBFE3
:103C10000E2706278D4908F01F09D1F88030B945D5
:103C200043F0C003C1F880300CD228F01F08A1F582
:103C3000F82148EA0708C1F80C800B68002BFCDA71
:103C400008F01F0916F0007324D186490C698649D3
:103C5000A14300F0EA8082F4805134464FF480554D
:103C600014F0605F04D026F060561E43774B5E610F
:103C700011F4405F07D022F4405274492A438A610C
:103C80008B6C1A07FCD446F00076704A5661936C30
:103C90009B06FCD4754CA04200F2CE804FF0010C84
:103CA0000146634603FB011203F1010E0CF101050D
:103CB000A24218D8BEF1080F4FF0010340F08D80EA
:103CC000BCF1040F00F291800A18A24200F2A48015
:103CD00005FB00F1AC4603F1010E03FB01120CF1F0
:103CE0000105A242E6D90CF1FF318C0286EA81215E
:103CF0005F4810445F4A90427FD9DFF8A4A16C224C
:103D00005D48584DB0FBFEF0D5F800E0B0FBFCF08C
:103D1000DFF890C10EEA0C0CD44509D042F40052F1
:103D20004FF4805CC5F800C02A602A68002AFCDADB
:103D3000464A156905F007059D4203D01361936C4F
:103D4000DD03FCD411F4E05F09D026F4E05604F45E
:103D5000E0543E4A26435661936C9907FCD4474988
:103D6000474A014491423CD8464BC909A3FB013163
:103D7000090B4B1E1B0286EA030212F4407F06D099
:103D800026F4407603F44073304A334353612F4A9C
:103D9000536923F000735361936C9B06FCD43A4B38
:103DA0004F45A3FB00234FF0FF324FEA9343B0FB94
:103DB000F1F1B2FBF3F3354A1060354A1160354A30
:103DC000136008D228F01F08214A48EA0707D76085
:103DD0001368002BFCDABDE8F087734662E7122710
:103DE00018E74FF440730421C5E70CF1FF31204878
:103DF00007238C02104486EA8121274ADFF8A8A015
:103E0000A2FB0020020D2548362A38BF362202FBCD
:103E100000F042EA0A0A74E74FEA8C24002386EA9B
:103E20008C214FF0010EAC4662E71D4686F0C0546F
:103E300011464FF0C05313E700244FF0010C024627
:103E400031462346E64653E700A4781F00C00F40E2
:103E5000000008400046C32323B24C001F85EB51ED
:103E600000366E0100800D4040300080FFB19F267B
:103E7000808D5B00FF7EF64D00643F4D7FD1F008E2
:103E80007F17B42C9F10E50083DE1B43BC0B002082
:103E9000B80B00209C2A0020819F5E16001BB700F3
:103EA0006C2000807F3001800020008000B97047C6
:103EB0002DE9F84F01218146214C224D224E54E834
:103EC000003F2A68306844E80013002BF7D11F49EF
:103ED0004B684FF47A7BDFF878A01B1A01270BFBA5
:103EE00002F8DAF80020A3FB02325A4594BF90444E
:103EF000D84454E8003F2A68306844E80073002B37
:103F0000F7D14B68DAF800C01B1A0BFB02F2A3FBD7
:103F10000C3CBCF57A7F94BF624402F57A72A2EB46
:103F20000802B2F57A7F06D3B9F1010908F57A786B
:103F3000DFD1BDE8F88F01F0D5FF0449D9E700BF14
:103F4000D82A0020D42A0020D02A0020001000E027
:103F50009C2A002030B40F4B4FF0010C0E4D0F4C3B
:103F600053E8002F2868216843E800C2002AF7D1EF
:103F70000B4B5B680B4A5B1A4FF47A71126801FBBA
:103F800000F0A3FB023230BC8A4294BF8018401874
:103F9000704700BFD82A0020D42A0020D02A002051
:103FA000001000E09C2A0020272816D80201104BA0
:103FB00003EB00109B5810B4C2685C68144205D033
:103FC00061B95DF8044BC3F888207047836851B12C
:103FD000084A5DF8044B1A60704770475DF8044B5F
:103FE000C3F884207047044A5DF8044B1A60704798
:103FF0001807002038F001003830010027280BD8BE
:10400000064B020103EB00109A58C36892681A42EB
:1040100014BF0120002070470020704718070020BF
:10402000272829D8164B0201012903EB00109A58C2
:1040300010B45368C4680ED004290CD023EA0403DA
:1040400053608368A9B1022917D003290CBF0D4A18
:104050000D4A1A6007E0234301295360836808D0A2
:1040600040F638021A60436815225DF8044B1A6066
:10407000704738221A60F6E77047044A1A60F2E780
:1040800018070020383001003800010038F0010026
:1040900008B5FEF78FFFFFF705F801F023FFFAE7F9
:1040A000844641EA000313F003036DD1403A41D343
:1040B00051F8043B40F8043B51F8043B40F8043B02
:1040C00051F8043B40F8043B51F8043B40F8043BF2
:1040D00051F8043B40F8043B51F8043B40F8043BE2
:1040E00051F8043B40F8043B51F8043B40F8043BD2
:1040F00051F8043B40F8043B51F8043B40F8043BC2
:1041000051F8043B40F8043B51F8043B40F8043BB1
:1041100051F8043B40F8043B51F8043B40F8043BA1
:1041200051F8043B40F8043B51F8043B40F8043B91
:10413000403ABDD2303211D351F8043B40F8043B31
:1041400051F8043B40F8043B51F8043B40F8043B71
:1041500051F8043B40F8043B103AEDD20C3205D341
:1041600051F8043B40F8043B043AF9D2043208D039
:10417000D2071CBF11F8013B00F8013B01D30B88AB
:1041800003806046704700BF082A13D38B078DD089
:1041900010F003038AD0C3F10403D21ADB071CBF5B
:1041A00011F8013B00F8013B80D331F8023B20F8C5
:1041B000023B7BE7043AD9D3013A11F8013B00F8FE
:1041C000013BF9D20B7803704B7843708B78837086
:1041D0006046704701F1FF3C70B56646002400E080
:1041E0000134B0FBF2F502FB1503092B03F1370E86
:1041F00003F130035FFA8EFE98BF5FFA83FE9042B0
:10420000284606F801EFEBD2631C0022C818CA54F6
:104210007CB162461CF8015F10F8016DA1EB0C0344
:1042200002328CF80060013B521A057023449A4216
:10423000EFDB084670BD00BF00230F2248F2B82C08
:10424000194610B54FF470444FF4806EA0F88C41BD
:104250004FF46044A0F88E210A46A0F89031B0F8DF
:1042600088319BB243F0F003A0F8883101EB4103A1
:10427000013100EB431304299C80A3F806E05A8423
:104280001A865A805A81A3F80EC05A82DA825A835B
:10429000DA83EBD1B0F888319BB243F00F03A0F87A
:1042A0008831B0F888319BB243F47063A0F888314C
:1042B00010BD00BF374B384A996F384841F47F0131
:1042C00070B5996741F20106D3F8801045F6C055E4
:1042D00043F226040A43C3F88020FFF7ADFF00F540
:1042E0008040FFF7A9FF00F58040FFF7A5FF00F52C
:1042F0008040FFF7A1FF0022A0F503104FF00F0E42
:10430000114600EB42134FEA421C01329981042A04
:104310005981A3F80EE09E82DD8020F80C101982EE
:104320009C81EED100221E484FF00F0E41F2010693
:10433000114645F6C05543F2260400EB42134FEAFE
:10434000421C01329981042A5981A3F80EE09E8211
:10435000DD8020F80C1019829C81EED100221148DA
:104360000F2641F20105114645F6C05443F2260ED0
:1043700000EB42134FEA421C01329981042A598111
:10438000DE819D82DC8020F80C101982A3F80CE0FD
:10439000EED170BD00C00F40000003FC00C03D40E6
:1043A00000001E4000401E4072B6EFF30583524CE1
:1043B000C4F884301EF0040F0CBFEFF30882EFF353
:1043C00009824FF0E0234D4E4D4DD3F8280DD3F820
:1043D0002C1DC4E92201D3F8341DD3F8383DC4E9BB
:1043E00024139369C4F89830D369C4F89C3000F062
:1043F000D1F884ED280A01F015FE0B214FF0FF32B1
:10440000C4F8A4000B46C4F880103E49301D5A4041
:10441000202402F00103013C01FB03F383EA520272
:10442000F7D1A84202D073680646EFE7324BC3F8D3
:10443000A820BFF34F8F4FF0E0233049324AC3F832
:10444000701FC3F8702FBFF34F8FBFF36F8F2F4ACA
:1044500002252F48D36E2F4943F44053D36605609D
:10446000D3692D4823F07F0343F04003D3610B68E9
:1044700083423DD8264D00214FF0E0234FF0FF321C
:1044800029600126C5F808112449C5F80011C5F8AE
:104490000861C3F88021C3F88421C3F88821C3F8D8
:1044A0008C21C3F8902101E000F082F9D5F80C319D
:1044B000002BF9D00134C5F80C614F2CF4D9184BFE
:1044C000022018494FF00042C1F840015A63D5F864
:1044D0000C313BB9144815490D4A0163D2F80C312F
:1044E000002BFAD04FF0E023114AC3F80C2DFEE761
:1044F000FFF764FBBEE700BF00FF272080FF2720F7
:10450000A8FF27202083B8EDA0FF272000C00F4080
:1045100000400840BC0B0020803DCD0B009F2400D4
:1045200000900D4000002E4000800F40F100AD0BC8
:104530000400FA050A490A6838B108B51318094891
:10454000834204D810460B6008BD1046704703F044
:1045500091F90C234FF0FF320360104608BD00BFF5
:10456000900F002000002820002070474FF0FF30FF
:10457000704700BF4FF4005300204B60704700BFEE
:10458000012070474FF0FF30704700BF30BFFDE79C
:10459000FFF70ABF124AD2F880305B07FBD5D2F88A
:1045A00080301048C3F30B230F4990ED007A07EEDB
:1045B000903A91ED006AB8EE477A0C4AF8EEE77A45
:1045C0000B4BD2ED006A77EEC77A93ED007AB8EE26
:1045D000477A67EE867A87EEA60A37EE400A70477A
:1045E00000810D408C2A0020942A0020982A002067
:1045F000902A0020836BF0B41BB1536843F400434E
:10460000536072B6446B3CB31A4B2260D3F8B0418E
:104610000C421DD1184E776804E07468E41BB4F5B1
:10462000166F0BD2D3F8404144F48044C3F84041A4
:10463000D3F8B851D3F840416404EED50D4007D10A
:104640000C4CC0E90225D4F8B0310B43C4F8B031AA
:10465000426362B6F0BC7047064DC0E90224D5F84B
:10466000B0310B43C5F8B0310263426362B6F0BCAF
:10467000704700BF00002E40001000E070B5056BD1
:104680009DB106462A46002403E012680134012A3F
:104690000CD0536813F08003F7D032632CB1284656
:1046A000B36B2D689847013CF9D170BDC6E90C3356
:1046B000F4E700BF30B4D9B91F4C204B0021204A89
:1046C00001254FF0011099601D60C4E9023180247A
:1046D0005C60C2F8BC01D2F8B0311A482B43C2F872
:1046E000B0310160D2F8B031002BFBD130BC704743
:1046F0000904154B104C012541F080019860104AC7
:10470000596000F580511D60D96000F50051A36427
:10471000196100F5405100F5804059610021986110
:10472000E164D2F8B03143F48033C2F8B031D2F84A
:10473000B031002BFBD1C0E700000020C01A0020E0
:1047400000002E40741F0020E01A002010B472B642
:104750000A4C01220A49237802FA00F0184320701B
:10476000D1F848311A0605D480221343C1F84421F8
:10477000C1F8483162B65DF8044B70477A2C0020CE
:1047800000002E40084901220B7802FA00F023EACB
:104790000000087030B9054AD2F8483123F0800390
:1047A000C2F84831704700BF7A2C002000002E402C
:1047B0002DE9F04F9C4C83B0D4F84461F107C4F864
:1047C00044616AD5D4F8AC31002B61D0DFF8848223
:1047D000964DDFF878B208F5805ADFF87C92944F56
:1047E000C4F8AC31D5E90A20D4F8403143F4005381
:1047F000C4F84031D4F840319B04F5D5D4F84031A9
:1048000023F40053C4F840314FF00113C4F8B4311D
:10481000D4F8B43113F00113FAD191B240F2816CA3
:10482000CBF80030614500F2D980B1F5D06F80F04F
:104830006181B1F5817F00F08F8140F2AB8040F261
:10484000023C614500F0B281B1F5A06F40F0C1803B
:104850007849EB648B600123A9640B6080234B6073
:104860004FF00113C4F8BC31D4F8B03143F48033B5
:10487000C4F8B031D4F8B031002BFBD1130C5B0677
:1048800043F08073C4F85431D4F8AC31002BA7D175
:10489000654AD2F8BC31002B4AD1720616D5624B5C
:1048A000D3F8AC21C3F8AC21D3F8BC21C3F8BC21A8
:1048B000D3F8B041002CFBD14FF0FF32C3F8B42144
:1048C000D3F8843101F012F95B4B1C60F40103D57D
:1048D0005A4B1B6803B19847B00103D5584B1B686E
:1048E00003B19847710708D54F4BD3F8843113F4BF
:1048F00000731AD0534B01221A704B4BD3F8483136
:104900001A060FD533060DD54F4A13782BB1013B4C
:10491000DBB21370002B00F0428203B0BDE8F04F11
:1049200000F0AABC03B0BDE8F08F464A1370E4E77C
:104930004649C2F8BC310868034240F061813E4AF2
:1049400014681C40A9D05FEA144810D0374D4FF0CE
:10495000010998FAA8F7B7FA87F705EBC71009FA23
:1049600007F74030FFF78AFE38EA0708F1D1A4B212
:10497000002C92D02D4D4FF0010894FAA4F7B7FA0D
:1049800087F705EBC71008FA07F7FFF777FEBC4378
:10499000F3D182E7802900F0A780822919D183B260
:1049A00010F0780015D103F07F0257F82210284A42
:1049B0001080180600F1C081CB0701D501231370C8
:1049C00002212348FFF776FE5EE7010C072900F07D
:1049D00045814FF00113C4F8C03155E742F2210C74
:1049E0006145F2D03AD942F22123994268D042F28D
:1049F00021339942EDD10F4B00229A60EA640122E3
:104A0000AB641A6080225A604FF00113C4F8BC31C5
:104A1000D4F8B03143F48033C4F8B031D4F8B031B5
:104A2000002BFBD130E700BF00002E40000000202B
:104A3000C0012E40C01A0020781F00205C2C0020EE
:104A4000602C0020832C0020892C0020741F002063
:104A5000302A00206C1F0020E01A0020B1F5086FFA
:104A60003AD0B1F5106FB4D1B548C2F307424FF058
:104A7000C81100930270B34AC4F8C821C4F8CC111D
:104A8000C4F8D01101F034F800F08CFBAE4A0121DB
:104A9000009BAA6411608021936051604FF0011265
:104AA000EB64C4F8BC21D4F8B02142F48032C4F8DD
:104AB000B021CBF80030D4F8B031002BFBD1E3E6C5
:104AC00080B2002897D1A14BC2F307421968A04BCE
:104AD0001960A04B1A708EE7994B01219E481B78F4
:104AE0000370FFF7E7FDCFE69B4802210380FFF745
:104AF000E1FDC9E6994B596800293FF46AAF4FEAD6
:104B0000124E82B204E019690C3300293FF461AF00
:104B1000B3F800C0F445F6D1B3F802C09445F2D121
:104B20004FEA1E22032A00F0D8801A89000C824224
:104B300028BF0246BEF5007F40F0D480884B8949EB
:104B40001878894B0092002818BF19468748FFF74C
:104B5000A7FA864B009ADAE010F0780F83B27FF460
:104B600038AF03F07F0213F0800F57F8223014BFE4
:104B700023F4803323F0010347F822300022724BE4
:104B8000EA649A600122AB641A6080225A604FF096
:104B90000113C4F8BC31D4F8B03143F48033C4F805
:104BA000B031D4F8B031002BFBD16DE610F0780FA6
:104BB00083B27FF40EAF03F07F0213F0800F57F83B
:104BC000223014BF43F4803343F0010347F822300E
:104BD00000225D4BEA649A600122AB641A60802275
:104BE0005A604FF00113C4F8BC31D4F8B03143F42B
:104BF0008033C4F8B031D4F8B031002BFBD143E698
:104C0000002008605A490C88486842F221018C4211
:104C10007FF495AE80B200287FF491AE5549564C92
:104C200003C9A18086284FEA11412060A1717FF459
:104C300086AE72B65148017841F008010170D2F891
:104C400048110D0605D480200143C2F84401C2F882
:104C5000481162B64A4A5021117070E6EB60012398
:104C60004349C9F80030474B0A60C9F80430464B45
:104C70004860C9F81030C5F80890C9E9028AD4F82C
:104C8000B02142F00102C4F8B02103F5805203F5CF
:104C90000053C9F81420C9F81830D4F8B031002BEB
:104CA000FBD1294AEB6493600123AA64136048F2A4
:104CB000800353604FF00113C4F8BC31D4F8B03115
:104CC00043F48033C4F8B0314FF48033CBF8003074
:104CD000D4F8B031002BFBD1D6E5000C0A78824223
:104CE00028BF0246BEF5E06F50D11D4B1D4893F81A
:104CF00000C01D491D4BBCF1000F18BF01460092BA
:104D00001846FFF7CDF9072103464170009A23F0BA
:104D10001F011344BFF34F8F4FF0E020C0F8701F06
:104D200020318B42FAD8BFF34F8FBFF36F8F0F48FC
:104D30001146FFF7BFFCA7E5C9033FF53FAE3FE6CD
:104D4000822C00200200CC00C01A0020D42A0020AF
:104D5000E42A0020812C0020302A0020080A0020AC
:104D6000832C0020441D0060DC1D0060000020201A
:104D7000C01D00206C1F0020DC2A00207A2C00209F
:104D8000892C0020800007006C3F0020064B18464D
:104D9000CDE90023FFF784F9DDE90023B7E703201D
:104DA000FFF7F0FC07F008FF000020202DE9F04796
:104DB0001F46831E022B01D9BDE8F087DFF84C9017
:104DC00015460C463C2209EBC01806464FEAC01AAD
:104DD000002108F10400240402F05CFCB5FA85F21D
:104DE0000123520944EA427449F80A40C8F838706D
:104DF000C8F80830002FDFD0034AB34011680B43D6
:104E00001360BDE8F08700BF781F0020000000207D
:104E10002DE9F0470D46811E022901D9BDE8F08732
:104E2000C701DFF84C909246044640373C220021EF
:104E30001E4609EB07082D0408F1040002F02AFCC5
:104E4000BAFA8AF2520945EA427249F80720012269
:104E5000C8F83860C8F80820002EDFD0034B1034A3
:104E60001968A2400A431A60BDE8F087781F002045
:104E70000000002012048160C36101F5405342F03C
:104E8000800210B40124426001F50052046001F573
:104E9000805401F58041C46081615DF8044BC0E934
:104EA00004237047831E0A46022B00D97047064B25
:104EB00000F110014FF0010C03EBC0100CFA01F1EE
:104EC0004030FFF797BB00BF00000020831E0A465A
:104ED000022B00D970470121024B814003EBC01027
:104EE000FFF788BB0000002040687047124A134B50
:104EF000D2F8200220F07F40984210B584B002D250
:104F000000EB800040000E4C01A90A22FFF762F975
:104F100001A90023204611F8012B01333AB10A2BD5
:104F200020F8022FF7D11623237004B010BD5B00C8
:104F3000DBB2237004B010BD00441F40809698007F
:104F40004415002000F0F2BE00F0C2BE00F026BF03
:104F500000F0E0BE00F07CBF00F052BF08461146F2
:104F600000F042BF38B50C4B04460C4D1B68298835
:104F700043B1B1F5917F09D24B1C9BB2084A2B80FB
:104F8000545438BDB1F5917FF6D338BD00220448A2
:104F9000984700210123F1E7242B0020702C0020EA
:104FA000382B0020F8B5144C4FF0E025134E4FF489
:104FB000003204EB4024124F06EB40160346C5F8BE
:104FC0008C2121463A883046FFF754FF3B88234422
:104FD000BFF34F8FC5F85C4F2034A342FAD8BFF31C
:104FE0004F8FBFF36F8F04203146FFF76FFF4FF4F1
:104FF0000033C5F80C31F8BDA0002020001B0020B4
:10500000642C002042684FF6FC71114BC2F30E4233
:10501000C0691B889B1A0B4017D00E4930B40E4C48
:105020000E4D227821F810300021013225F81010A1
:10503000062A94BFD1B20A46217009490C6823445C
:105040000B60084B985430BC7047FFF7ABBF00BFF4
:10505000642C0020402A0020762C00205C2A0020AE
:10506000382A0020782A00202DE9F04F0123DFF8AC
:1050700028A1DFF828B183B0414E9AF80020414DB5
:10508000414F8BF8003005EB42153388D7F800808C
:10509000CDE90002002B6DD13C4CDFF8049128468D
:1050A000FFF722FF10F080005DD03B68A3EB080300
:1050B000282B04D90123237003B0BDE8F08F237897
:1050C000002BF9D199F80030002BF5D000F00AFF41
:1050D0003388002BE3D02E4A9AF800101288D01A99
:1050E000043B2C4C9BB22044338000EB4120009EBB
:1050F0004902C0F8006C93BB04F5406428460C4498
:105100002146FFF7B7FEBFF34F8F04F1200204F5ED
:105110000073934234BF012310234FF0E02204EBCD
:105120004313C2F8704F20349C42FAD1BFF34F8F23
:10513000BFF36F8F04202946FFF7B4FE019B0220C6
:105140000133032B94BFDBB200238AF80030FFF752
:1051500019FB00238BF8003003B0BDE8F08F02206C
:10516000FFF7F4FAF5E70A4B9AF800101A88207056
:105170001346B5E7064A01991288D01AB0E700BF76
:10518000682C0020C01C0020D42A00207B2C00208A
:105190006C2C0020A00020207D2C00207F2C0020E3
:1051A000822C0020214B70B51B78002B3BD04FF494
:1051B00000731E461E4980221E4D00240B800021D4
:1051C0001D482B8002F066FA1C4A21461C4B1470C5
:1051D000C0221C481C8002F05DFA1B4A31461B4B62
:1051E000042094609C60C2E90044194AC3E9004469
:1051F0001470184B184A1C70184B14602246FFF7A5
:10520000D5FD2346224629880420FFF701FE2046CB
:105210000134FFF7C7FE062CF9D100231049114ACB
:105220000B70137070BD40231E46C3E7832C002013
:10523000642C00206C2C0020C01C00207D2C002041
:10524000682C0020001B0020402A00205C2A00203F
:10525000762C0020782C0020382A00208531000090
:105260007B2C00207F2C0020024B1B780BB1FFF71A
:10527000FBBE7047822C00202DE9F843214B1D789E
:1052800015B9214E33880BB9BDE8F883DFF8888063
:105290001E4A98F800701E4C02EB47191D4A04EB99
:1052A0004724128848462146D21A2B46FFF7E2FDD2
:1052B000BFF34F8F04F1200204F50073934234BF13
:1052C000012310234FF0E02204EB4313C2F8704F88
:1052D00020349C42FAD1BFF34F8FBFF36F8F013759
:1052E00049460420FFF7DEFD032F4FF000034FF087
:1052F000020098BFFDB2338088F80050BDE8F84343
:10530000FFF740BA7F2C0020682C0020C01C002032
:10531000A00C20206C2C00207D2C0020F8B54FF430
:1053200000324FF0E023204CC3F88C211F4B227831
:1053300019788A422ED0D3B21D4A1E4F01331E491E
:105340001E4E072B28BF0023D05C37F8102001EB3E
:1053500040218D580432316892B2043927F8102068
:105360003160174931F81010914207D94FF0E0230E
:105370004FF400322846C3F80C21F8BDDBB223708D
:10538000FFF710FE4FF0E0234FF400322846C3F839
:105390000C21F8BD00254FF0E0234FF400322846E1
:1053A000C3F80C21F8BD00BF782C0020762C00201B
:1053B000782A00205C2A0020A0002020382A002023
:1053C000402A0020F8B50646FFF7A8FF90B1C0F3C9
:1053D000031300F00F059C4A0446070A1370A5F159
:1053E0000803062B08D807F00F030133002E45D021
:1053F000B34243D00020F8BDAB1EF8B2012B19D93F
:10540000F72818BFF02801D9052D13D0042D00F07E
:1054100085816B1F022B40F245810F2DEAD1F728C1
:1054200008D8F02803D0894B1B88002BE2D0FFF767
:1054300099FDDFE7F1380E28DCD801A353F820F0FE
:10544000353700004737000065370000753500002C
:105450007535000073370000753500008137000096
:1054600075350000AD360000E3360000C736000099
:1054700075350000FF3600001B370000082DC4F30F
:10548000033217D1082A15D171488021714A076863
:10549000C4F30746DDB21170240E1FB13146284611
:1054A0002246B8476C4B01206C491D706C4B0E7046
:1054B0001C70F8BD092D14D1092A12D1220E65499C
:1054C00000F0B4809020C4F30746DDB20870D4B277
:1054D00064490F68002FE5D0224631462846B84778
:1054E000E0E70A2D05D10A2A03D15F48A021594AD5
:1054F000CDE70B2D05D10B2A03D15C48B021554ACD
:10550000C5E70C2D40F08A800C2A40F08780584A6D
:10551000C02050491268C4F30746DDB20870240E5B
:10552000002ABFD0314628469047BBE7514B1B6845
:10553000002B00F00A81C4F307469847454B240E20
:1055400000251F70AEE74C4B1B68002BF3D14B4B73
:105550001B68002B00F0ED80FC20C4F30746984741
:10556000ECE7474B1B68002BE5D1444B1B68002B35
:1055700000F0DF80FB20C4F307469847DEE7414B8D
:105580001B68002BD7D13D4B1B68002B00F0D1804E
:10559000FE20C4F307469847D0E73B4B1B68002B1F
:1055A000C9D1364BC4F307461B68002BC6D0FF2079
:1055B0009847C3E7354BC4F307461B68002BBDD0A3
:1055C00030469847BAE7324B1A68002A00F0B1809B
:1055D000630CC4F30640260C03F47E53F6B2184362
:1055E0009047ABE72B4BC4F307461B68002BE7D172
:1055F000A4E7294BC4F307461B68002B9DD19DE708
:10560000264B1B68002B96D11C4B1B68002B00F00F
:105610009080F820C4F3074698478FE70D2D62D19C
:105620000D2A60D11E4AD0200A4973E78020DDB2DE
:10563000C4F30746087006490F68002F7CD0314636
:1056400028461446B8472DE7842C0020702C0020F3
:10565000FC2A0020882C0020852C0020862C00208D
:10566000872C0020002B0020342B0020F82A00205B
:10567000082B0020182B00201C2B00200C2B0020B6
:10568000F42A0020E82A0020282B00202C2B0020C0
:10569000102B0020142B0020302B0020F02A00209B
:1056A000EC2A0020FFF75EFC052D08D0C4F307406C
:1056B000FFF758FC072D02D1200EFFF753FC2B4BB0
:1056C0002B4819882B4A0170080A2B4C10700020B7
:1056D0002A4A1880F023246813707CB301222848DA
:1056E000A0470120F8BD0E2D7FF484AE0E2A7FF472
:1056F00081AE244AE02021491268087072B3610C1F
:10570000C4F30640DDB201F47E51260C240E0143A1
:105710002846F6B2A1F500519047C3E6FFF722FCF8
:10572000C4F30740FFF71EFC200EFFF71BFC002010
:10573000F8BDC4F3074601E73C46B3E6124B1B68CD
:105740008BB10F4898470120F8BD104B1B68002B08
:10575000EFD0FA20C4F307469847EFE6C4F30746B4
:10576000DDB2240E9EE60120F8BD00BF702C0020A3
:10577000862C0020872C0020242B0020882C002041
:10578000382B0020042B0020202B00200C2B002085
:10579000F8B5144C4FF0E025134E4FF4003204EBF3
:1057A0004024124F06EB40160346C5F88C212146D3
:1057B0003A883046FFF75EFB3B882344BFF34F8FA8
:1057C000C5F85C4F2034A342FAD8BFF34F8FBFF324
:1057D0006F8F03203146FFF779FB4FF40033C5F894
:1057E0000C31F8BDA0142020C01B0020662C002026
:1057F000244B2DE9F0411C884368C569C3F30E436F
:10580000E41A002C24DD204920480A780078D3B21D
:105810001F4E82421F4807D010F8038036F81870D8
:10582000C7F50072944218D90133002226F81540BA
:10583000082B194E88BF134626F8152098BFDAB2F8
:10584000C554164B0A701A6814441C60BDE8F081F8
:105850002846BDE8F041FFF79BBF07EB4820104901
:1058600022462744084401EB4521FEF719FC0B4A68
:10587000284626F8187013682344BDE8F0411360E9
:10588000FFF786BF662C0020772C0020792C0020A3
:105890004C2A0020802A0020682A00203C2A002070
:1058A000A01420201D4B1A78002A36D102F0FF03E5
:1058B0001B4A12788AB32DE9F0411A4D2A8852B357
:1058C000194EC2F50068194F3278194C07EB421790
:1058D00004EBC224424638462146FFF7CBFA04EBDC
:1058E0000802BFF34F8F4FF0E023C3F8704F20340E
:1058F000A242FAD8BFF34F8FBFF36F8F0320394610
:10590000FFF7D0FA33780133DBB2032B88BF0023D3
:10591000337000232B80BDE8F0817047802C00207D
:10592000822C00206A2C00207E2C0020401D0020AC
:10593000A02420202DE9F04F85B0CDE901100029E9
:1059400000F0BF800023604CDFF89881DFF898A159
:105950005E4F009301235E4A23705E4B1978B8F8BE
:10596000003002EB4119002B40F0A7801E461D4677
:105970009B464846FFF7B8FA10F0800000F08C8094
:10598000BFF34F8F9AF8003084F800B005B93E6835
:10599000002B7DD13B689B1B782B00F287804E4B00
:1059A0001B78002B74D000F09DFA0122B8F800306B
:1059B00015462270002BDCD0464AC3F500601178F2
:1059C0001A4600EBC120454DC9022844019D95426D
:1059D00017D20393DDE901512A46FEF761FB039BD1
:1059E0004FF040425B1BA8F800303D4BC3F88420C9
:1059F000BFF34F8F009800232844237005B0BDE803
:105A0000F08F364BCD180299FEF74AFB00234FF476
:105A1000006229464846FFF72DFABFF34F8F05F184
:105A2000200205F50063934234BF012340234FF069
:105A3000E02205EB4313C2F8705F2035AB42FAD188
:105A4000BFF34F8FBFF36F8F03204946FFF72AFA4A
:105A5000204A13780133DBB2032B84BF00231D4A95
:105A60001370B8F80030019AD11A009A1A440191C3
:105A70000092029A1A4400230292194AA8F80030B0
:105A8000C2F88430BFF34F8F237000297FF462AFD8
:105A9000009805B0BDE8F08F4FF400620D4B8AF816
:105AA000000019781346A8F800208AE7012300981F
:105AB0008AF8003005B0BDE8F08F1A46C3F50060E3
:105AC0007FE70198E5E700BF802C0020D42A002062
:105AD000401D00207E2C0020822C0020A0242020AD
:105AE00000002E406A2C00207C2C0020704700BF54
:105AF0002D4B002180222D4870B51B7800242C4DA1
:105B00008B422C4E0CBF40234FF400732B8033800C
:105B100001F0C0FD284A2146284B14704FF48072D2
:105B200027481C8001F0B6FD264A1021264B022092
:105B3000C2E90044C2E90244244AC3E900441470A3
:105B4000234AC3E90244234B1C70234614602246B7
:105B5000FFF75EF92246318803201F4BFFF726F935
:105B60002346012229880320FFF752F920460134F9
:105B7000FFF70EFE082CF9D1184B00214A221848D5
:105B8000184C0460C3F88410C3F88020D3F848216F
:105B9000154942F08072C3F8482121B1134A1378A5
:105BA00043F00103137070BD832C0020401D0020C2
:105BB0006E2C0020662C00207E2C00206A2C0020F9
:105BC000C01B00204C2A0020682A0020772C0020CF
:105BD0003C2A0020792C00207139000000002E4062
:105BE0005C2C0020253A0000000000008A2C0020D8
:105BF0002DE9F04F4FF0E0234FF40032DFF8C8A05A
:105C000083B0C3F88C218B469AF8004000294FD00E
:105C10008046E4B20027DFF8B490264BABEB0702D6
:105C200025491B78A34204F101043FD0092C234BE2
:105C3000404628BF00241E5D39F816C00CEB4623F1
:105C400019441F4B33F81650A5EB0C05AA421CD281
:105C50000CEB462C18491B4C61440192FEF720FACC
:105C6000216839F816505846019AA1EB0B012A44D5
:105C7000394429F8162021604FF0E0234FF4003218
:105C8000C3F80C2103B0BDE8F08F2A462F44FEF77D
:105C900007FA0C49E3B230460A68A844521B0A606E
:105CA0008AF80030FFF774FDBB45B6D83846E3E705
:105CB0000846E1E7772C0020A0142020802A00204D
:105CC0004C2A00203C2A0020792C0020682A002041
:105CD0000B4B0C4A12781978D3B28A420DD001339B
:105CE00009480A4A092B0A4928BF0023C35C31F836
:105CF000131002EB4323585C70474FF0FF3070479E
:105D0000772C0020792C0020802A0020A01420204D
:105D1000682A0020044B10B51C680CB1204610BD49
:105D200000F0E0F8204610BD3C2A00202DE9F84F95
:105D3000144E154D33782A78934221D0DCB2DFF827
:105D40005090DFF850B0DFF85080104F0134082C2D
:105D50005FFA84FA01D90024A24619F80400DBF89E
:105D6000003038F8102037F81010521A9B1ACBF870
:105D70000030FFF70DFD86F800A02B78A342E5D197
:105D8000BDE8F88F792C0020772C0020682A0020AD
:105D9000802A00203C2A00204C2A002000B583B035
:105DA00001210DF10700FFF723FF20B19DF8070047
:105DB00003B05DF804FB4FF0FF30F9E7094B00B585
:105DC00083B01B788DF807003BB101210DF107006E
:105DD000FFF7B0FD03B05DF804FB03F0FF0003B074
:105DE0005DF804FB822C0020044B1B7803F0FF02BB
:105DF0000BB1FFF79FBD1046704700BF822C0020FB
:105E00002DE9F0410024DFF8448001230D4D2746A1
:105E10000D4E88F80030337828462035A34204F12F
:105E2000010405D0FFF760F8030658BF07F50067C7
:105E3000042CF0D1BFF34F8F0023384688F8003090
:105E4000BDE8F081401D00207E2C0020802C002029
:105E50002DE9F8431D4B1B7813B11D4D2A880AB953
:105E6000BDE8F8831B4EC2F500691B4933784A46EA
:105E70001A4C01EB43181A4F04EBC324012340468C
:105E80003B7021460023FEF7F5FF04EB0902BFF348
:105E90004F8F4FF0E023C3F8704F2034A242FAD85E
:105EA000BFF34F8FBFF36F8F03204146FEF7FAFF1A
:105EB00033780133DBB2032B88BF00233370002318
:105EC0002B80BFF34F8F3B70BDE8F883822C0020FE
:105ED0006A2C00207E2C0020401D0020A0242020C1
:105EE000802C00202DE9F8432D4B1E7866B12D4FF4
:105EF0003B784BB90123F1073B7043D4B20726D45A
:105F000000233B70730701D4BDE8F883264B1A6861
:105F1000002AF9D0EFF30582002AF5D1EFF31085BE
:105F200072B61868002834D0204C2178002930D16E
:105F30000122227042691A60002A2ED0916105B9AF
:105F400062B600258368457798472570DCE7DFF85F
:105F5000648098F80030002BD2D00025DFF85890EC
:105F60002B4659F823400135236820461B69984782
:105F700010B163699B68984798F80020EBB29A4289
:105F8000EFD8BDE7FFF7C6FE0028B7D0AFF300801B
:105F9000B4E7002DB8D162B6B6E7054B1A60CEE77C
:105FA0008A2C0020742C0020C81D0020722C002098
:105FB000D41D0020732C0020D81D002070B5EFF3F5
:105FC000108272B60C4C206880B10C4E00254369DB
:105FD000236073B19D6102B962B6836845779847C3
:105FE000EFF3108272B620680028F0D102B962B6D1
:105FF00070BD3360EFE700BFD01D0020CC1D002036
:10600000FFF7DCBF0449054A4968054B196013686E
:1060100001331360704700BF001000E0D42A002055
:10602000D02A0020074A506A936A19468446506A6B
:10603000936A9942F9D18445F7D1DB0B43EA40409A
:10604000704700BF00400D4000F000B810B582B0AE
:10605000CDED010A019B23F00042B2F1FF4FF0EEBB
:10606000407A30DC10EE100A20F00041B1F1FF4F11
:1060700029DCB3F17E5F40D09C1704F0020444EAAF
:10608000D07431B372B3B2F1FF4F3ED0B1F1FF4FD4
:1060900028D0891AB1F1F45F4FEAE15232DA002BCD
:1060A00040DA3C323EDA9FED330A012C4CD0022C10
:1060B00041D064B19FED307ADFED307A30EE070ADF
:1060C00030EE670A03E09DED017A37EE270A02B051
:1060D00010BD022C0ED09FED2A7A032C07FE000A79
:1060E00002B010BD9FED270ADFED277A002820FEC1
:1060F000270AECE79FED210AE9E702B0BDE810406E
:1061000000F04AB89FED1F0ACFE7B1F1FF4F04F14D
:10611000FF3420D0022C26D81C4B03EB840393EDD4
:10612000000AD4E79DED017A87EE870A00F00AF9AC
:1061300000F032F8B9E79FED107ADFED107A30EE1B
:10614000070A37EEC00AC2E710EE103A03F1004327
:1061500000EE103ABBE7022C08D80D4B03EB84038A
:1061600093ED000AB3E79FED030AB0E79FED090A3C
:10617000ADE700BF000000002EBDBB33DB0F494080
:10618000DB0F49C0DB0FC93FDB0FC9BFC4030020D1
:10619000B8030020DB0F493F38B510EE105A25F048
:1061A0000044B4F1A14FF0EE407A0ADBB4F1FF4FA6
:1061B00058DCDFED517A9FED517A002D37FE870ACA
:1061C00038BD4F4B9C425CDCB4F1445F4DDB4FF07B
:1061D000FF3327EEA76ADFED4B6ADFED4B5ADFEDA9
:1061E0004B4A9FED4B5A9FED4B4A26EE067A5A1CBE
:1061F000E7EE265ADFED486AA5EE875AE7EE246AF5
:10620000DFED465ADFED464AE6EE875AA5EE074A2D
:106210009FED445ADFED446AA5EE875AE4EE074A43
:10622000DFED425AE4EE876AE5EE075A66EE866ACB
:1062300065EE875A3AD03E4A02EB830276EEA56AB3
:1062400092ED007A3B4A96EEA77A02EB8303002D8B
:10625000D3ED006A77EE677A36EEE70AB0DAB1EE90
:10626000400A38BD30EE000A38BD9FED337A30EE7B
:10627000077AF7EE006AB4EEE67AF1EE10FAA6DDE0
:1062800038BD00F05FF82D4B9C4216DCA3F5D0031F
:106290009C4227DCF0EE007ABFEE007AA0EE277A6F
:1062A000002330EE270AC7EE007A92E776EEA56A61
:1062B000E6EEE77AB0EE670A38BD214B9C420BDC74
:1062C000F7EE087AB7EE007AA0EE277A022330EED6
:1062D000670AC0EE077A7CE7BFEE007AC7EE007A65
:1062E000032376E7F7EE007A30EE677A30EE270A7E
:1062F0000123C7EE007A6CE7DB0FC93FDB0FC9BF94
:10630000FFFFDF3ED769853C59DA4B3D21A215BD21
:10631000356B883D6E2EBA3D6BF16EBD95879DBD88
:106320002549123E388EE3BDABAAAA3ECDCC4CBE69
:10633000E8060020D8060020CAF24971FFFF973F07
:10634000FFFF1B4010EE103A23F0004300EE103A1E
:10635000704700BF2DE9F04F01F10B06162E83B0F8
:10636000044624D8102900F2BA8000F0A3FA1026BF
:1063700018220220B54F3A44A2F1080153688B421B
:1063800000F0BA805A68D96822F003021A449D6866
:10639000E9608D60516841F001012046516003F1D0
:1063A000080500F08DFA284603B0BDE8F08F36F0FE
:1063B000070600F19480B14200F2918000F07AFA71
:1063C000B6F5FC7FC0F09A81730A00F08F80042B31
:1063D00000F26F81B30903F1390003F1380CC300F7
:1063E0009A4F3B44A3F108055B689D4206D10CE03F
:1063F000002980F22781DB689D4206D05A6822F08E
:106400000302911B0F29F3DD60463D69DFF850C29E
:1064100065457CD06A6822F00302931B0F2B00F3C2
:106420007B81002BC7E904CC80F26C81B2F5007F40
:1064300080F01A81D308796801334FEA521E012295
:1064400002FA0EF20A4357F833E0C5F808E007EB0A
:10645000C3010839E9607A6047F83350CEF80C5030
:10646000831001219940914257D8114206D120F062
:1064700003004900114200F10400FAD007EBC00903
:106480004D468646D5F80C80454508D11DE1002BC8
:1064900080F22481D8F80C80454500F01681D8F8A8
:1064A000042022F00302931B0F2BF0DD2046D8E9D5
:1064B000025408EB060146F00106C8F80460EC60DF
:1064C000A56043F00104C7E90411C1E902CC4C60A6
:1064D00048F8023000F0F4F908F1080502E00C2356
:1064E00023600025284603B0BDE8F08F4FF4007309
:1064F00040204FF03F0C73E7D3689A4208BF023048
:106500007FF440AF3D69DFF858C1654582D17A68B4
:106510008310012199409142A7D9BD686B6823F08F
:1065200003094E4503D8A9EB06030F2B7ADCDFF8ED
:1065300034B1474BDBF800201B680132334405EBD4
:10654000090A00F0338103F580530F3323F47F6889
:1065500028F00F084146204601F064F9411C02462C
:1065600000F0F380824500F2EE803A4B1968414416
:106570001960084600F04E81DBF8001001930131EC
:106580001BBFA2EB0A010918CBF80020196012F01A
:10659000070B00F01781CBF108010A44CBF58051BD
:1065A00090440831A1EB0801C1F30B0A5146204683
:1065B000009201F037F9421CDDE9002300F04F8121
:1065C000801A00EB0A081968BA6048F001005144CB
:1065D000BD425060196000F02981B9F10F0F40F2FF
:1065E00027816868A9F10C0C2CF0070C00F0010061
:1065F00040EA0C0068604FF0050E05EB0C00BCF1A2
:106600000F0FC0E901EE00F2328150681546124BBF
:106610001A688A4238BF1960104B1A688A4238BF1C
:10662000196094E0AA1943F0010346F001066E6078
:106630002046BA60536000F043F90835284603B09D
:10664000BDE8F08FD9681A44A1E600BF0011002010
:106650002C1E0020FC1D0020241E0020281E0020CF
:106660000811002008150020B2F5206F4FEA5223D0
:1066700063D3142B00F2B78003F15C01C9005B33D4
:1066800007EB010E7958AEF1080E8E4500F09180AF
:106690004B6823F00303934202D989688E45F7D1F2
:1066A000D1F80CE07A68C5E9021ECEF80850CD603A
:1066B000D6E6142B59D9542B00F29D80330B03F1ED
:1066C0006F0003F16E0CC3008AE60EF1010E1EF09E
:1066D000030F05F108057FF4D5AE51E0424445466D
:1066E0005368D8F80C1043F00103536055F8083F85
:1066F0002046D9608B6000F0E3F8F3E6F00806F17D
:10670000080237E62A442046536843F001035360E9
:10671000083500F0D5F8E5E6A919204646F001064F
:1067200043F001046E60C7E90411C1E902CC4C607A
:10673000AB5000F0C5F80835D4E6930903F13901F0
:10674000C90038339CE7BD425FD0BD68686820F05F
:1067500003084645A8EB060302D80F2B3FF762AFAC
:10676000204600F0ADF80025BCE603F15C0003F123
:106770005B0CC30034E659F808394B4540F096806D
:1067800010F0030F00F1FF30F5D17B6823EA01031D
:106790007B60490099423FF6C0AE19B9BDE6490099
:1067A0000EF1040E1942FAD0704667E603F11008A4
:1067B000D0E69A104FF001087B6808FA02F21A43FB
:1067C0007A6070E702EB08014942C1F30B0A5146B7
:1067D0002046009201F026F8431CDDE900237FF4F7
:1067E000EFAEDA46EFE6542B25D8130B03F16F0119
:1067F000C9006E3344E7B3F5AA7F25D8F30B03F144
:10680000780003F1770CC300EAE5294B186840448F
:106810001860B1E6CAF30B0CBCF1000F7FF4ACAE0C
:10682000BD68C84448F001006860F0E61546EEE631
:106830000123536094E7B3F5AA7F23D8D30B03F168
:106840007801C90077331BE740F25452934223D8B2
:10685000B30C03F17D0003F17C0CC300C0E5ABF188
:10686000080BD844A8EB02084FF0000AABE605F18C
:1068700008012046009301F001F9BD68009B68689B
:106880001968C4E640F254518B420BD8930C03F1C3
:106890007D01C9007C33F3E64FF47E737F204FF017
:1068A0007E0C9DE54FF47E717E23E9E67B6870E700
:1068B000FC1D0020014801F00BB800BFF41D0020B2
:1068C000014801F007B800BFF41D00202DE9F84F82
:1068D0001746002900F098800C4607F10B0580460A
:1068E000FFF7E8FF162D54F8041C5BD810252A4644
:1068F000AF425CD821F003069642A4F1080962DA9F
:10690000BC4BD3F808C009EB0600844500F0978023
:10691000D0F804C02CF0010303445B68DB0768D4A3
:106920002CF0030C06EB0C03934247DACB0710D490
:1069300054F8083CA9EB030ADAF8043023F0030109
:106940008C44B444944580F211817318934280F2D0
:10695000E88039464046FFF7FDFC0746E0B154F8B1
:10696000043C23F001034B44A0F10802934200F0E1
:10697000D280321F242A00F2F580132A00F2AC8064
:1069800003462246116819605168596092689A60FE
:106990002146404601F072F84046FFF791FF384625
:1069A000BDE8F88F25F00705002D2A46A0DA0C2354
:1069B000C8F8003000273846BDE8F88F1E46D0E9F9
:1069C0000223D3609A60731B0F2B22D8D9F80430AE
:1069D00003F0010333434E44C9F80430736843F0B5
:1069E0000103736040462746FFF76AFF3846BDE85B
:1069F000F88FC907ADD454F8083CA9EB030ADAF8BC
:106A0000041021F00301A0E7BDE8F84F1146FFF79D
:106A1000A1BCD9F8042009EB050102F001024E44A3
:106A200043F001032A43C9F804204B60736843F024
:106A3000010308317360404601F020F8D2E7DCF82A
:106A4000040020F0030B06EB0B0C05F1100084454D
:106A50004DDAC9073FF57DAF54F8081CA9EB010AD0
:106A6000DAF8041021F003018B44B34458453FF792
:106A70006CAF5746DAF80C1057F8080F321F242A6B
:106A8000C160886000F2DB80132A40F2D680216862
:106A9000CAF808106168CAF80C101B2A00F2DF80DF
:106AA00008340AF110022168116061685160A16820
:106AB00091600AEB0501ABEB050242F0010299601F
:106AC0004A60DAF8043003F001032B434046CAF869
:106AD0000430FFF7F5FE6EE72368036063684360E8
:106AE0001B2A68D804F1080200F108034AE709EB01
:106AF00005029A60ACEB050343F00103536054F8C0
:106B0000043C03F001032B43404644F8043CFFF7E8
:106B1000D7FE27464FE750F8043C23F003031E44FA
:106B200051E75746DAF80C1057F8080F321F242A9D
:106B3000C16088604CD8132A48D92168CAF8081067
:106B40006168CAF80C101B2A56D808340AF11002E2
:106B50001E462368136063685360A3689360D14640
:106B60003C4630E7214600F019FD11E7D0E9021359
:106B70005746CB60996057F8081FDAF80C30CB60A5
:106B8000321F242A99602DD8132A29D92368CAF8DC
:106B900008306368CAF80C301B2A42D808340AF15E
:106BA000100322681A6062685A60A2689A6066469A
:106BB000D1463C4607E7A3688360E368C360242AA4
:106BC00026D004F1100200F11003DBE63A46BFE7DD
:106BD000214638461E46D14600F0E0FC3C46F2E62F
:106BE0003B46DEE7214638466646D14600F0D6FCF5
:106BF0003C46E8E600110020A168CAF81010E168E0
:106C0000CAF81410242A20D010340AF118029FE781
:106C1000236903616169416104F1180200F11803FD
:106C2000B0E6A368CAF81030E368CAF81430242A22
:106C300021D010340AF11803B3E73A4633E721466E
:106C4000384600F0ABFC164B33E72269CAF818202F
:106C50006269CAF81C2018340AF1200278E7A1689A
:106C6000CAF81010E168CAF81410242A0DD01034A4
:106C70000AF1180217E72369CAF818306369CAF8DD
:106C80001C3018340AF120038BE72269CAF8182057
:106C90006269CAF81C2018340AF1200203E700BF19
:106CA000001100202DE9F04F9BB083460192104661
:106CB0004BEA02029A469307049140F0B182B0F188
:106CC000040918BF4FF00109019B9A0802925B006A
:106CD0000022059207934F465646049B062B40F22E
:106CE000DB80049B019A4FEA5308072B02FB08B88C
:106CF00000F0DB81049A0199531E282A01FB03BA94
:106D000000F20E8254465D4641462846B0470028B0
:106D100021464046C0F2F881B047002854DD002FDC
:106D20005BD1019BDBF80020D8F80010CBF80010F5
:106D30005B44C8F800200893089B0993534562D828
:106D4000019A06931C46002355465946C2F1000994
:106D5000D3469A4620460391B04700280399A0469F
:106D600040F34E81A345C0F0EE80A84603945546FB
:106D70008A460DE0DBF80010D8F80030CBF8003080
:106D8000C8F80010C8440125CB44A345C0F09B823D
:106D900051465846B0470028C0F2C080F4D1002FB9
:106DA000E8D0012F00F00E81019A41465B460BEBC3
:106DB000020C08781A7803F8010B01F8012BACEBF0
:106DC0000302002AF5DCDDE721462846B04715EA34
:106DD000200838BFA046002FA3D0012F00F010825A
:106DE000019B0BEB03005A46089098F800101378AB
:106DF00002F8011B08F8013B831A002BF5DC089B05
:106E0000099353459CD9049A019B03FB02B4089A49
:106E1000944231D9DDF824805D42C34528D2C24670
:106E200009E0D9F80030DAF80020C9F80020CAF8E3
:106E30000030DA451CD9D146AA4449465046B047ED
:106E4000002815DD002FECD0012F00F0FA80079A02
:106E500053460AEB0200197899F8002009F8011B43
:106E600003F8012BA0EB0902002AF4DCDA45E2D892
:106E7000019B98444445D0D8059B002B4BD0059BE3
:106E80001AAA013B059302EBC30353E910B3049321
:106E9000049B062B3FF625AF019B049A0BEB0305E1
:106EA00003FB02B8A845E7D9DDF81C90CDF80C80AB
:106EB0005C42AB4527D2AA4609E0D8F80030DAF8A0
:106EC0000020C8F80020CAF80030DA451BD9D046A7
:106ED000A24441465046B047002814DD002FECD0B4
:106EE000012F00F0BB8053460AEB0900197898F88F
:106EF000002008F8011B03F8012BA0EB0802002A70
:106F0000F4DCDA45E3D8019B1D44039BAB42D0D8A7
:106F1000059B002BB3D11BB0BDE8F08F4546514611
:106F2000DDF80C80002F5AD1019B2268DBF80000AD
:106F30002060CBF800201C44CB44A0464FF0010A4F
:106F4000A345BFF407AF5246DA468B46002A3FF40A
:106F50005AAF049B019A02FB03B4069BA8EB0309FA
:106F6000A3EB0B024A45A8BF4A46002A40F0A28084
:106F70000199621BA5EB0A03521A9A4228BF1A46CE
:106F8000002A40F01B8199454D46A4EB030004D232
:106F90005A461D4683464B461046019A93426AD98B
:106FA0000599072900F2FB80B3FBF2F3B5FBF2F57C
:106FB00004931AAB03EBC10343E910B54B1C0593D3
:106FC00083468AE6029945465846013903682A688D
:106FD00040F8042B002945F8043BF6DCD2E6012FEB
:106FE0001FD0019B5A461C44107898F8003008F8CE
:106FF000010B02F8013BA4EB0803002BF4DC9BE738
:107000000BD1002F40D1069B20681A6818602260BF
:10701000019A981806904FF0010A019B1C44A04663
:107020008EE7029ADC46013AD8F80030DCF800001E
:1070300048F8040B002A4CF8043BF4DC019B1C4488
:107040007AE7029B5146013BD9F80020086849F8CD
:10705000040B002B41F8042BF5DCEAE6029B5146B9
:10706000013BD8F80020086848F8040B002B41F8D1
:10707000042BF5DC29E7019B9D427FF6FDAE019BC9
:10708000B5FBF3F3049328E6012F00F0A780069ADE
:10709000019BD01898F800C0137802F801CB08F8CB
:1070A000013B831A002BF5DCB4E7079B13440BEB81
:1070B000430A34E6022FA8EB020140F0C5805A448F
:1070C000584691F800C0037800F801CB01F8013B65
:1070D000131A002BF5DC0199621BA5EB0A03521A67
:1070E0009A4228BF1A46002A3FF44DAFA01A4244E4
:1070F000057898F8001008F8015B00F8011BA2EB76
:1071000008010029F4DC3EE7B0470028FFF607AE8F
:1071100021462846B04714EA200838BFA846FEE5B5
:10712000D20801FB02F30BEB0305294658461C4627
:107130000393B0474FEA440900280BEB440421466F
:107140002846C0F29B80B047002875DD039BA8EB62
:10715000030441462046B047039B002808EB030187
:1071600006914046C0F2A280B04700285BDD039C38
:10717000AAEB09094C4421464846B047002851462D
:107180002046C0F28780B04700283FF7BDAD51468A
:107190004846B04719EA200438BF5446B4E5019C7C
:1071A000B3FBF4F122463346FFF77CFDA5427FF6A0
:1071B00066AE019BB5FBF3F304938EE5022FA4EBBF
:1071C000020094D09208013AD8F80010056848F8F7
:1071D000045B002A40F8041BF5DCD4E6DDF818C097
:1071E000029ADCF80030D8F800004CF8040B013AA1
:1071F000002A48F8043BF4DC0698019B184409E790
:10720000029A5846013A0368D8F8001040F8041B67
:10721000002A48F8043BF5DC019B5B4408938BE5AE
:107220004FF0020950E506992046B047069914EA46
:10723000200838BF88469AE721465846B0471BEADF
:10724000200538BF254681E792085846A446013AF2
:1072500003680C6840F8044B002A41F8043BF6DC54
:1072600001996446621BA5EB0A03521A9A4228BF91
:107270001A46002A3FF487AEA01AA3E7B0470028B9
:10728000FFF664AF21465846B04714EA200538BFE0
:107290005D465BE7B0470028FFF636AD51464846ED
:1072A000B0471AEA200438BF4C462DE5B047002805
:1072B000FFF65DAF06992046B047069911EA20080F
:1072C00038BFA04653E753462A46DA4645469B4612
:1072D000DDF80C803AE600BF024A0349034800F09B
:1072E000BBB800BF101500200D810000980A0020D7
:1072F0000C4B4168994210B5044601D002F046FE9D
:10730000A168094B994202D0204602F03FFEE16895
:10731000064B994204D02046BDE8104002F036BE2C
:1073200010BD00BF301E0020981E0020001F00204E
:107330002DE9F8432A4C2B4B2B48DFF8C090DFF89F
:10734000C0802A4F1860002504230822294604F132
:107350005C00274E6566C4E90253C4E90055C4E9E0
:107360000455A56100F096F9224B6367082229466F
:1073700004F1C400C4E90749C4E90987C4E91A55FE
:10738000C4E91E55C4F8CC502567C4F88050E662A5
:1073900000F080F9184BC4F8DC30294604F168038A
:1073A000082204F59670C4F88430C4E92298C4E930
:1073B0002476C4E93455C4E93855C4F83451C4F8C6
:1073C000D850C4F8E85000F065F904F1D003C4E9DE
:1073D0003C98C4E93E76C4F8EC30BDE8F88300BFC1
:1073E000301E0020681F0020595400008556000000
:1073F000A5560000090001001200020021560000FD
:107400004556000010B504460A4800F061FA636B67
:1074100023B9094B094A1B68626323B1BDE81040D8
:10742000044800F057BAFFF783FFBDE81040014859
:1074300000F050BAF81D0020681F002071540000B1
:10744000014800F045BA00BFF81D0020014800F0D7
:1074500041BA00BFF81D00202DE9F84380460F46D1
:1074600016464FF00009D6E90154013D11D4A38915
:10747000012B05F1FF3508D9B4F90E30013321464F
:1074800003D04046B84749EA00096B1C04F1680480
:10749000EDD13668002EE6D14846BDE8F88300BF3E
:1074A00010B50C46B1F90E1000F0A6F9002803DB68
:1074B000236D0344236510BDA38923F48053A38166
:1074C00010BD00BF2DE9F0410C46B1F90C101F466C
:1074D000CB05054616460BD421F48051A1813B46CD
:1074E000B4F90E1032462846BDE8F04100F0ACB9C0
:1074F000B4F90E100223002200F068F9B4F90C1060
:10750000EAE700BF10B50C46B1F90E1000F05EF9C5
:10751000A389421C0EBF23F4805343F4805320659B
:10752000A38110BDB1F90E1000F03EB910B51A4C90
:10753000002924689AB02ADB009004904FF402706E
:10754000ADF80C0013D001394FF6FF700291059190
:10755000ADF80E006946204600F076FF421C01DAC5
:107560008B232360009B00221A701AB010BD4FF6C7
:10757000FF7002910591ADF80E006946204600F0BB
:1075800063FF431C01DA8B2323601AB010BD8B23E9
:1075900023604FF0FF30F8E71C15002088420DD91A
:1075A0008B1883420AD900EB020CBAB1624613F879
:1075B00001CD02F801CD9942F9D170470F2A0ED8BA
:1075C000034602F1FF3C4AB10CF1010C013B8C4433
:1075D00011F8012B03F8012F6145F9D1704740EAFA
:1075E00001039B0750D1A2F1100370B501F1200CEB
:1075F00023F00F0501F1100E00F11004AC441B093B
:107600005EF8105C44F8105C5EF80C5C44F80C5CAE
:107610005EF8085C44F8085C5EF8045C44F8045CBE
:107620000EF1100EE64504F11004E9D1013312F019
:107630000C0F01EB031102F00F0400EB031327D032
:10764000043C24F003064FEA940C1E441C1F8E4693
:107650005EF8045B44F8045FB442F9D10CF1010414
:1076600002F0030203EB840301EB840102F1FF3C0F
:107670004AB10CF1010C013B8C4411F8012B03F8C9
:10768000012F6145F9D170BD02F1FF3C03469BE734
:107690002246EBE7830730B548D0541E002A3FD07E
:1076A000CAB2034601E0013C3AD303F8012B9D071F
:1076B000F9D1032C2DD9CDB245EA05250F2C45EA89
:1076C000054536D9A4F1100222F00F0C03F1200E6B
:1076D000E6444FEA121C03F1100242E9045542E964
:1076E000025510327245F8D10CF1010214F00C0F62
:1076F00003EB021204F00F0C13D0ACF1040323F0DF
:1077000003030433134442F8045B9342FBD10CF0AF
:1077100003042CB1C9B21C4403F8011B9C42FBD1E9
:1077200030BD64461346002CF4D1F9E703461446F5
:10773000BFE71A46A446E0E740EA01039B0730B5DD
:1077400001D1032A0FD8844601F1FF3E07E01EF85D
:10775000011F03F8011B541EC1B19C46224663461B
:10776000002AF4D130BD0B468446194653F8045B19
:10777000A5F1013424EA050414F0803FE4D1043A71
:10778000032A4CF8045B1946EFD8DDE79444002C3B
:10779000E8D003F8011B6345FBD130BD014B93F8E2
:1077A00028017047940F002038B5074D0022044689
:1077B00008462A60FCF7DAFE431C00D038BD2B686F
:1077C000002BFBD0236038BD7C1F002038B50C4651
:1077D000084D8446114620461A4600232B60644615
:1077E000FCF7D0FE431C00D038BD2B68002BFBD02B
:1077F000236038BD7C1F002038B50C46084D8446F8
:10780000114620461A4600232B606446FCF7ACFE66
:10781000431C00D038BD2B68002BFBD0236038BD43
:107820007C1F002038B5074D0022044608462A6018
:10783000FCF780FE431C00D038BD2B68002BFBD02A
:10784000236038BD7C1F002038B50C46084D8446A7
:10785000114620461A4600232B606446FCF718F9AF
:10786000431C00D038BD2B68002BFBD0236038BDF3
:107870007C1F0020014B1868704700BF1C150020BA
:1078800070B50D4E0D4D761BB61006D0002455F880
:10789000043B01349847A642F9D1094E094D761BA5
:1078A00005F08EF9B61006D0002455F8043B0134DB
:1078B0009847A642F9D170BD181C0060181C0060E2
:1078C000201C0060181C0060704700BF704700BF9C
:1078D000704700BF704700BF0000000000000000BC
:1078E0000000000000000000000000000000000098
:1078F0000000000000000000000000000000000088
:1079000090F800F06DE9024520F007016FF0000CDF
:1079100010F0070491F820F040F049804FF0000487
:107920006FF00700D1E9002391F840F000F1080062
:1079300082FA4CF2A4FA8CF283FA4CF3A2FA8CF39A
:107940004BBBD1E9022382FA4CF200F10800A4FA01
:107950008CF283FA4CF3A2FA8CF3E3B9D1E9042355
:1079600082FA4CF200F10800A4FA8CF283FA4CF38C
:10797000A2FA8CF37BB9D1E9062301F1200182FA46
:107980004CF200F10800A4FA8CF283FA4CF3A2FA4C
:107990008CF3002BC6D0002A04BF04301A4612BA5A
:1079A000B2FA82F2FDE8024500EBD2007047D1E95D
:1079B000002304F00305C4F100004FEAC50514F0EC
:1079C000040F91F840F00CFA05F562EA05021CBFBD
:1079D00063EA050362464FF00004A9E7F8B5244FB7
:1079E0000C460646FEF766FFBB685D68C4F57E611F
:1079F0000F3125F003054B1923F47F6323F00F03A8
:107A0000A3F58054B4F5805F07DB00213046FFF713
:107A100009FFBB682B44984204D03046FEF750FF64
:107A20000020F8BD61423046FFF7FCFE01300DD06A
:107A3000104ABB682D1B45F001055D601368304698
:107A40001B1B1360FEF73CFF0120F8BD00213046F0
:107A5000FFF7E8FEBA68831A0F2BDEDD43F001035F
:107A60005360054B03491B68C01A0860D5E700BF87
:107A700000110020FC1D002008150020002961D005
:107A8000F8B50C460646FEF715FF54F8042C7B4F5C
:107A9000A4F1080522F0010105EB010CB868DCF83F
:107AA0000430604523F0030300F08B80D207CCF84C
:107AB000043032D454F8082CAD1A1144AA6807F1E6
:107AC000080082426AD00CEB0304D4F804E0EC68AE
:107AD000D4601EF0010FA26000F0978041F0010316
:107AE0006B60CCF80010B1F5007F35D27868CB0818
:107AF0000122490901338A40024357F833107A6062
:107B000007EBC302083AC5E9021247F83350CD60CB
:107B10003046BDE8F840FEF7D3BE0CEB03025268D6
:107B2000D00710D4194407F10800DCF8083083426C
:107B300073D0DCF80C20DA60936041F001036B60D5
:107B40006950D0E7704741F00103B1F5007F44F878
:107B5000043CCCF80010C9D3B1F5206F4FEA512393
:107B600048D28B0903F1390003F13802C300F81839
:107B7000FB580838984259D05A6822F003028A42CA
:107B800002D99B689842F7D1D868C5E90230856070
:107B9000DD603046BDE8F840FEF792BE0CEB030214
:107BA0005268D20763D40B44DCE90212CA609160C8
:107BB00043F001026A603046EB50BDE8F840FEF742
:107BC0007FBE0B44D10707D454F8082CAD1A1344D8
:107BD000D5E90212CA60916043F001026A60284A46
:107BE000BD6012689A4293D8264B30461968FFF759
:107BF000F5FE8DE7142B0AD9542B1FD80B0B03F17C
:107C00006F0003F16E02C300B1E719448DE703F181
:107C10005C0003F15B02C300A9E741F00103C7E97F
:107C20000455C5E902006B60695071E779689210EC
:107C3000012404FA02F20A437A60A6E7B3F5AA7FA8
:107C400006D8CB0B03F1780003F17702C3008EE76F
:107C500040F25452934206D88B0C03F17D0003F19D
:107C60007C02C30083E74FF47E737E227FE741F0FE
:107C700001036B60CCF800104AE700BF0011002040
:107C80000C1500202C1E002082B049B15AB16BB1F6
:107C900013780B601278101E18BF012002B07047D5
:107CA00001A9002AF3D1104602B070476FF001001D
:107CB000F4E700BF436C70B505460C464BB153F872
:107CC000240080B1026843F824200023C0E9033374
:107CD00070BD2122042102F02FFB034668640028B6
:107CE000EDD1002070BD012101FA04F6721D920051
:107CF000284602F021FB0028F3D0C0E90146E4E762
:107D000031B1436C4A6853F82200086043F82210EE
:107D1000704700BF2DE9F0410E6980460F461D46B1
:107D200001F1140E0020DEF800108CB202FB0453A7
:107D3000090C4FEA134C02FB01CC01309CB204EB5E
:107D40000C4486424EF8044B4FEA1C45EBDC3DB137
:107D5000BB68B34207DD07EB860301365D613E6118
:107D60003846BDE8F081796840460131FFF7A2FF4F
:107D70000446B0B13A69023207F10C0192000C30AE
:107D8000FCF78EF9D8F844307A6853F8221039603D
:107D900043F82270274607EB860301365D613E619A
:107DA000DEE7034B03482246BA2102F0A5FA00BFE2
:107DB000B4040020C8040020030C1B04D3B9000441
:107DC000102310F07F4F04BF0002083310F0704FF3
:107DD00004BF0001043310F0404F04BF80000233A1
:107DE000002805DB10F0804F03F1010308BF2023BA
:107DF000184670470023E4E7036813F0070208D031
:107E0000D9071FD49A0722D55B08036001221046C8
:107E1000704799B209B91B0C1022D9B209B90832BE
:107E20001B0A190704BF1B090432990704BF9B08EA
:107E30000232D90703D45B0802F1010205D00360C6
:107E4000104670470022104670472022DFE79B084B
:107E5000022203601046704738B5436C04460D4655
:107E60004BB15868B0B102685A6000220123C0E9E2
:107E70000435C26038BD2122042102F05DFA0346B8
:107E800060640028EDD1094B0948002240F24511F9
:107E900002F032FA1C220121204602F04DFA00289D
:107EA000F1D001220223C0E90123DEE7B40400205F
:107EB000C80400202DE9F04F0E691569AE4285B067
:107EC0008846144605DB2A46234635460C461646A8
:107ED0009846A3686168AF19BB42B8BF0131FFF78C
:107EE000E9FE0190002800F08780019B03F114094E
:107EF00009EB870AD14505D24B46002243F8042BF3
:107F00009A45FBD808F1140808EB860B04F114031A
:107F1000D8451A4603EB85055FD22B1B153B23F092
:107F2000030304331534A54238BF0423CDE902A767
:107F3000AC461F46924605E0090C29D1C34509F11C
:107F4000040948D958F8041B8DB2002DF4D05646C8
:107F50004C46002356F8041B22681FFA81FE90B29B
:107F6000090C05FB0E00120C034405FB012202EB79
:107F700013429BB243EA0243B44544F8043B4FEA40
:107F80001243E7D849F8073058F8041C090CD5D03B
:107F9000D9F8003050461A464C4600260588120C87
:107FA00001FB052216449BB243EA064344F8043B16
:107FB00050F8045B22682D0C93B201FB053303EBF0
:107FC000164384454FEA1346E8D8C34549F80730BD
:107FD00009F10409B6D8DDE902A7002F02DC05E0AB
:107FE000013F03D05AF8043D002BF9D0019B1846FD
:107FF0001F6105B0BDE8F08F034B0448019A4FF4B0
:10800000B17102F079F900BFB4040020C804002067
:1080100012F003032DE9F0411446064632D10D4615
:10802000A41020D0D6F84080B8F1000F33D0E30779
:108030004FF0000707D4641015D0D8F80000A8B19D
:108040008046E307F7D5424629463046FFF732FF20
:10805000B5B16968736C641053F821202A6043F845
:1080600021500546E9D12846BDE8F0814246414607
:108070003046FFF71FFFC8F8000007608046E0E7C2
:108080000546D8E7013B0F4A52F823200023FFF7AB
:1080900041FE0546C4E701213046FFF70BFE80464E
:1080A00040B1012340F27122C0E904320023306460
:1080B0000360BCE7044B0548424640F2451102F01C
:1080C0001BF900BF98090020B4040020C804002058
:1080D0002DE9F0470D4614462F69AB68496807EB58
:1080E00062177E1C9E4280464FEA621904DD5B00E7
:1080F0009E4201F10101FADC4046FFF7DBFD8446B8
:10810000002852D0B9F1000F00F114020EDD09F180
:1081100005014FEA810E134600EB8101002043F870
:10812000040B8B42FBD1AEF114031A44296905F10B
:10813000140314F01F0E03EB81012ED0CEF12009A1
:1081400010464FF0000A1C6804FA0EF444EA0A04D0
:1081500040F8044B53F8044B994224FA09FAF2D838
:108160004B1B153B23F00303043305F1150081423B
:1081700038BF0423BAF1000F18BF374642F803A0F6
:10818000D8F844306A68CCF8107053F8221029608F
:10819000604643F82250BDE8F087043A53F8040BD8
:1081A00042F8040F9942F9D8EAE7034B03486246C4
:1081B0004FF4EF7102F0A0F8B4040020C8040020CE
:1081C0000B6984460069C01A16D10CF1140C1431E5
:1081D0000CEB830210B401EB830301E0944508D259
:1081E00052F8044D53F8041D8C42F7D005D24FF0DD
:1081F000FF305DF8044B7047704701205DF8044B79
:10820000704700BF2DE9F84F0F691369FF1A002F5F
:108210000E4690467FD101F11405143202EB830221
:1082200005EB830301E09D4278D253F8041D52F818
:10823000044DA142F7D069D37168FFF73BFD814639
:10824000002877D03569D8F81020C76008F1140EDF
:1082500006F1140009F1140A06F110010EEB820276
:1082600000EB850756464FF0000C5EF8044B51F8C2
:1082700004BFA3B21CFA8BFCACEB03034FEA144C13
:10828000CCEB1B4C0CEB234C9BB243EA0C437245EA
:1082900046F8043B4FEA2C4CE7D8A2EB080115390D
:1082A00008F11508424521F0030404F1040438BF25
:1082B0000424204421F0030238BF002287425244A4
:1082C000544418D92646014651F8043B1CFA83FC55
:1082D0004FEA2C4202EB13421FFA8CFC4CEA024399
:1082E0008F4246F8043B4FEA224CEDD8013F3F1A3B
:1082F00027F00307E21923B952F8043D013D002B92
:10830000FAD0C9F810504846BDE8F88F3346012727
:108310004646984690E7F9DB00278DE70021FFF7F6
:10832000C9FC814668B101220023C9E904234846FB
:10833000BDE8F88F064B07484A4640F2452101F058
:10834000DBFF034B03484A4640F2372101F0D4FFDC
:10835000B4040020C80400202DE9F043884683B00F
:10836000012157EC106B1546FFF7A4FC04460028CA
:1083700051D0C7F30A59C7F31303B9F1000F01D065
:1083800043F48013002E019318D101A8FFF734FDA8
:10839000019A6261012200F120032261B9F1000F0C
:1083A00025D0A9F2334909EB03022046C3F1350376
:1083B000C8F800202B6003B0BDE8F0836846009643
:1083C000FFF71AFD034610B3DDE90002C3F12001F7
:1083D00002FA01F10143DA4061610192002AA261CF
:1083E00014BF022201222261B9F1000FD9D1A3F2F8
:1083F0003243C8F8003004EB82031869FFF7DCFC55
:10840000C0EB421320462B6003B0BDE8F083009A16
:108410006261019AE2E7034B0348224640F20F31C2
:1084200001F06AFFB4040020C804002049B1FF2A0B
:1084300002D80A70012070478A2303604FF0FF3092
:1084400070470846704700BF2DE9F04F2DED088BAF
:10845000D1B00C460BEE101A90460893834601F0FB
:10846000BBFE036812931846FFF74AFA20AF10903C
:10847000082200213846FFF70DF9A3891B0603D512
:108480002369002B00F0558700239FED838B9FED20
:10849000849BCDE92533CDE91333CDE9153327AAE4
:1084A0000E9324929246119304934446A1467E4B28
:1084B000D3F8E450FFF772F94A4603461CA9009727
:1084C0005846A847002800F0B080C0F2A6801C9A49
:1084D000252A034601D09944E9E7B9EB040506468D
:1084E00040F0A78000234FF0FF328DF867309846A8
:1084F000069309F1010999F8003003922B252026F3
:1085000009F10109A3F120025A2A00F2CF80DFE825
:1085100012F0E802CD00CD00E302CD00CD00CD0089
:108520006A00CD00CD0005028402CD001002C90210
:10853000CD00BD025B005B005B005B005B005B008D
:108540005B005B005B00CD00CD00CD00CD00CD0019
:10855000CD00CD005301CD0083011A025301530118
:108560005301CD00CD00CD00CD001502CD00CD00D2
:108570009602CD00CD00CD00AB01CD00AA02CD000A
:10858000CD00E306CD00CD00CD00CD00CD00CD0067
:10859000CD00CD005301CD008301DE015301530115
:1085A00053017702DE017F00CD008902CD005F021A
:1085B000E0062F027F00CD00AB017C00B806CD00A5
:1085C000CD00BD06CD007C00A3F13002002119F8DA
:1085D000013B01EB810102EB4101A3F13002092AC9
:1085E000F5D906918EE7584601F0F6FD43681593DC
:1085F0001846FFF785F91690584601F0EDFD83689F
:108600001393169B002B40F02D8699F8003077E7E6
:1086100099F8003048F0200872E708220021384617
:10862000FFF738F80123994441E7B9EB0405064602
:1086300011D0269B2B442693259B0133072BCAE997
:10864000004525931CDC0AF1080A049B2B44049383
:10865000002E7FF447AF269B002B41F00B821BEED0
:10866000103AB3F90C3013F0400F049B18BF4FF0D1
:10867000FF330493049851B0BDEC088BBDE8F08F34
:108680001BEE101A24AA584602F0E2FD0028E6D19B
:108690000DF19C0AD9E700BF0000000000000000B7
:1086A000FFFFFFFFFFFFEF7F940F00200B93002BD6
:1086B000D1D00021CDE90C118DF8DC3001238DF8EB
:1086C000671002930791059303910F9137AC18F04F
:1086D0000203099302D0029B0233029318F0840331
:1086E0000A9305D1069B029A9D1A002D00F3698317
:1086F000269A89B125990DF1670001310132CAF836
:10870000000007294FF0010026922591CAF80400C5
:1087100000F3A2830AF1080A099B83B1259B1AA9D9
:1087200001330232CAF80010072B4FF002012692E3
:108730002593CAF8041000F3A3830AF1080A0A9BE0
:10874000802B00F06C82039B05995D1A002D00F3CD
:10875000A58218F4807F40F00D82059BCAF8043092
:108760001A44259BCAF800400133072B2692259313
:1087700000F31B830AF1080A18F0040F05D0069BCA
:1087800002995C1A002C00F38883049B06990298D6
:108790008142ACBF5B181B180493002A40F0B082E2
:1087A00000232593079B1BB107995846FFF766F9ED
:1087B0000DF19C0A4C4679E60B93089B073323F096
:1087C0000703B3EC028BB0EEC87BB4EE497BF1EE4D
:1087D00010FA089340F3E984B5EEC08BF1EE10FA7D
:1087E00001F159809DF86710AB4CAC4B28F0800824
:1087F0000B9A472AC8BF1C460023CDE90C3303223D
:1088000007930292059203930F9300293FF45FAF01
:10881000029B013302935AE7432B0B9303D018F0CA
:10882000100F00F05D85089D0822002122A837ACBA
:10883000FEF730FF22AB55F8042B2146584602F0D4
:10884000C1FC03460133059001F0EE82059B0895BB
:1088500023EAE37302930021CDE90C118DF8671030
:10886000079103910F9132E70B93089B1A4600235F
:108870008DF86730134653F8044B0893002C00F032
:1088800048850B9B532B00F0EC8618F010030C93DB
:1088900040F0E786039B5D1C01F0E5800C991A46C9
:1088A000204601F09DFC0790002801F02883079BDB
:1088B0001A1B05920C9B039322EAE2720F930D930D
:1088C000079373239DF8671002920B939DE718F0AE
:1088D000200F0B93089B3DD0073323F007031A4664
:1088E00011465B6851F8082B08911946002BC0F21D
:1088F0000C84039B013300F09E8228F0800052EA32
:108900000103029040F09982039B002B40F09A8271
:10891000804600230393059350AC06E1089B53F86F
:10892000042B0692002A80F21984069A0893524278
:10893000069299F8003048F00408E1E599F8003013
:1089400048F00808DCE548F0100818F0200F0B93F9
:10895000089BC1D118F0100F40F00B8418F0400FA5
:1089600000F0038433F9042B0893D1170B46BDE7BD
:10897000089B48F00202029253F8042B089347F632
:108980003003ADF868307820454B11930021022365
:108990000B900020039C8DF86700601C00F0AD80F8
:1089A000029820F0800852EA010040F0A480002CD8
:1089B00040F0AE86002BACD1029B13F0010305936F
:1089C00000F0D18330238DF83F310DF23F14ACE03D
:1089D00018F0200F40F0D48318F0100F40F09F865D
:1089E00018F0400F40F0978718F4007F00F097864A
:1089F000089B049953F8042B089311704C4655E5D5
:108A000099F80030682B03BF99F8013048F40078DA
:108A100009F1010948F0400872E599F800308DF835
:108A200067506DE599F800306C2B03BF99F8013061
:108A300048F0200809F1010948F0100860E50B939F
:108A400048F0100818F0200100F05183089B07330C
:108A500023F00703596853F8082B089328F4806320
:108A60000293002395E70B9348F010030293029BB7
:108A700013F0200100F02983089B073323F007033C
:108A8000596853F8082B0893012382E799F80030BE
:108A900048F0800834E500BF9406002098060020C6
:108AA000A4060020494611F8013B2A2B01F0498217
:108AB000A3F13002092A894698BF002101F24481BE
:108AC00019F8013B01EB810102EB4101A3F13002F6
:108AD000092AF5D9039115E599F8003048F0010805
:108AE0000EE59DF86730002B7FF48FAD99F80030CC
:108AF0008DF8676004E5CDF80880012B00F09D81BA
:108B0000022B50AC20D1119802F00F031209C35C64
:108B100004F8013D42EA0172090952EA0103F3D166
:108B200050AB1B1BDDF808800593059A03989DF850
:108B3000671082424FF00003B8BF0246CDE90C3304
:108B4000079302920F9360E602F00703D20842EA0D
:108B50004172C908303352EA0105204604F8013D4C
:108B6000F2D1029AD10700F14D8250AB1B1B904607
:108B70000593DAE70B9B652B40F3D480B5EE408B71
:108B8000F1EE10FA40F0C181259BBA49CAF80010F5
:108B9000013301320121072B26922593CAF80410D4
:108BA00000F351850AF1080A1B9B0E998B4280F253
:108BB000D082109B12991A44CAE90013259B269271
:108BC0000133072B259300F397830AF1080A0E9BC4
:108BD0005C1E002C7FF7D0AD102C259B40F36E85DA
:108BE0001BEE106A102505E00AF1080A103C102C53
:108BF00040F364850133A0491032072BCAE9001500
:108C0000CDE92532F0DD24AA3146584602F020FB9A
:108C100000287ED1DDE925320DF19C0AE6E7069BAE
:108C200002995D1A002D7FF78EAD102D259B21DD59
:108C3000099410261BEE104A04E0103D102D0AF195
:108C4000080A16DD01338C491032072BCAE90016D9
:108C5000CDE92532F1DD24AA214658460DF19C0AC2
:108C600002F0F6FA002854D1103D102DDDE925322E
:108C7000E8DC099C8049CAF8045001332A44072BD8
:108C8000CDE92532CAF8001000F32685039B05992B
:108C90005D1A002D0AF1080A7FF75BAD102D259BA8
:108CA0001FDD514610261BEE10AA04E0103D102DCA
:108CB00001F1080114DD01336F481032072BC1E9BF
:108CC0000006CDE92532F1DD24AA5146584602F0CE
:108CD000BFFAF0B9103D102DDDE9253227A9EADCF5
:108CE0008A4601336449CAF804502A44072BCDE967
:108CF0002532CAF8001000F3DA810AF1080A28E5E3
:108D00001BEE101A24AA584602F0A2FA00283FF4DB
:108D100047AD079B002B3FF4A2AC07995846FEF7DE
:108D2000ADFE9CE40E9B012B40F37A81259BCAF893
:108D30000040013301320121072B26922593CAF806
:108D4000041000F3F8810AF1080A1099129801330F
:108D50000A44072BCAE90001CDE9253200F3DD8181
:108D60000AF1080AB5EE408BF1EE10FA00F07781B7
:108D70000E990133013901340A44072BCAF8004027
:108D80002593CAF80410269200F35B810AF1080AC1
:108D90001499CAF8041001330A44072B1EA9CDE91F
:108DA0002532CAF800107FF7E5AC1BEE101A24AA92
:108DB000584602F04DFA0028ABD1269A0DF19C0AD4
:108DC000DAE4102DDDE925122C4E24DD1794102352
:108DD0001BEE104A084604E0103D102D0AF1080A67
:108DE00017DD013010320728CAE90063CDE92502FA
:108DF000F2DD24AA214658460DF19C0A02F028FA19
:108E0000002886D1103D102DDDE925024FF010031A
:108E1000E7DC179C014601312A440729CDE92512D8
:108E2000CAF80060CAF8045000F3BD839DF86710CB
:108E30000AF1080A5DE4CDF808800A2A71F10003FE
:108E400080F0458330320123DDF808808DF83F2122
:108E500005930DF23F1468E61BEE101A24AA58463B
:108E600002F0F6F900287FF454AF269A0DF19C0A1F
:108E700052E400BFD4060020740A0020F806002047
:108E80001BEE101A24AA584602F0E2F900287FF4DB
:108E900040AF269A0DF19C0A51E4102C259BBE4E42
:108EA0001FDD1BEE108A102504E0103C102C0AF187
:108EB000080A16DD01331032072BCAE90065CDE937
:108EC0002532F2DD24AA414658460DF19C0A02F0F3
:108ED000BFF900287FF41DAF103C102CDDE92532CE
:108EE000E8DC01332244072BCAE90064CDE92532CE
:108EF0007FF74BAC1BEE101A24AA584602F0A8F9D3
:108F000000287FF406AF269A3FE41B99002940F31E
:108F10005A830C9E0E9B9E42A8BF1E46002E0BDD60
:108F2000259B01333244072BCAE90046269225933C
:108F300000F389860AF1080A0C9D002EA8BFAD1B1C
:108F4000002D00F303820C9B18F4806F23440593DB
:108F500040F01F821B9B0E998B4203DB18F0010F20
:108F600000F0CF84109912980A44CAE900012599AB
:108F7000269201310729259100F3A5860AF1080AF6
:108F80000E996518CC1A059BED1AA542A8BF254677
:108F9000002D0DDDCAF80030259BCAF804500133BE
:108FA0002A44072B2692259300F3BB860AF1080A70
:108FB000002DA8BF641B002C7FF7DEAB102C259B77
:108FC00040F37C831BEE106A102505E00AF1080AC5
:108FD000103C102C40F37283013370491032072B80
:108FE000CAE90015CDE92532F0DD24AA31465846FC
:108FF00002F02EF900287FF48CAEDDE925320DF168
:109000009C0AE5E7302B3FF48BAD3023023804F89F
:10901000013C50AB1B1ADDF808800593044684E53B
:1090200018F0010F7FF482AE259BCAF8004001338F
:1090300001320121072B26922593CAF804107FF7ED
:10904000A5AE1BEE101A24AA584602F001F900281A
:109050007FF45FAEDDE925320DF19C0A98E60E99AA
:109060004C1E002C7FF794AE102C40F361831BEE56
:10907000106A102505E00AF1080A103C102C40F394
:109080005783013345491032072BCAE90015CDE952
:109090002532F0DD24AA3146584602F0D9F80028DE
:1090A0007FF437AEDDE925320DF19C0AE5E71BEED2
:1090B000101A24AA584602F0CBF800287FF429AEF3
:1090C000269A0DF19C0AFFF744BB029B13F0100394
:1090D00040F0C180029A12F0400200F07A830898B2
:1090E00050F8042B0890194692B2012351E418F06D
:1090F000100355D118F0400200F05D83089850F835
:10910000042B0890194692B2A8E4524261EB410147
:10911000CDF808802D2001233CE41BEE101A24AA70
:10912000584602F095F800287FF4F3ADDDE92532CA
:109130000DF19C0A16E61BEE101A24AA584602F0FE
:1091400087F800287FF4E5ADDDE925320DF19C0AB2
:10915000FBE518F0010F3FF40FAB2AE5089399F8EF
:109160000030FFF7CDB950ACDFE418F4007F40F0D9
:10917000DB8353F8042B0893D1170B46FFF7B6BBDC
:10918000089B049853F8041B0893C217C1E9000216
:109190004C46FFF78BB900BFF8060020740A002088
:1091A000089B53F8042B089358E4B4EE488BF1EE77
:1091B00010FA80F194860B9B612B00F05285412BB5
:1091C00000F0C085039B01330B9B23F0200500F0CA
:1091D0008084472D04D1039B002B08BF01230393F8
:1091E00018EE903A002B48F480724646C0F218867A
:1091F000B0EE48AB00239046099307930B9B413B8D
:10920000252B00F29883DFE813F06F049603960392
:10921000960368046C0496039603960396039603DC
:109220009603960396039603960396039603960376
:109230009603960396039603960396039603960366
:109240009603960396039603960396039603960356
:10925000960368046C04089B53F8042B08930123BD
:10926000FFF797BB139B002B3FF4CFA9139B1B78F1
:10927000002B3FF4CAA999F8003048F48068FFF742
:109280003FB90B93CDF80880FFF7F1BB0B939A4BD6
:10929000119318F0200100F00581089B073323F09B
:1092A0000703596853F8082B089318F0010F0AD0E8
:1092B00052EA010307D00B9B8DF86930302348F048
:1092C00002088DF8683028F4806302930223FFF7C8
:1092D00060BB0B93FFF7B6BB0B93884B1193D8E79A
:1092E000089B012153F8042B02918DF8DC20089390
:1092F000059137ACFFF7AFBA1BEE101A24AA5846F7
:1093000001F0A6FF00287FF404AD269A0DF19C0A17
:109310005DE4039B0794062B224628BF0623039493
:109320002146CDE90C22764C029305930F92FFF76C
:109330006CBA40215846FDF70DF8206020610028E6
:1093400000F00F8640236361FFF79EB8102D259B28
:1093500040F35D82514610261BEE10AA04E008314E
:10936000103D102D40F35282013366481032072B16
:10937000C1E90006CDE92532F1DD24AA514658465F
:1093800001F066FF00287FF4C4ACDDE9253227A98F
:10939000E6E70E9BCDF82490E31803930D9BCDF8E0
:1093A0002880139E059DDDF85890DDF83C800B94D5
:1093B0001BEE101A5046002B34D0B8F1000F35D1F7
:1093C0000D9B013B013E0D93159BC0E90039259B88
:1093D00001334A44072B269225936CDC0830039B0B
:1093E00096F800C05B1B6345A8BF6346002B9A46F6
:1093F0000CDD259C01341A44072CC0E90053269249
:10940000259400F3778196F800C00830BAF1000F78
:10941000ACBFACEB0A046446002C0ADC65440D9B2F
:10942000002BCAD1B8F1000F00F0AC8308F1FF386F
:10943000CAE7102CDDF894C024DD05954FF0100A22
:1094400063460D4604E0103C102C00F1080016DDC8
:1094500001332C491032072BC0E9001ACDE925321F
:10946000F1DD24AA2946584601F0F2FE00287FF4D7
:1094700050AC103C102CDDE9253227A8E8DC294649
:10948000059D9C460CF1010322444460072B1D4CB2
:109490000460CDE9253200F3C68396F800C0083099
:1094A0006544BCE718F0100300F0C280089B53F835
:1094B000042B0893F9E624AA5846059101F0C8FE4A
:1094C00000287FF426AC269A059927A887E70298FA
:1094D000CDF81CA050AC00F4806000250AEE10BA54
:1094E000094BDDF84CA0CDF81490A3464FF00508C9
:1094F000AC46044610E000BFA4060020B8060020D9
:10950000CC060020740A0020CDCCCCCC0A2A71F104
:10951000000136D34A463146501840F10000A3FB03
:10952000005626F0030505EB9605401B151A4FF073
:10953000CC3661F1000E06FB05F6A5FB039503FB97
:109540000E6609F0010E2E44AEFB085E2D184FEAA0
:10955000590930350BF8015C49EAC6790CF1010C68
:109560000BF1FF3B7608002CD0D09AF80000844520
:10957000CCD1BCF1FF0FC9D00A2A71F1000180F0F3
:109580008F815C4650AB1B1BDDF81490CDF84CA0CE
:109590001AEE10BADDF81CA0DDF80880CDF838C04E
:1095A0000593FFF7C2BA1BEE101A24AA584601F021
:1095B0004FFE00287FF4ADAB9DF86710269A0DF1A1
:1095C0009C0AFFF796B8259BBE48CAF800000133F5
:1095D00001320120072B26922593CAF8040000F3DC
:1095E00077810AF1080A002940F0AF800E9908F04F
:1095F00001030B433FF4C0A8109B12991A44CAE917
:109600000013259B26920133072B259300F35282EA
:109610000AF1080A0E99CAF8004001330A44072BE0
:10962000CDE92532CAF804107FF7A4A8FFF7BDBB27
:1096300018F0400200F0DD80089850F8042B0890E4
:10964000194692B231E61BEE101A24AA584601F0D0
:10965000FFFD00287FF45DAB269A0DF19C0AFFF711
:10966000A3BA22AE0822002130461D94FEF712F85C
:10967000039B5A1C00F0DB800025CDF80890CDF844
:109680001C809946A8460CE037A9584601F09AFD7F
:10969000431C404400F0C883484508DC00F01884AF
:1096A00080461D9A525933460435002AECD1CDF834
:1096B0001480DDF80890DDF81C80C5E00133824994
:1096C000CAF804402244072BCAF80010CDE925321D
:1096D0007FF750A8FFF769BB1BEE101A24AA584663
:1096E00001F0B6FD00287FF414AB269A0DF19C0A18
:1096F000FFF729B824AA5846059101F0A9FD0028D2
:109700007FF407AB96F800C0269A059927A87DE656
:10971000012BCDF808807FF4F3A9FFF793BB089BDA
:10972000049953F8042B4C4611600893FEF7BEBE13
:1097300001336549CAF804402244072BCDE925329C
:10974000CAF800107FF722AB7BE4109B12981A44F2
:10975000CAE90003259B26920133072B259300F3CA
:10976000A9810AF1080A0029BFF654AF4D42103111
:1097700080F20F831BEE101A102605E00AF1080A8A
:10978000103D102D40F3058301334F481032072B55
:10979000CAE90006CDE92532F0DD24AA5846039136
:1097A00001F056FD00287FF4B4AADDE925320399C3
:1097B0000DF19C0AE4E7089B18F400711ABF1146EA
:1097C00053F8042B53F8042B089318BFD2B2FFF7B9
:1097D00045B9029B13F40071089B1ABF114653F858
:1097E000042B53F8042B089318BFD2B20123FFF7C0
:1097F000D0B8089B18F400711ABF114653F8042B17
:1098000053F8042B089318BFD2B24EE58A460133B1
:109810002D49CAF804502A44072BCDE92532CAF84D
:10982000001000F339810AF1080AFFF78CBB00230E
:10983000194600961DAA584601F0EAFC034601337A
:10984000059000F0F1821D94059B002B4ED0632BF8
:1098500000F318810023079337AC0822002130461B
:10986000FDF718FF059D00962B461DAA2146584678
:1098700001F0CEFC854240F07C83059A0023A3547E
:1098800022EAE272CDE90C339DF86710039302924D
:109890000F93FEF7BABF2D218DF86710FEF7A4BF16
:1098A000169B1599ABEB030B1A465846FDF744FF80
:1098B0009AF80120054B0AB10AF1010A4FF0000C99
:1098C00028E600BFD4060020740A0020CDCCCCCC02
:1098D0001BEE101A24AA584601F0BAFC00287FF4A7
:1098E00018AA1B99269A0DF19C0A7CE6059B9DF807
:1098F00067100F93CDE90233CDE90C330793FEF7E0
:1099000084BF0E99059865182D1ACC1AA542A8BFD8
:109910002546FFF74DBB089B049953F8042B089389
:1099200011804C46FEF7C2BD13F9042B0893D117E2
:109930000B46FEF7DBBF039A022122AB01931DAB5E
:10994000009358461BABB0EE4A0B029200F0C4FDE8
:10995000472D029A044600F06181462D104405D13E
:109960002378302B00F06F821B9A1044B5EE40AB89
:10997000F1EE10FA40F0468103461B1B0E93472D73
:1099800000F01081462D00F0B5811B9B0C930C9BC1
:10999000412D03F1FF331B9300F0E5819DF82C204E
:1099A0000021002BB8BF0C9B8DF87820BABFC3F103
:1099B00001032D222B22092B8DF8792040F3DA8127
:1099C0000DF18F05DFF81CC42A4610468CFB0321DD
:1099D000DA17C2EBA10202EB8201A3EB41013031A5
:1099E00000F8011C19466329134600F1FF32ECDC34
:1099F0003033D9B2831E9D4202F8011C40F28B82A3
:109A000013460DF17A0201E013F8011B02F8011B65
:109A10009D42F9D10DF191030DF17A021B1A134405
:109A20001EAA9B1A14930E9B149A012B1A4405929A
:109A300040F30382059B109A1344059326F4806338
:109A4000059A43F480780023CDE90C3322EAE272D0
:109A50000F930292099B002B40F0B1809DF8671094
:109A60000393FEF7D2BE2046FDF74AFF024605905B
:109A7000FEF720BF1BEE101A24AA584601F0E8FB9F
:109A8000FEF7EDBD591C5846FCF764FC044600285F
:109A900000F0CA810790E0E61BEE101A24AA58468F
:109AA00001F0D6FB00287FF434A9269A0DF19C0A18
:109AB000FFF749BA1BEE101A24AA584601F0C8FB5A
:109AC00000287FF426A9DDE925321B990DF19C0AB7
:109AD00049E606230393FFF783BB039B02215A1C2D
:109AE0002BE7039A032128E71BA8B0EE4A0B00F0EE
:109AF000C7FBB4EE007B20EE070BB5EE400BF1EE9A
:109B000010FA01D101231B93B348039BB3EE005B12
:109B1000013B224604E0B5EE400BF1EE10FA13D003
:109B200020EE050BFDEEC07BB3F1FF3F17EE901A60
:109B3000415CB8EEE76B944630EE460B02F8011B31
:109B4000194603F1FF33E6D1B6EE006BB4EEC60B57
:109B5000F1EE10FA00F34881B4EE460BF1EE10FA84
:109B600004D117EE903ADB0700F13E81002906DBB5
:109B70004B1C1344302102F8011B9342FBD1131BF1
:109B80000E93FCE60B9C0E9BDDF82490DDF82880FC
:109B90001396E3189D42294628BF1946824605912F
:109BA000FFF7D8B91B9B0C93DA1C02DB039A934294
:109BB0000CDD0B9B023B0B9323F02005E7E62D21E8
:109BC00000238DF867100393FEF722BE0C9B0E9ABC
:109BD0009342C0F2BD80F0070C9B40F13281109A95
:109BE00013440593710503D50C9B002B00F33581BD
:109BF000059B23EAE373029367230B9300230F93E0
:109C00000D9327E7229B8342BFF4B7AE30215A1C45
:109C100022921970229B9842F9D8AEE6F30700F120
:109C2000A780229BA9E624AA5846059101F010FBC3
:109C300000287FF46EA896F800C0269A059927A8F8
:109C40006544FFF7ECBB1BEE101A24AA584601F03E
:109C5000FFFA00287FF45DA8269A0DF19C0AFFF711
:109C60006BB978238DF8693030238DF86830039B09
:109C7000632B48F0020600F3A6800023079337AC5D
:109C800018EE903A002B48F481782BDBB0EE48AB0D
:109C90000B9B23F02005002309930B9B612B7FF482
:109CA000ADAAB0EE4A0B1BA800F0EAFAB4EE007BB6
:109CB00020EE070BB5EE400BF1EE10FA01D10123B7
:109CC0001B93464821E71BEE101A24AA584601F0C0
:109CD000BFFA00287FF41DA81B9B269A0DF19C0A51
:109CE000FFF74EB90B9B23F020052D230993B1EE0E
:109CF00048ABD2E71B9A0C92002A06F0010340F30E
:109D00000D8103990B4340F0CF800C9B0593662394
:109D10000B93720500F1A380059B23EAE373029382
:109D20006CE71BEE101A24AA584601F091FA00289D
:109D30007EF4EFAF1B9C0E9B269A1C1B0DF19C0A18
:109D4000FFF736B958238DE700220392FEF7DABBFE
:109D50000E9B109A9A180C9B0592002B40F3AB8037
:109D600067230B93D5E70B9A0F32D2B2012118E685
:109D7000A018FBE5002940F0A88030228DF87A2059
:109D80000DF17B02303302F8013B1EABD31A149362
:109D900049E601331249CAF804502A44072BCDE999
:109DA0002532CAF800107FF733AC1BEE101A24AA34
:109DB000584601F04DFA00287EF4ABAFDDE92532BC
:109DC0000DF19C0A26E4591C5846FCF7C3FA0446D8
:109DD00050B3079054E700BFB8060020A406002047
:109DE000740A002067666666CDF888C012F8011C08
:109DF00090F80FC0614513460AD14FF0300E03F8BA
:109E000001EC229B591E229113F8011C8C45F6D0BF
:109E1000392916BF0131817AC9B203F8011CAEE6B7
:109E200000239046079360E71BEE102AB2F90C302E
:109E300043F040039381FEF716BCF5077FF5FEADB6
:109E4000F8E50593CEE6B5EE40ABF1EE10FA3FF43F
:109E50008BADC2F101021B9287E567230B93139927
:109E60000B78FF2B79D000250C9A284603E00130AF
:109E70000131FF2B08D0934206DAD21A4B78002B1F
:109E8000F5D10B780135F4E70C9213910D900F95F5
:109E90000F9A0D9B16991344059A01FB0323059312
:109EA00023EAE3730293D5E5109BD3181944662384
:109EB00005910B932DE7C3F101031A4422EAE273E3
:109EC0000293672305920B9398E60DF17A0259E706
:109ED000039BDDF80890DDF81C800593B4E418EED0
:109EE000903A002BB4BF2D219DF86710254C264BCE
:109EF000B8BF8DF8671028F08008FEF779BC039B87
:109F00000293059373239DF8671003900F900D90B3
:109F10000B93FEF77ABC0223149384E5039A134350
:109F200005D10123662202930B92059366E6109BEE
:109F300001331A4422EAE2730293662305920B93DB
:109F40005CE6089A99F80130894652F8041B089299
:109F500041EAE1710391FEF7D3BA00230F930D9309
:109F600096E70C23CBF800304FF0FF330493FEF755
:109F700081BB1BEE102A938943F040039381FEF7C7
:109F8000C8BE00BF9C060020A006002070B50029B6
:109F90004BD006460C4610B1436B002B48D0636E85
:109FA000D80734D5B4F90C30002B3ED021463046CA
:109FB00000F050F8E36A054633B1E169304698474E
:109FC0000028B8BF4FF0FF35A3891A063CD4216B97
:109FD00041B104F14003994202D03046FDF74EFDF5
:109FE00000232363616C21B13046FDF747FD002358
:109FF0006364FDF725FA636E0022DB07A2811FD59B
:10A00000A06DFDF763FCFDF721FA284670BDA3891A
:10A010009905CBD4A06DFDF75BFCB4F90C30002B97
:10A02000C4D1656E15F0010505D00025284670BD28
:10A03000FDF7E8F9B3E7A06DFDF74CFC284670BDCD
:10A04000A06DFDF747FCDBE721693046FDF716FD03
:10A05000BDE700BFB1F90C202DE9F0410C46110716
:10A06000804647D4636842F40062002BA2815EDD23
:10A07000A56A002D58D00023D8F80060C8F8003039
:10A0800093B212F4805256D10123E1694046A847A9
:10A09000431C67D0A389A56A5F0705D56368C01A0A
:10A0A000236B0BB1E36BC01AE16902460023404603
:10A0B000A847411C41D1D8F80030002B3DD01D2BC2
:10A0C00001D0162B56D1A3892269226023F40063A4
:10A0D00000216160A381216BC8F8006021B304F105
:10A0E0004003994202D04046FDF7C8FC002020639F
:10A0F000BDE8F0812669BEB193B2256826609A0753
:10A100000CBF63690023AD1BA3600BE02B463246F6
:10A11000E169676A4046B847B0F1000CA5EB0C0551
:10A12000664417DD002DF1DC0020BDE8F081E36B13
:10A13000002B9DDCF8E7206DAEE7B4F90C30226906
:10A14000226023F40063A3810022DB046260C2D595
:10A150002065C0E7A38943F040034FF0FF30A3819F
:10A16000BDE8F081D8F80030002B93D01D2B06D02D
:10A17000162B04D0A38943F04003A381D5E7C8F888
:10A180000060D1E738B50C46054608B1436B03B310
:10A19000B4F90C0088B1636EDB0701D481050FD5DB
:10A1A00028462146FFF756FF636EDA07054602D4BC
:10A1B000A3899B0508D5284638BD0546284638BDE5
:10A1C000A06DFDF785FBEBE7A06DFDF783FB28464F
:10A1D00038BDFDF717F9DBE7004870478410002011
:10A1E00001F0FF01102A2BDB10F0070F08D010F848
:10A1F000013B013A8B422DD010F0070F42B3F6D14C
:10A20000F0B441EA012141EA014122F007047FF064
:10A2100000070023F0E80256083C85EA010586EABB
:10A22000010685FA47F5A3FA87F586FA47F6A5FAF7
:10A2300087F68EB9EED1F0BC01F0FF0102F0070203
:10A2400032B110F8013B013A83EA010313B1F8D1AE
:10A250000020704701387047002D06BF354603388F
:10A26000073815F0010F07D1013015F4807F02BFC8
:10A27000013015F4C03F0130F0BC0138704700BF19
:10A2800030B482B08DED000B019A194C22F00043DE
:10A290000021A342016021DC009C1C431ED0154C10
:10A2A000144054B99FED107B20EE077B8DED007BB1
:10A2B000019A6FF0350122F0004322F0FF42DDE900
:10A2C000004522F4E00242F07F551B1545F40015CD
:10A2D000A3F2FE33CDE900450B4403609DED000B76
:10A2E00002B030BC704700BF0000000000005043C7
:10A2F000FFFFEF7F0000F07F00B50B4C2568144690
:10A30000EE681A4685B003460D464CB107490095E4
:10A31000CDE901143046064900F086FFFAF736F918
:10A3200004490C46F3E700BF1C150020740400200C
:10A33000840400208004002038B5A1FB02148CBBEB
:10A34000FCF708F80546E0B150F8042C22F00302AF
:10A35000043A242A17D8132A1AD91B2AC0E9004420
:10A360001DD9242A14BF00F1100200F118024FF089
:10A370000003C0E9024404BF04614461C2E9003340
:10A380009360284638BD2146FDF784F9284638BD3C
:10A3900002460023C2E900339360284638BD00F12D
:10A3A0000802F6E7FDF766FA0C2300250360E8E7EC
:10A3B0002DE9F04F03690C69A34283B0C0F2878096
:10A3C000013C01F11405A30000F11408009355F8B5
:10A3D000243058F82420013381469A4208EB840047
:10A3E00005EB84070190B2FBF3F63BD34FF0000C72
:10A3F000AE464046E24663465EF804BB02681FFA7A
:10A400008BFC06FB0C334FEA134C4FEA1B4B06FB4D
:10A410000BCC9BB2AAEB03031FFA8CFA13FA82F35C
:10A42000CAEB124202EB23429BB243EA0243774556
:10A4300040F8043B4FEA224A4FEA1C43DCD2009B1F
:10A4400058F8033073B9019B043B984504D307E0E7
:10A45000984504F1FF3403D253F80429002AF7D0B9
:10A46000C9F810404846FDF7ABFE00282BDB01364B
:10A470004146002355F8040BD1F800C082B29A1A65
:10A48000030C12FA8CF2C3EB1C4303EB224392B28F
:10A4900042EA0342AF4241F8042B4FEA2343E9D298
:10A4A00058F8242008EB84036AB9043B984504D388
:10A4B00007E0984504F1FF3403D253F80429002A39
:10A4C000F7D0C9F81040304603B0BDE8F08F002047
:10A4D00003B0BDE8F08F00BF2DE9F04F2DED028BEA
:10A4E0008FB08DED020B0191816B1A9D059357EC96
:10A4F000106B0446934641B1C26B4A6001239340FE
:10A500008B60FDF7FDFB0023A363B7F10008B4BF28
:10A51000012300232B60BE4BBCBF28F00048CDF8C0
:10A520000C8033EA080300F09F809DED028BB5EEAE
:10A53000408BF1EE10FA11D1059A012313601B9B99
:10A54000002B00F03F82B34B1B9A1360013B00933A
:10A5500000980FB0BDEC028BBDE8F08F0CAA0DA9DE
:10A560002046B0EE480BFDF7F7FE5FEA18530546AC
:10A5700040F09280DDE90C130B4403F23242202AB2
:10A5800040F3FA82C2F1400208FA02F803F21242E2
:10A59000D64048EA060207EE102AB8EE477B581E5E
:10A5A00017EE906A53EC172B4FF0010AA6F1F873DF
:10A5B0009FED913B9FED927B9FED935B06EE900AA2
:10A5C00043EC122BB8EEE64BB7EE086B32EE466B5F
:10A5D000A6EE037BA4EE057BFDEEC76BB5EEC07B5C
:10A5E000F1EE10FA16EE907A08D5B8EEE66BB4EEFE
:10A5F000476BF1EE10FA18BF07F1FF37162F00F284
:10A600004581854B03EBC70393ED007BB4EEC78B0D
:10A61000F1EE10FA57D5091A0023B1F1010807F13C
:10A62000FF370A9300F1398100230693002F52DA95
:10A63000069B0497DB1B06937B420893019B092B27
:10A640004FF000074ED8052B40F39D82043B019349
:10A650000026019B9A1E032A00F22581DFE812F0F2
:10A66000AA03A7039D037E03059AC8F3130842F2C9
:10A670000F7358EA060813601ED11B9B002B00F0D5
:10A680009185664B009308331B9A009813600FB0B6
:10A69000BDEC028BBDE8F08F18EE906AC6F313068E
:10A6A000A3F2FF3053EC182B46F07F530C994FF078
:10A6B000000A43F440137BE71B9B002B40F03B83D5
:10A6C000574B009344E7091A0023B1F101080A939C
:10A6D00000F1E380069300230893019B0497092B64
:10A6E000B844B0D900230126019307964FF0FF39F3
:10A6F0009B460021E163CDF82C902046FDF7DAFA65
:10A700000090002800F04085009BA363B9F10E0F74
:10A7100000F2DC80002E00F0D980049B002B40F377
:10A72000DE833D4A03F00F0102EBC10292ED007B94
:10A730001A11DB0540F182833A4991ED086B02F072
:10A740000F02032088EE065B5AB13649D60704D5BE
:10A7500091ED006B013027EE067B521001F10801EC
:10A76000F4D185EE076B0A9B3BB1B7EE007BB4EEEC
:10A77000C76BF1EE10FA00F1AE8407EE900AB8EE66
:10A78000E75BB1EE0C7BA5EE067B17EE902A51EC51
:10A79000170BA2F15071B9F1000F00F08883049EED
:10A7A0004A46079B002B00F04784B6EE003B1A4B4D
:10A7B000FDEEC64B03EBC20CB8EEE47B36EE477BF6
:10A7C0001CED026B83EE065B41EC160B14EE900A57
:10A7D00035EE465B0099B4EEC75B3030F1EE10FA0F
:10A7E00001F8010B00F3AC84B7EE002BB2EE044B82
:10A7F0004FF0000C31E000BF61436F63A787D23F89
:10A80000B3C8608B288AC63FFB799F501344D33F5F
:10A810000000F07FD5060020A802002028060020B6
:10A8200034060020800200200CF1010C94454DDA22
:10A8300027EE047B25EE045BFDEEC76B16EE903A27
:10A84000B8EEE63B303337EE437BB4EEC57BF1EE3A
:10A8500010FA01F8013B00F1738432EE476BB4EE5D
:10A86000C56BF1EE10FADFD5009A049602E08A4239
:10A8700000F05084894611F8013D392BF7D001339F
:10A88000DBB20B70049B0133049355E1091A0123D9
:10A89000B1F101080A937FF5C7AEC1F10103069338
:10A8A0004FF00008C2E60026E66331462046FDF779
:10A8B00001FA0090002800F06784009BA3634FF02A
:10A8C000FF330B9399460123B34607930D9A002A51
:10A8D00055DB04990E2952DCB74BBBF1000F03EB9B
:10A8E000C10393ED006B15DAB9F1000F12DC40F0F3
:10A8F000F282B1EE047B26EE077BB4EEC78BF1EE5D
:10A9000010FACA464E4600F26D82DDF800806FEA0A
:10A910000B0B70E288EE067BBDEEC77B009917EE4D
:10A92000103AB9F1010F03F13003B8EEC75B01F83B
:10A93000013BA5EE468B00F03483B2EE044B0123BD
:10A9400011E088EE067BBDEEC77B013317EE102ABF
:10A950004B4502F13002B8EEC75B01F8012BA5EEC2
:10A96000468B00F01E8328EE048BB5EE408BF1EE93
:10A9700010FAE6D1049B013304938946DCE0079B7F
:10A9800043B3019B012B40F37682089B09F1FF3A08
:10A99000534580F23F82089BCDF820A0AAEB03022A
:10A9A00017444FF0000AB9F1000FC0F22583069B4F
:10A9B00009934B44C844069301212046FDF74CFA05
:10A9C00006460CE07D4B009300980FB0BDEC028B67
:10A9D000BDE8F08F069BDDF820A0079E0993099B38
:10A9E0006BB1B8F1000F0ADD434506991A46A8BFBE
:10A9F0004246891A9B1A06910993A8EB0208089B04
:10AA000063B1079B002B00F0A782BAF1000F00F39F
:10AA10000482089BB3EB0A0240F0FF82012120462A
:10AA2000FDF71AFA002F824600F3AF80019B012B3D
:10AA300040F38781002308930120002F40F0B1806C
:10AA4000404410F01F0000F07A81C0F12002042A77
:10AA500000F3888040F0F681069B002B05DD294637
:10AA60001A462046FDF734FB0546B8F1000F05DD18
:10AA7000514642462046FDF72BFB82460A9B002B9F
:10AA800040F03F81B9F1000F40F32581079B002B77
:10AA900040F0A380049B01330493DDF8008001277C
:10AAA00007E0294600230A222046FDF733F9013743
:10AAB000054651462846FFF77BFCB94500F13000BA
:10AAC00008F8010BEDDCB9F1000F009ACCBFCB46C2
:10AAD0004FF0010B034693440027294601222046EC
:10AAE0000193FDF7F5FA51460546FDF769FB00288D
:10AAF00040F3AF811BF8013C009A0BF1FF3B04E0EF
:10AB00005A4500F0B1811BF8013D392B0BF10109C9
:10AB1000F6D001338BF8003051462046FDF7F0F8AF
:10AB200056B12FB1B74203D039462046FDF7E8F8B9
:10AB300031462046FDF7E4F829462046FDF7E0F8C7
:10AB4000002389F80030DDE904231A601B9B002BE9
:10AB50003FF4FEAC0098C3F800900FB0BDEC028B40
:10AB6000BDE8F08FC0F11C00069B03440693099BCF
:10AB70000344099380446FE7C2F1200206FA02F20F
:10AB800007EE102A09E5012663E501463A4620460C
:10AB9000FDF73EFA019B012B824640F3C58100235D
:10ABA0000893DAF810200AEB82021069FDF704F925
:10ABB000C0F1200044E700BFA8020020D406002016
:10ABC000314600230A222046FDF7A4F80B9B002BF8
:10ABD000064640F3CE8204979946099B002B05DD7B
:10ABE00031461A462046FDF773FA0646089B002BAD
:10ABF00040F0EB81B046029B009F03F001027B1EF8
:10AC00004B440893019B0A921343099351462846EB
:10AC1000FFF7CEFB314683462846FDF7D1FA424680
:10AC2000514681462046FDF7EDFAC26801460BF118
:10AC30003003002A42D1CDE906032846FDF7C0FAC9
:10AC4000069902902046FDF75BF8029A079B1AB915
:10AC50000999002900F07E82B9F1000FC0F28381CA
:10AC6000019949EA01090A9951EA090900F07B8131
:10AC7000002A00F3C681089A3B7007F10109974248
:10AC8000CB4600F0C481294600230A222046FDF766
:10AC900041F84645054631464FF000034FF00A02A1
:10ACA000204612D0FDF736F84146064600230A2218
:10ACB0002046FDF72FF84F468046A7E7204602932F
:10ACC000FDF71EF8029B0122C6E7FDF723F84F4669
:10ACD000064680469AE7019B022B71DC079B002BFE
:10ACE0007FF47BAF049B5146013328460493FFF762
:10ACF0005FFBDDF800B000F130030BF8013B0027EB
:10AD0000EBE651462846FDF75BFA0028BFF6BAAEDF
:10AD1000294600230A222046FCF7FCFF049B5F1E05
:10AD2000079B0546002B7FF44BAF0B9B002B40F39A
:10AD300018829946B1E6BC4B00930333A4E41C206F
:10AD400012E7DDE9020100287FF474AEC1F31302BB
:10AD5000002A00F0F480029B08936DE6012307931C
:10AD6000049B5B4403F10109B9F1010FCC460B933D
:10AD7000B8BF4FF0010C0021BCF1170FE1637FF762
:10AD8000BCAC01200422520002F1140363450146C9
:10AD900000F10100F7D9E163AFE401230793BBF1B0
:10ADA000000F52DDCDF82CB0D946DC46E3E7002396
:10ADB0000793D5E700230793F1E7DDF82C9004977C
:10ADC000B9F1000F7FF4A1AD51464B460522204654
:10ADD000FCF7A0FF014682462846FDF7F1F900285E
:10ADE0007FF793AD049B03F1010B009B3122984642
:10ADF00003F8012B009351462046FCF781FF0BF12D
:10AE00000103DDF800900493CDF80080002E7FF45C
:10AE10008FAE91E6A3EB0A0AC5E5314652462046BD
:10AE2000FDF7F6F82A46014606462046FDF742F8A9
:10AE3000294605462046FCF763FFEAE50220B0EE0E
:10AE4000485B81E4C0F13C008EE64FF0010BD9462F
:10AE50004FE403D1019BDB073FF54CAED9461BF80D
:10AE6000013D302BFAD057E6049B009A013304933E
:10AE70003123137050E6BAF1000F00F0238102F283
:10AE80003342069B09931344DDF820A006939044B7
:10AE900092E507EE900AB1EE0C5BB8EEE77BA6EE0A
:10AEA000075B15EE902A51EC150BA2F1507141ECA5
:10AEB000150BB1EE047B36EE477BB4EEC57BF1EEAD
:10AEC00010FA00F33781B1EE455BB4EEC57BF1EECD
:10AED00010FA7FF5FBAC4FF0000A564615E500F07E
:10AEE000F580049B51495A4202F00F0001EBC0016A
:10AEF00091ED006B121128EE066B00F04281B0EE6E
:10AF0000467B4B4900260220D30705D591ED005B17
:10AF10000130012627EE057B521001F10801F3D123
:10AF2000002E06FE076B1EE4029B002B7FF437AE5B
:10AF3000DDE90201C1F31302002A40F037813D4AE6
:10AF40000A40002A00F0FA80069B01330693012391
:10AF500008F1010808936FE52946089A2046FDF795
:10AF600057F805465AE5002A12DD294601222046F7
:10AF70000193FDF7ADF851460546FDF721F900288C
:10AF8000019B40F3E180392B00F0CA800BF13103C3
:10AF9000B94609F8013B049B013337460493464602
:10AFA000BAE538EE088BB4EEC68BF1EE10FA0ADC87
:10AFB000B4EE468BF1EE10FA7FF4DCAC17EE103AEB
:10AFC000D8077FF5D7AC009A54E471682046FCF7A7
:10AFD00071FE0746002800F0DE80336902339A00D4
:10AFE00006F10C010C30F9F75BF8394601222046D6
:10AFF000FDF76EF88046FEE5069BA3EB0903099377
:10B00000DAE4392B00F08C80B9460133C1E7049AA9
:10B0100001323746049246465FE529462046FCF752
:10B02000F7FF0546FAE400BF34060020A80200201E
:10B03000800200200000F07F5E4BFDEEC65B03EB5C
:10B04000C20C1CED023BB8EEE57B36EE477B41ECD3
:10B05000160B15EE901A23EE063B00983031012AAC
:10B0600000F8011B00F08380B2EE044B009B99189E
:10B0700027EE047BFDEEC76B16EE903A303300F8F6
:10B08000013B8142B8EEE65B37EE457BF0D1B6EE90
:10B09000006B33EE065BB4EEC75BF1EE10FA3FF5E2
:10B0A000E3AB36EE436BB4EEC76BF1EE10FA7FF70D
:10B0B0000DAC8946013919F8013C302BF9D0731CCD
:10B0C000049339E50C9AC2F13602DAE60220B0EEBA
:10B0D000486BFFF748BBB9F1000F3FF4DAAE0B9AAB
:10B0E000002A7FF7F3ABB2EE044B26EE046B01307F
:10B0F00007EE900A049BB8EEE75BB1EE0C7BA6EE80
:10B10000057B17EE90CA51EC170B5E1EACF1507127
:10B11000FFF747BB049B013304933123FFF7B1BB17
:10B12000049BBB4601330493392337460BF8013B9C
:10B130004646E1E44FF0000A564653E608927BE4A7
:10B14000731C04938946F7E47FF422AFDA077FF596
:10B150001FAF18E7392BE3D0B9F1000F3FF716AF57
:10B1600016E7019B022B3FF728AE0497BAE501468C
:10B170008DE7019B022B3FF720AEDDF82C90049762
:10B180002BE50220FFF7EFBA0B4B0C48002240F2F0
:10B19000AF11FFF7B1F8084B08483A4640F2EF21EB
:10B1A000FFF7AAF8064B0093FFF7D2B9029B08936A
:10B1B000F7E400BFA8020020B404002038060020F5
:10B1C0002806002070B5054684B05BB11C4669B105
:10B1D0000E4B2846D3F8E0602346B047431C0FD0FF
:10B1E00004B070BD00F582740029F1D1074A2346EE
:10B1F000D2F8E06028460A4601A9B047431CEFD1C7
:10B2000000228A2322602B6004B070BD940F0020BE
:10B2100010B582B0049CCDE900344FF0FF3301F04B
:10B22000C7FB02B010BD00BF0EB410B583B005ABB4
:10B23000064C53F8042B01930146206800F0C4F833
:10B2400003B0BDE8104003B0704700BF1C150020DC
:10B250002DE9F04F9368176883B09246002B70D0A9
:10B2600081468A6808680C46083743E0A38913F4CE
:10B27000906F2ED0D4E90416A0EB010806EB460629
:10B2800006EBD67608F1010076102844B04232462B
:10B2900084BF064632465B0537D511464846FBF764
:10B2A00059F8019000283AD042462169F8F7F8FE93
:10B2B000A289019B22F4906242F08002A281A6EB57
:10B2C000080203EB08006661A260236120602E463D
:10B2D000A84642465946FCF761F9DAF80830A268F8
:10B2E0002068921B40445B1BA2602060CAF80830B3
:10B2F0003BB3083757E902B5002DFAD0AA421646EB
:10B300009046B3D92E46A846E3E74846FBF7DEFA57
:10B3100003460028D3D121694846FCF7AFFBA38937
:10B320000C2243F04003C9F800204FF0FF30A38106
:10B3300000220023CAF80820CAF8043003B0BDE890
:10B34000F08F00200023CAF8043003B0BDE8F08F6E
:10B350002DE9F84F4B6E9C0490462DD593681268EA
:10B3600043B38B46064602F1080959E9025A5FEADF
:10B370009A0715D0043D002401E0A7420ED055F8ED
:10B38000041F5A46304601F05BFA431C04F10104E5
:10B39000F3D10023C8E90133BDE8F88FD8F80830AD
:10B3A0002AF0030AA3EB0A03C8F8083009F10809D8
:10B3B000002BDAD10020ECE701F00CF80023C8E9FB
:10B3C0000133BDE8F88F00BF2DE9F04F2DED028B62
:10B3D000C5B00DF1500A834608EE101A164600213A
:10B3E000082250461C460793FCF754F9BBF1000FA6
:10B3F00004D0DBF83430002B00F0A08618EE102AC1
:10B40000536EDB0740F11385B2F90C108AB2950434
:10B410000BD418EE103A41F4005199815B6E8AB258
:10B4200018EE101A23F400534B66100740F1058103
:10B4300018EE103A1B69002B00F0FF8002F01A038F
:10B440000A2B00F00A810023CDE91933CDE90D3331
:10B450001BAA0C93189291460B930593B046444651
:10B46000A84BD3F8E450FCF799F92246034612A9F9
:10B47000CDF800A05846A847002800F04581C0F24A
:10B480003981129A252A034601D01C44E8E7B4EB1F
:10B490000806054640F03C81002361788DF8433072
:10B4A00004F1010806934FF0FF371E462B2408F1E4
:10B4B0000108A1F120035A2B00F27881DFE813F094
:10B4C000B50276017601B0027601760176016A0056
:10B4D000760176017D028D0276018802970276015F
:10B4E00092025B005B005B005B005B005B005B004B
:10B4F0005B005B00760176017601760176017601CC
:10B500007601760176015C0284007601760176018F
:10B510007601760176017601760176017601E80002
:10B5200076017601760133027601DA027601760140
:10B530008B0576017601760176017601760176013A
:10B540007601760176015C0286007601760176014D
:10B55000CD0286007F007601C0027601FD02EA007E
:10B56000ED027F00760133027C00690576017601E9
:10B570006B0576017C00A1F13003002218F8011B55
:10B5800002EB820203EB4202A1F13003092BF5D951
:10B5900006928EE75846FEF71FFE43680D93184645
:10B5A000FCF7AEF90E9005465846FEF715FE836887
:10B5B0000B93002D40F0D68498F8001077E798F8A8
:10B5C000001046F0200672E746F01006B40640F17F
:10B5D0008E81079B073323F007031A46596852F8F8
:10B5E000083B07920A460029C0F27084791C00F0DB
:10B5F000A28526F08001039153EA020100F03F8406
:10B600000A2B72F1000180F0418530338DF80F3143
:10B61000039E012304930DF20F14049BBB42B8BF99
:10B620003B460393002308939DF84330002B00F022
:10B63000CB80039B01330393C6E018EE101A5846E3
:10B6400018EE105A01F040F8002840F05286AA89FE
:10B6500002F01A030A2B7FF4F6AE18EE101AB1F9B5
:10B660000E30002BFFF6EFAE4B6EDB0702D49705D2
:10B6700040F1128618EE101A23463246584600F062
:10B6800069FE0590059845B0BDEC028BBDE8F08FD2
:10B6900046F0100616F0200200F03681079B0733B3
:10B6A00023F0070319465A6851F8083B079126F41E
:10B6B00080610391002100208DF84300781C00F088
:10B6C0001082039820F0800653EA020040F00882BE
:10B6D000002F40F03885002940F0D583039B13F0FC
:10B6E0000103049300F0118430238DF80F310DF223
:10B6F0000F1492E7082200215046FBF7CBFF0123ED
:10B700001C44ADE6940F0020B4EB080605461BD0A0
:10B71000199B1A9A01333244072BC9E900861A9201
:10B7200019931CDD002A00F0A68318EE101A18AA3F
:10B730005846FFF70DFE20BB0DF16C09059B334405
:10B740000593002D7FF4A8AE1A9B002B40F0C18515
:10B7500018EE103A0022B3F90C30199215E009F1F5
:10B760000809EBE718EE101A18AA5846FFF7F0FD83
:10B77000002800F0A680089B1BB108995846FCF7EA
:10B780007DF918EE103AB3F90C3018EE102A526E0B
:10B7900012F0010F9AB200F0A080500600F1B285BD
:10B7A000059845B0BDEC028BBDE8F08F0029CBD0E9
:10B7B00000238DF843300123CDE903338DF8AC101D
:10B7C0002BAC002308931F4616F00203099302D006
:10B7D000039B0233039316F084030A9305D1069B5F
:10B7E000039A9D1A002D00F37B82DDE91903411CA9
:10B7F0009DF8432082B101220133C9F804200729B2
:10B800000DF14302CDE91913C9F8002000F34A8273
:10B81000084609F108090131099AE2B111AA023377
:10B82000C9F8002007294FF00202CDE91913C9F821
:10B83000042040F35082002B00F0438318EE101ACE
:10B8400018AA5846FFF784FD002894D1DDE91903B2
:10B850000DF16C09411C0A9A802A00F08481049A37
:10B86000BD1A002D00F3D781049AC9F80040134493
:10B870000729CDE91913C9F8042040F36E81002B84
:10B8800000F0758218EE101A18AA5846FFF760FDEE
:10B8900000287FF470AF1A9B0DF16C09750705D570
:10B8A000069A0399541A002C00F36B82DDE90521F6
:10B8B00003988142ACBF521812180592002B7FF4F6
:10B8C00051AF089900231993002900F04981584687
:10B8D000FCF7D4F80DF16C09C1E59C053FF55DAFAF
:10B8E00018EE104AA06DFBF7F5FFA28955E7F006A8
:10B8F000079A00F11F83710640F1198332F9043B66
:10B900000792DA1711466EE616F01003079940F019
:10B91000098316F0400000F001831A4651F8043BF9
:10B9200007919BB2C3E6079B1A4600238DF843306C
:10B93000134653F8044B0393002C00F01284532950
:10B9400000F0658316F0100540F061837B1C00F069
:10B95000B3843A4629462046FEF742FC0890002868
:10B9600000F09F84031B039A049323EAE3732F469A
:10B9700007920393089557E6432902D0F50640F154
:10B980002D83079D0822002116A82BACFBF782FE11
:10B9900016AB55F8042B21465846FFF713FC034617
:10B9A0000133049000F0B384049B079523EAE3730A
:10B9B000039300238DF8433003E7079B53F8042BD0
:10B9C0000692002A80F29C82069A5242CDE9062312
:10B9D00098F8001046F0040669E598F800108DF814
:10B9E000434064E598F8001046F080065FE5424663
:10B9F00012F8011B2A2900F09684A1F13003092BCB
:10BA000090464FF000073FF654AD18F8011B07EBC6
:10BA1000870703EB4707A1F13003092BF5D948E568
:10BA200098F8001046F0010641E59DF84330002BE0
:10BA30007FF4C2AD202398F800108DF8433036E52E
:10BA400098F800106C2903BF98F8011046F0200602
:10BA500008F1010846F0100629E598F80010682959
:10BA600003BF98F8011046F4007608F1010846F08B
:10BA700040061CE546F010030393039B13F02002DD
:10BA800000F00682079B073323F0070319465A6824
:10BA900051F8083B079101210DE6079A46F0020391
:10BAA000039352F8043B079247F63002ADF8442066
:10BAB000B84A0C9202210022FDE5B70600F1488247
:10BAC000F50600F14683740600F1D583B00540F118
:10BAD0004083079B059953F8042B07931170BEE42C
:10BAE000039601293FF48CAD022944AC11D10C9886
:10BAF00003F00F011B09415C04F8011D43EA0273C6
:10BB0000120953EA0201F3D1039E44AB1B1B0493B9
:10BB100083E503F00701DB0843EA4273D2083031C2
:10BB200053EA0205204604F8011DF2D1039EF307F3
:10BB3000EBD53029E8D03023023804F8013C44AB7F
:10BB40001B1A039E0493044667E5049B1B94012281
:10BB50001C931A9319920DF16C0909F108099DE6DD
:10BB60000DF16C097BE4069A039D551B002D7FF7B0
:10BB700076AE102D40F3BB83099418EE104A07E00F
:10BB800000F1020C09F108091046103D102D1EDDD0
:10BB90008149C9F80010421C10331021072ACDE951
:10BBA0001923C9F80410EBDD18AA002B74D0214624
:10BBB00058460DF16C09FFF7CBFB00287FF4DBAD95
:10BBC000DDE91903103D102D00F1010CE0DC099CAA
:10BBD000714AC9F804502B44BCF1070FCDE919C3D1
:10BBE000C9F8002040F39481002B00F01F8318EE69
:10BBF000101A18AA5846FFF7ABFB00287FF4BBAD1C
:10BC0000049ADDE91903BD1A002D00F101010DF1BF
:10BC10006C097FF729AE102D29DD0994102718EE45
:10BC2000104A07E000F1020C09F108091046103D26
:10BC3000102D1ADD421C58491033072AC9E9001794
:10BC4000CDE91923EEDD18AA03B3214658460DF1BC
:10BC50006C09FFF77DFB00287FF48DADDDE919034A
:10BC6000103D102D00F1010CE4DC099C61464A4AAC
:10BC7000C9F804502B440729CDE91913C9F800204D
:10BC800000F3E78009F108090131EDE54FF0010CFF
:10BC900018460DF16C09CAE74FF0010C18460DF17A
:10BCA0006C0972E7002B00F0048118EE101A18AA34
:10BCB0005846FFF74DFB00287FF45DADDDE9190321
:10BCC0000DF16C09411CA7E5022311AA1C931B92DC
:10BCD00001210DF16C09084609F10809411CBAE57A
:10BCE000102D40F3E582DDE919130F94084618EE94
:10BCF000104A07E000F1020C09F108091046103D56
:10BD0000102D1DDD2549C9F80010421C10331021EB
:10BD1000072ACDE91923C9F80410EBDD18AA03B3EB
:10BD2000214658460DF16C09FFF712FB00287FF4FD
:10BD300022ADDDE91903103D102D00F1010CE1DC0D
:10BD40000F9C6046154AC9F804502B440728CDE9DA
:10BD50001903C9F8002000F3C18009F10809411C4A
:10BD600046E518464FF0010C0DF16C09C7E7760760
:10BD7000199353D5069A0399541A002C4EDD0DF1F0
:10BD80006C09102C40F3B082199918EE106A102536
:10BD90000DE000BFA4060020840A00200807002050
:10BDA000881C09F108091146103C102C1ADD4A1CA8
:10BDB000B3481033072AC9E90005CDE91923EFDD9F
:10BDC00018AA33B331465846FFF7C2FA00287FF469
:10BDD000D2ACDDE91913103C102C01F101000DF17A
:10BDE0006C09E4DCA64AC9F8044023440728CDE9DD
:10BDF0001903C9F800207FF759AD7BB118EE101A6E
:10BE000018AA5846FFF7A4FA00287FF4B4AC1A9B8E
:10BE10004CE5012019460DF16C09C5E7DDE9053255
:10BE200003998A42ACBF9B185B18059349E5B2F9A8
:10BE30000C108F0518EE103A8AB23FF5E8AA18EEFA
:10BE4000105A986DFBF744FDB5F90C108AB2FFF754
:10BE5000DEBA002B3FF479AE18EE101A18AA584635
:10BE6000FFF776FA00287FF486AC19991A9B013106
:10BE70000DF16C09F8E419920DF16C095EE4002FE4
:10BE80007FF4C3AB039E0027049744ACFFF7C5BB08
:10BE9000039B13F0100354D1039A12F0400000F0FA
:10BEA0006B8107991A4651F8043B07919BB2012117
:10BEB00001E4099A002A64D1184601210DF16C09A8
:10BEC000C9E4012118460DF16C09C4E45B4262EB40
:10BED000420203962D200121FFF7EEBB002B00F05C
:10BEE000888018EE101A18AA5846FFF731FA002871
:10BEF0007FF441ACDDE919030DF16C09411C77E4D5
:10BF000098F800100793FFF7D2BA44ACFFF785BB4F
:10BF100009F108090CF101016046A0E416F4007271
:10BF200040F0978151F8043B0791FFF7C0BBB30580
:10BF300000F1888152F8043B0792DA171146FFF7A7
:10BF400052BB079951F8043B07910121FFF7B3BB9E
:10BF5000079B059853F8041B0793C217C1E9000219
:10BF6000FFF77DBA0B9B002B3FF426AB0B9B1B7896
:10BF7000002B3FF421AB98F8001046F48066FFF7E1
:10BF800096BA022311AA1C931B9201200DF16C0991
:10BF9000A2E6039671E53B4B0C9316F0200259D0B4
:10BFA000079B073323F0070318465A6850F8083BED
:10BFB0000790F40709D553EA020006D08DF8451022
:10BFC000302146F002068DF8441026F4806103917A
:10BFD0000221FFF770BB2C4B0C93DEE7079B01217E
:10BFE00053F8042B03918DF8AC20079304912BACEC
:10BFF000DFE49DF84320002A40F03281099A002AAC
:10C000007FF462AE184601210DF16C0927E400218E
:10C01000082216A81394FBF73DFB791C00F0BC80A6
:10C02000002507942C460CE02BA95846FFF7CAF8C8
:10C03000421C204400F06B81B84208DC00F07081A3
:10C040000446139A525916AB0435002AECD10494D5
:10C05000079CAFE016F0100307980CD116F04004CF
:10C0600005D01A4650F8043B07909BB2A1E716F49E
:10C07000007240F0E18050F8043B079099E700BF60
:10C0800008070020A4060020B806002003990497A2
:10C0900044AC9E4608EE90BA01F480664FF0000C66
:10C0A000234606E0BEF10A0F72F1000239D3A6461C
:10C0B0002A46A6491EEB020040F100000F46A1FBF4
:10C0C000001424F0030101EB9401401ABEEB0001BF
:10C0D0004FF0CC3562F1000405FB01F507FB045578
:10C0E000A1FB07410D44052704F00101A1FB071B3B
:10C0F00009186408303103F8011C44EAC5740CF1D6
:10C10000010C013B6D08002ECCD00B9909786145DC
:10C11000C8D1BCF1FF0FC5D0BEF10A0F72F1000209
:10C120006CD21C4644AB1B1B049F039E049318EE69
:10C1300090BAFFF772BA0396FFF762BA5846FBF758
:10C1400061F9FFF75BB9012903967FF4CDACFFF7E6
:10C150005CBA079B059953F8042B11600793FFF70E
:10C160007EB9062F3B46039A794C079228BF0623D7
:10C1700004930393FFF725BB039B079913F4007205
:10C1800014BF51F8043B51F8043B07911CBF024611
:10C19000DBB20121FFF78FBA16AB009300231946DB
:10C1A00013AA5846FFF734F803460133049000F011
:10C1B000AE801394049B002B30D0632B63DC0023F0
:10C1C00008932BAC0822002116A8FBF763FA049D04
:10C1D00016AB009313AA2B4621465846FFF718F8D2
:10C1E000854240F0AB80039B049A07930023A3543D
:10C1F0001F4622EAE2730393FFF716BA0E9A0D99CF
:10C200009B1A18460893FBF797FA0B99089B4A78F4
:10C210000AB101310B914FF0000C48E7039B0793E3
:10C22000049B03931F460893FFF7FEB901211846AC
:10C230000DF16C09FFF713BB50F8043B0790224641
:10C24000DBB2B6E612F9043B0792DA171146FFF7A4
:10C25000CAB951F8043B07910246DBB2FFF727BA8F
:10C2600001231C9301210DF143031B930DF16C0974
:10C270000B46FFF7CDBA079B059953F8042B07939C
:10C280001180FFF7ECB8591C5846FAF763F80446DA
:10C2900000283CD0089095E7886DFBF71BFBFFF763
:10C2A000E9B9039B0793CDE90377089FFFF7BCB972
:10C2B00019981A9B013045E5039B07932046FBF72D
:10C2C0001FFB20EAE0732F46049003930895FFF7C5
:10C2D000ABB918EE101A18AA5846FFF739F800281B
:10C2E0003FF436AAFFF74DBA199801307AE58C462B
:10C2F0006EE46B6ED90705D4AB899A0502D4A86D9C
:10C30000FBF7E8FA4FF0FF330593FFF749BA18EE51
:10C31000102AB2F90C3043F040039381FFF735BA8D
:10C32000079C049746E7079B98F8011053F8047B95
:10C330000793904647EAE777FFF7B9B818EE102A57
:10C34000938943F040039381FFF715BACDCCCCCC51
:10C35000CC06002070B50C468989ADF58E6D21F0B4
:10C360000201ADF81410616E1B91E189ADF8161051
:10C37000E1690991616A0B911CA9029106914FF440
:10C38000806106460491079118A80021CDE900328A
:10C390000891FBF799FADDE9003202A93046FFF770
:10C3A00013F8051E07DB02A93046FDF7EBFE002857
:10C3B00018BF4FF0FF35BDF814305B0603D5A389D5
:10C3C00043F04003A3811898FBF780FA28460DF547
:10C3D0008E6D70BD9368002B00F085802DE9F04FC5
:10C3E000B1F90C300C461907804683B0174698B255
:10C3F00025D523691BB310F002033D682DD04FF003
:10C40000000ADFF8C0B25646B9465E45334652468A
:10C4100028BF5B464046002E52D0E169676AB847A4
:10C42000002856DDD9F808301B1A8244361AC9F89C
:10C430000830002BE9D1002003B0BDE8F08F214681
:10C44000404600F041F9002840F03881B4F90C3042
:10C450003D6898B210F00203D1D110F0010944D127
:10C460004E46009746B38205D4F808B040F1858067
:10C47000B3455A4600F2B48010F4906F40F0C1808A
:10C48000206801924946FBF789F8A368019AA3EB5B
:10C490000B012368A1601344B24623600026009A72
:10C4A0009368A3EB0A03D1449360002BC3D0B4F983
:10C4B0000C0080B2002ED6D1D5E900960835D1E720
:10C4C000D5E900A60835A0E721464046FDF75AFE0B
:10C4D00088B3B4F90C3043F040034FF0FF30A38130
:10C4E00003B0BDE8F08F002070471E46BA4699465B
:10C4F000184600951F4666B3002832D04A46D4E954
:10C5000004132068A568B24228BF3246884204D985
:10C5100005EB030B5A4500F3A780934264DCE16905
:10C52000656A3A464046A847B0F1000BD1DDB9EB49
:10C530000B09C9D00120DAF80830A3EB0B035F44E4
:10C54000A6EB0B06CAF80830002B3FF474AF002EA0
:10C55000D2D1009A5668134608320092002EF8D0C5
:10C560001F6832460A213846FDF73AFE002800F0DF
:10C570009C800130A0EB0709C0E72068236998423E
:10C5800016D86269B24213D86FF00043B34228BF95
:10C590003346E16993FBF2F3676A02FB03F340461B
:10C5A0004A46B847B0F1000A93DDA6EB0A0676E7E3
:10C5B000B345DA4628BFB24652464946FAF7EEFF7F
:10C5C000A3682268A3EB0A035244A3602260002BF5
:10C5D000EBD121464046FDF7D5FD0028E5D078E7B0
:10C5E0002068B34632464CE739460192FAF7D6FF47
:10C5F000019AA3689B1AA36023681344236093469F
:10C6000095E723682169A3EB010B636903EB430AF8
:10C610000AEBDA7A0BF101034FEA6A0A3344534515
:10C62000524684BF9A46524643052CD51146404691
:10C63000F9F790FE00283BD05A4621690190F7F7A0
:10C640002FFDA289019B22F4906242F08002A28118
:10C6500003EB0B002361AAEB0B03C4F814A0A36047
:10C660002060B34632460CE739465A46FAF796FF41
:10C6700023685B44236021464046FDF783FD002884
:10C680003FF455AF25E74046FAF720F90346002866
:10C69000DED121694046FBF7F1F9B4F90C300C22E8
:10C6A00023F08003C8F8002015E7721C914626E7A6
:10C6B0000C22B4F90C30C8F800200CE74FF0FF3022
:10C6C000BAE600BF00FCFF7F38B5314B1B6805465A
:10C6D0000C4613B15A6B002A4ED0B4F90C3018072F
:10C6E0009AB21CD5216929B312F0010007D00020AD
:10C6F000A06060694042A06139B1002038BD950753
:10C7000058BF6069A0600029F7D1120658BF0846DB
:10C71000F4D543F04003A3814FF0FF3038BDD1067C
:10C720002ED5520714D4216943F00803A3819AB28D
:10C730000029D9D102F42070B0F5007FD4D0214671
:10C74000284600F047F9B4F90C3021699AB2CBE7DA
:10C75000216B51B104F14002914204D02846FBF70D
:10C760008DF9B4F90C300022226321690022C4E95A
:10C77000001223F02403D7E71846FAF743FEACE78C
:10C78000092243F040032A604FF0FF30A38138BDF7
:10C790001C1500202DE9F04782B0824688461446D9
:10C7A000FAF7FCFF012803D108F1FF33FE2B36D93D
:10C7B0000DF10409424604F15C0349465046FEF778
:10C7C00001FD421C064632D020B39DF804C000256E
:10C7D00009E023685A1C226083F800C00135B54285
:10C7E00018D219F801CFA368013B002BA360F0DA3F
:10C7F000A769BB4261462246504602DBBCF10A0FE4
:10C80000E7D100F053F9431CE8D10646304602B0A8
:10C81000BDE8F0874646304602B0BDE8F0875FFAD3
:10C8200088FC8DF804C006460DF10409CFE7A38902
:10C83000304643F04003A38102B0BDE8F08700BF5B
:10C8400030B5536E13F0010FB2F90C30144683B0BB
:10C8500005469AB201D198051CD5900406D4626EA3
:10C8600043F4005342F40052A381626622462846F4
:10C87000FFF790FF636EDA07054602D4A3899B0594
:10C8800002D5284603B030BDA06DFBF723F828463B
:10C8900003B030BDA06D0191FBF71AF8B4F90C306C
:10C8A00001999AB2D9E700BF2DE9F04F8BB0DDE9CD
:10C8B000158A149F0391814605921E46B8F1000F18
:10C8C0005CD0039B002B5ED0059B1D68002F6AD0B7
:10C8D000741E4EB3039B0493043D002601950BE0A8
:10C8E000039B2BBB019B1A68002A3AD0BC455CD243
:10C8F000013C631C664617D0D8F800300293019BB8
:10C90000DAF8E05053F8042F019307A9434648464C
:10C91000D8F804B0A847421C3AD000EB060CBC453E
:10C92000DED9029BC8E9003B30460BB0BDE8F08F72
:10C9300000280EDD049B019D18445A1E07A900F132
:10C94000FF3E11F8013B02F8013F7245F9D1019514
:10C950000490059B1A6804321A60019B1A68002A29
:10C96000C4D1039B0BB1059B1A600CF1FF3600226A
:10C970003046C8F800200BB0BDE8F08F039B00F5EF
:10C980008678002BA0D1059B4FF0FF371D689FE7ED
:10C9900006468A2100223046C9F80010C8F8002057
:10C9A0000BB0BDE8F08F3E46BEE76646BCE700BF71
:10C9B00010B584B0054C0698009007980190044883
:10C9C00000680294FFF770FF04B010BD940F0020C0
:10C9D0001C1500202DE9F0418B890C46990796B073
:10C9E00008D504F143030122C4E90432236016B0E0
:10C9F000BDE8F081B4F90E100029064625DB6A4631
:10CA000000F0ACF800281FDB019D05F47045A5F58A
:10CA10000055B5FA85F54FF480686D094FF400674D
:10CA200041463046F9F796FCE0B1B4F90C30C4F851
:10CA3000148043F0800320602061A38135BB3B4319
:10CA4000A38116B0BDE8F081A38913F0800519D049
:10CA50004FF040080025414630462F46F9F77AFC52
:10CA60000028E2D1B4F90C309A05C0D423F00303B6
:10CA700004F1430243F002030121C4E90421A3812C
:10CA80002260B4E74FF480682F46C9E7B4F90E106E
:10CA9000304600F079F810B9B4F90C30CFE7A3892B
:10CAA00023F0030343F001031BB2C8E7F8B50D46BA
:10CAB0001446064610B1436B002B4CD0B4F90C2041
:10CAC000A369A360170790B21BD52369CBB1EDB260
:10CAD00081042F4622D522686169D31A994229DD43
:10CAE0000133A1680139A160511C21601570626990
:10CAF0009A4227D0A389DB0701D50A2D22D03846D8
:10CB0000F8BD21463046FFF7DFFD08BBB4F90C2025
:10CB1000236990B2EDB281042F46DCD442F4005276
:10CB2000A281626E616922F4005262662268D31AA1
:10CB30009942D5DC21463046FDF724FB40B92268F6
:10CB40000123CEE721463046FDF71CFB0028D6D056
:10CB50004FF0FF37D3E7FAF755FCAFE770B50C4657
:10CB6000084D03460026204611461C462E60F7F766
:10CB700001FD431C00D070BD2B68002BFBD023604F
:10CB800070BD00BF7C1F002038B5074D0022044651
:10CB900008462A60F7F7F4FC431C00D038BD2B6828
:10CBA000002BFBD0236038BD7C1F0020000000005C
:10CBB0005FF800F0291700605FF800F07D1B00604F
:10CBC0005FF800F0D11B00600000000000000000D2
:04CBD000F8B500BFF5
:10CBD4000000000000000000000000000000000051
:10CBE4000000000000000000000000000000000041
:10CBF4000000000000000000000000000000000031
:10CC04000000000000000000000000000000000020
:10CC14000000000000000000000000000000000010
:10CC24000000000000000000000000000000000000
:10CC340000000000000000000000000000000000F0
:10CC440000000000000000000000000000000000E0
:10CC540000000000000000000000000000000000D0
:10CC640000000000000000000000000000000000C0
:10CC740000000000000000000000000000000000B0
:10CC840000000000000000000000000000000000A0
:10CC94000000000000000000000000000000000090
:10CCA4000000000000000000000000000000000080
:10CCB4000000000000000000000000000000000070
:10CCC4000000000000000000000000000000000060
:10CCD4000000000000000000000000000000000050
:10CCE4000000000000000000000000000000000040
:10CCF4000000000000000000000000000000000030
:10CD0400000000000000000000000000000000001F
:10CD1400000000000000000000000000000000000F
:10CD240000000000000000000000000000000000FF
:10CD340000000000000000000000000000000000EF
:10CD440000000000000000000000000000000000DF
:10CD540000000000000000000000000000000000CF
:10CD640000000000000000000000000000000000BF
:10CD740000000000000000000000000000000000AF
:10CD8400000000000000000000000000000000009F
:10CD9400000000000000000000000000000000008F
:10CDA400000000000000000000000000000000007F
:10CDB400000000000000000000000000000000006F
:10CDC400000000000000000000000000000000005F
:10CDD400000000000000000000000000000000004F
:10CDE400000000000000000000000000000000003F
:10CDF400000000000000000000000000000000002F
:10CE0400000000000000000000000000000000001E
:10CE1400000000000000000000000000000000000E
:10CE240000000000000000000000000000000000FE
:10CE340000000000000000000000000000000000EE
:10CE440000000000000000000000000000000000DE
:10CE54000080E03779C34143176E05B5B5B89346F2
:10CE6400F5F93FE9034F384D321D30F94877825ABE
:10CE74003CBF737FDD4F1575000000000000F03FDC
:10CE840000000000000024400000000000005940A1
:10CE94000000000000408F40000000000088C340F4
:10CEA40000000000006AF8400000000080842E4169
:10CEB40000000000D01263410000000084D79741B5
:10CEC4000000000065CDCD41000000205FA00242BB
:10CED400000000E876483742000000A2941A6D4230
:10CEE400000040E59C30A2420000901EC4BCD64223
:10CEF40000003426F56B0C430080E03779C34143CE
:10CF040000A0D8855734764300C84E676DC1AB4343
:10CF1400003D9160E458E143408CB5781DAF154461
:10CF240050EFE2D6E41A4B4492D54D06CFF080443C
:10CF3400F64AE1C7022DB544B49DD9794378EA4451
:10CF4400483624124533210F42301E0C3F2D1B0955
:10CF54003C2A180639271503473523114432200E7D
:10CF6400412F1D0B3E2C1A083B29170538261402A5
:10CF74004634221043311F0D402E1C0A3D2B190745
:10CF84003A28160437251301DB0F49BFE4CB1640BA
:10CF9400E4CB16C000000080DB0F4940DB0F49C022
:10CFA400256470696E313A25640000002C25647094
:10CFB400696E323A256400002C756E6C6F636B6584
:10CFC400643A25642C647A56616C75653A25642C40
:10CFD40064656C74613A25642C73696E63654D6F86
:10CFE40076653A256400000000000000000000009F
:10CFF400ED1B0000DD300000D9300000D53000000A
:10D00400D1300000CD300000C9300000C530000030
:10D0140000000000000000008D1600009D160000B6
:10D024000000000000000000F517000021180000B7
:10D03400A9170000F1170000AD170000B917000090
:10D04400D91700002C2066756E6374696F6E3A20E0
:10D0540000000000617373657274696F6E2022258D
:10D064007322206661696C65643A2066696C652088
:10D07400222573222C206C696E6520256425732576
:10D08400730A000042616C6C6F632073756363659F
:10D0940065646564000000002F646174612F6A6533
:10D0A4006E6B696E732F776F726B73706163652F2C
:10D0B400474E552D746F6F6C636861696E2F617292
:10D0C4006D2D31312F7372632F6E65776C69622D0C
:10D0D40063796777696E2F6E65776C69622F6C6907
:10D0E40062632F7374646C69622F6D707265632E52
:10D0F4006300000000202020202020202020282859
:10D104002828282020202020202020202020202003
:10D114002020202020881010101010101010101043
:10D124001010101010040404040404040404041073
:10D134001010101010104141414141410101010101
:10D1440001010101010101010101010101010101CB
:10D1540010101010101042424242424202020202D7
:10D16400020202020202020202020202020202029B
:10D17400101010102000000000000000000000004B
:10D18400000000000000000000000000000000009B
:10D19400000000000000000000000000000000008B
:10D1A400000000000000000000000000000000007B
:10D1B400000000000000000000000000000000006B
:10D1C400000000000000000000000000000000005B
:10D1D400000000000000000000000000000000004B
:10D1E400000000000000000000000000000000003B
:10D1F4000000000000000000496E66696E697479E1
:10D20400000000004E614E002F646174612F6A6556
:10D214006E6B696E732F776F726B73706163652FBA
:10D22400474E552D746F6F6C636861696E2F617220
:10D234006D2D31312F7372632F6E65776C69622D9A
:10D2440063796777696E2F6E65776C69622F6C6995
:10D2540062632F7374646C69622F64746F612E63EC
:10D2640000000000494E4600696E66004E414E00C3
:10D274006E616E003031323334353637383961629D
:10D28400636465660000000030313233343536376C
:10D29400383941424344454600000000286E756C0D
:10D2A4006C290000300000003863ED3EDA0F493F7E
:10D2B4005E987B3FDA0FC93F6937AC31682122336E
:10D2C400B40F14336821A2332020202020202020F2
:10D2D400202020202020202020202020202020204A
:10D2E400202020202020202000000042C8801F4051
:10D2F400B8821F400800000000000042C4801F40A4
:10D30400B4821F400400000000C0004224801F407B
:10D3140014821F401000000000C0004228801F40FB
:10D3240018821F402000000000C000422C801F40D3
:10D334001C821F404000000000C0004234801F4097
:10D3440024821F40000100000040004264811F400D
:10D3540054831F40000400000040004280811F40AD
:10D3640070831F4000000200004000427C811F4087
:10D374006C831F40000001000040004268811F4090
:10D3840058831F4000080000004000423C811F40B9
:10D394002C831F40010000000040004244811F40D4
:10D3A40034831F40040000000040004240811F40BD
:10D3B40030831F40020000000040004248811F40AB
:10D3C40038831F40080000000000004204811F4011
:10D3D400F4821F40000004000000004208811F4046
:10D3E400F8821F40000008000000004218811F401E
:10D3F40008831F40000080000000004214811F4089
:10D4040004831F40000040000000004200811F40D0
:10D41400F0821F400000020000000042FC801F4018
:10D42400EC821F40000001000000004224811F40E4
:10D4340014831F40000000040000004228811F40A4
:10D4440018831F4000000008000000421C811F4098
:10D454000C831F40000000010000004220811F4097
:10D4640010831F400000000200000042EC801F40B7
:10D47400DC821F400010000000000042F0801F40CA
:10D48400E0821F40002000000000004234811F4061
:10D4940024831F40000000400000004238811F40E8
:10D4A40028831F40000000800080004294801F40B9
:10D4B40084821F400000040000C0004290801F408E
:10D4C40080821F400000008000800042A8801F402E
:10D4D40098821F400000800000800042A4801F400A
:10D4E40094821F4000004000004000426C811F40B5
:10D4F4005C831F400010000000C0004230801F40C9
:10D5040020821F408000000000800042C8811F402C
:10D51400B8831F400080000000800042C4811F4087
:10D52400B4831F400040000000800042C0811F40BF
:10D53400B0831F400020000000800042BC811F40D7
:10D54400AC831F400010000000800042D0811F40C7
:10D55400C0831F400000020000800042CC811F40B5
:10D56400BC831F40000001000500000019000000FA
:10D574007D00000007080C0B06050F000D0E0102CC
:10D58400838407080C0B06050F000D0E010283842B
:10D594002E0000004C435F434F4C4C415445000067
:10D5A4004C435F4354595045000000004C435F4DC9
:10D5B4004F4E4554415259004C435F4E554D4552D0
:10D5C400494300004C435F54494D45004C435F4D73
:10D5D40045535341474553000001000020150020E6
:10D5E4001200000000060000741E00600A00000023
:10D5F40000020000DC1D0060950000000007000030
:10D60400441D00609500000000030000401D006000
:10D614000000000001030904281D00600000000050
:10D624000203090434150020000000000303090468
:10D63400441500200000000000000000000000006D
:10D644000000000030303030303030303030303096
:10D6540030303030303030303030303030303030C6
:10D66400303030300000000000000000301E002088
:10D67400981E0020001F0020000000000000000091
:10D684000000000000000000000000000000000096
:10D694000000000000000000000000000000000086
:10D6A4000000000000000000000000000000000076
:10D6B4000000000000000000000000000000000066
:10D6C4000000000000000000000000000000000056
:10D6D4000000000000000000000000000000000046
:10D6E4000000000000000000000000000000000036
:10D6F4000000000000000000000000000000000026
:10D7040001000000000000000E33CDAB34126DE6C2
:10D71400ECDE05000B00000000000000000000002B
:10D7240000000000000000000000000000000000F5
:10D7340000000000000000000000000000000000E5
:10D7440000000000000000000000000000000000D5
:10D7540000000000000000000000000000000000C5
:10D7640000000000000000000000000000000000B5
:10D7740000000000000000000000000000000000A5
:10D7840000000000000000000029DE07007B9A175B
:10D794002004002000000000E80300000000000056
:10D7A4005804002000000000E8030000000000000E
:10D7B40000003F40C01C00600000000000000000AA
:10D7C4000000000000000000000000000000000055
:10D7D4000000000000000000000000000000000045
:10D7E4000000000000000000000000000000000035
:10D7F4000000000000000000000000000000000025
:10D804000000000000000000000000000000000014
:10D814000000000000000000000000000000000004
:10D8240000000000000000000000000000000000F4
:10D8340000000000000000000000000000000000E4
:10D8440000000000000000000000000000000000D4
:10D8540000000000000000000000000000000000C4
:10D8640000000000000000000000000000000000B4
:10D8740000000000000000000000000000000000A4
:10D884000000000000000000000000000000000094
:10D894000000000000000000000000000000000084
:10D8A4000000000000000000000000000000000074
:10D8B4000000000000000000000000000000000064
:10D8C4000000000000000000000000000000000054
:10D8D4000000000000000000000000000000000044
:10D8E4005804002000000000E803000000000000CD
:10D8F40000803F40701C0060000000000000000039
:10D904000000000000000000000000000000000013
:10D914000000000000000000000000000000000003
:10D9240000000000000000000000000000000000F3
:10D9340000000000000000000000000000000000E3
:10D9440000000000000000000000000000000000D3
:10D9540000000000000000000000000000000000C3
:10D9640000000000000000000000000000000000B3
:10D9740000000000000000000000000000000000A3
:10D984000000000000000000000000000000000093
:10D994000000000000000000000000000000000083
:10D9A4000000000000000000000000000000000073
:10D9B4000000000000000000000000000000000063
:10D9C4000000000000000000000000000000000053
:10D9D4000000000000000000000000000000000043
:10D9E4000000000000000000000000000000000033
:10D9F4000000000000000000000000000000000023
:10DA04000000000000000000000000000000000012
:10DA14000000000000000000000000000000000002
:10DA24005804002000000000E8030000000000008B
:10DA340000C03F40201C0060000000000000000007
:10DA440000000000000000000000000000000000D2
:10DA540000000000000000000000000000000000C2
:10DA640000000000000000000000000000000000B2
:10DA740000000000000000000000000000000000A2
:10DA84000000000000000000000000000000000092
:10DA94000000000000000000000000000000000082
:10DAA4000000000000000000000000000000000072
:10DAB4000000000000000000000000000000000062
:10DAC4000000000000000000000000000000000052
:10DAD4000000000000000000000000000000000042
:10DAE4000000000000000000000000000000000032
:10DAF4000000000000000000000000000000000022
:10DB04000000000000000000000000000000000011
:10DB14000000000000000000000000000000000001
:10DB240000000000000000000000000000000000F1
:10DB340000000000000000000000000000000000E1
:10DB440000000000000000000000000000000000D1
:10DB540000000000000000000000000000000000C1
:10DB6400A04420204300000000000000000000004A
:10DB740000000000000000000000000000000000A1
:10DB8400000000004300000000000000000000004E
:10DB94000000000000000000000000000000000081
:10DBA400000000004300000000000000000000002E
:10DBB4000000000000000000000000000000000061
:10DBC400000000004300000000000000000000000E
:10DBD4000000000000000000000000000000000041
:10DBE40000000000430000000000000000000000EE
:10DBF4000000000000000000000000000000000021
:10DC040000000000430000000000000000000000CD
:10DC14000000000000000000000000000000000000
:10DC240000000000430000000000000000000000AD
:10DC340000000000000000000000000000000000E0
:10DC440000000000AD650000095E00000000000057
:10DC540024050020C0090020800400208004002046
:10DC64008004002080040020800400208004002020
:10DC7400800400208004002080040020FFFFFFFFB8
:10DC8400FFFFFFFFFFFFFFFFFFFF00000100415305
:10DC940043494900000000000000000000000000AB
:10DCA40000000000000000000000000000004153DC
:10DCB400434949000000000000000000000000008B
:10DCC4000000000000000000000000000000000050
:10DCD40000000000000000000011002000110020DE
:10DCE400081100200811002010110020101100203C
:10DCF40018110020181100202011002020110020EC
:10DD0400281100202811002030110020301100209B
:10DD1400381100203811002040110020401100204B
:10DD240048110020481100205011002050110020FB
:10DD340058110020581100206011002060110020AB
:10DD4400681100206811002070110020701100205B
:10DD5400781100207811002080110020801100200B
:10DD640088110020881100209011002090110020BB
:10DD74009811002098110020A0110020A01100206B
:10DD8400A8110020A8110020B0110020B01100201B
:10DD9400B8110020B8110020C0110020C0110020CB
:10DDA400C8110020C8110020D0110020D01100207B
:10DDB400D8110020D8110020E0110020E01100202B
:10DDC400E8110020E8110020F0110020F0110020DB
:10DDD400F8110020F8110020001200200012002089
:10DDE4000812002008120020101200201012002037
:10DDF40018120020181200202012002020120020E7
:10DE04002812002028120020301200203012002096
:10DE14003812002038120020401200204012002046
:10DE240048120020481200205012002050120020F6
:10DE340058120020581200206012002060120020A6
:10DE44006812002068120020701200207012002056
:10DE54007812002078120020801200208012002006
:10DE640088120020881200209012002090120020B6
:10DE74009812002098120020A0120020A012002066
:10DE8400A8120020A8120020B0120020B012002016
:10DE9400B8120020B8120020C0120020C0120020C6
:10DEA400C8120020C8120020D0120020D012002076
:10DEB400D8120020D8120020E0120020E012002026
:10DEC400E8120020E8120020F0120020F0120020D6
:10DED400F8120020F8120020001300200013002084
:10DEE4000813002008130020101300201013002032
:10DEF40018130020181300202013002020130020E2
:10DF04002813002028130020301300203013002091
:10DF14003813002038130020401300204013002041
:10DF240048130020481300205013002050130020F1
:10DF340058130020581300206013002060130020A1
:10DF44006813002068130020701300207013002051
:10DF54007813002078130020801300208013002001
:10DF640088130020881300209013002090130020B1
:10DF74009813002098130020A0130020A013002061
:10DF8400A8130020A8130020B0130020B013002011
:10DF9400B8130020B8130020C0130020C0130020C1
:10DFA400C8130020C8130020D0130020D013002071
:10DFB400D8130020D8130020E0130020E013002021
:10DFC400E8130020E8130020F0130020F0130020D1
:10DFD400F8130020F813002000140020001400207F
:10DFE400081400200814002010140020101400202D
:10DFF40018140020181400202014002020140020DD
:10E00400281400202814002030140020301400208C
:10E01400381400203814002040140020401400203C
:10E0240048140020481400205014002050140020EC
:10E03400581400205814002060140020601400209C
:10E04400681400206814002070140020701400204C
:10E0540078140020781400208014002080140020FC
:10E0640088140020881400209014002090140020AC
:10E074009814002098140020A0140020A01400205C
:10E08400A8140020A8140020B0140020B01400200C
:10E09400B8140020B8140020C0140020C0140020BC
:10E0A400C8140020C8140020D0140020D01400206C
:10E0B400D8140020D8140020E0140020E01400201C
:10E0C400E8140020E8140020F0140020F0140020CC
:10E0D400F8140020F8140020FFFFFFFF00000200E6
:10E0E4000000000003000000301E0020980A0020F9
:10E0F40012010002EF020140C016890479020102F4
:10E104000301000010034F00740074006F007000DE
:10E114006F0074000C030000000000000000000009
:10E1240000000000000000000000010000000000EA
:10E1340000000000000000000000000000000000DB
:10E1440000000000000000000000000000000000CB
:10E1540000000000000000000000000000000000BB
:10E1640000000000000000000000000000000000AB
:10E17400000000000000000000000000000000009B
:10E18400000000000000000000000000000000008B
:10E19400000000000000000000000000000000007B
:10E1A400000000000000000000000000000000006B
:10E1B400000000000000000000000000000000005B
:10E1C400000000000000000000000000000000004B
:10E1D400000000000000000000000000000000003B
:10E1E400000000000000000000000000000000002B
:10E1F400000000000000000000000000000000001B
:10E20400000000000000000000000000000000000A
:10E2140000000000000000000000000000000000FA
:10E2240000000000000000000000000000000000EA
:10E2340000000000000000000000000000000000DA
:10E2440000000000000000000000000000000000CA
:10E2540000000000000000000000000000000000BA
:10E2640000000000000000000000000000000000AA
:10E27400000000000000000000000000000000009A
:10E28400000000000000000000000000000000008A
:10E29400000000000000000000000000000000007A
:10E2A400000000000000000000000000000000006A
:10E2B400000000000000000000000000000000005A
:10E2C400000000000000000000000000000000004A
:10E2D400000000000000000000000000000000003A
:10E2E400000000000000000000000000000000002A
:10E2F400000000000000000000000000000000001A
:10E304000000000000000000000000000000000009
:10E3140000000000000000000000000000000000F9
:10E3240000000000000000000000000000000000E9
:10E3340000000000000000000000000000000000D9
:10E3440000000000000000000000000000000000C9
:10E3540000000000000000000000000000000000B9
:10E3640000000000000000000000000000000000A9
:10E374000000000000000000000000000000000099
:10E384000000000000000000000000000000000089
:10E394000000000000000000000000000000000079
:10E3A4000000000000000000000000000000000069
:10E3B4000000000000000000000000000000000059
:10E3C4000000000000000000000000000000000049
:10E3D4000000000000000000000000000000000039
:10E3E4000000000000000000000000000000000029
:10E3F4000000000000000000000000000000000019
:10E404000000000000000000000000000000000008
:10E4140000000000000000000000000000000000F8
:10E4240000000000000000000000000000000000E8
:10E4340000000000000000000000000000000000D8
:10E4440000000000000000000000000000000000C8
:10E4540000000000000000000000000000000000B8
:10E4640000000000000000000000000000000000A8
:10E474000000000000000000000000000000000098
:10E484000000000000000000000000000000000088
:10E494000000000000000000000000000000000078
:10E4A4000000000000000000000000000000000068
:10E4B4000000000000000000000000000000000058
:10E4C4000000000000000000000000000000000048
:10E4D4000000000000000000000000000000000038
:10E4E4000000000000000000000000000000000028
:10E4F4000000000000000000000000000000000018
:10E504000000000000000000000000000000000007
:10E5140000000000000000000000000000000000F7
:10E5240000000000000000000000000000000000E7
:10E5340000000000000000000000000000000000D7
:10E5440000000000000000000000000000000000C7
:10E5540000000000000000000000000000000000B7
:10E5640000000000000000000000000000000000A7
:10E574000000000000000000000000000000000097
:10E584000000000000000000000000000000000087
:10E594000000000000000000000000000000000077
:10E5A4000000000000000000000000000000000067
:10E5B4000000000000000000000000000000000057
:10E5C4000000000000000000000000000000000047
:10E5D4000000000000000000000000000000000037
:10E5E4000000000000000000000000000000000027
:10E5F4000000000000000000000000000000000017
:10E604000000000000000000000000000000000006
:10E6140000000000000000000000000000000000F6
:10E6240000000000000000000000000000000000E6
:10E6340000000000000000000000000000000000D6
:10E6440000000000000000000000000000000000C6
:10E6540000000000000000000000000000000000B6
:10E6640000000000000000000000000000000000A6
:10E674000000000000000000000000000000000096
:10E684000000000000000000000000000000000086
:10E69400FFFFFFFFFFFFFFFFFFFFFFFFFFFFFFFF86
:10E6A400FFFFFFFFFFFFFFFFFFFFFFFFFFFFFFFF76
:10E6B400FFFFFFFFFFFFFFFFFFFFFFFFFFFFFFFF66
:10E6C400FFFFFFFFFFFFFFFFFFFFFFFFFFFFFFFF56
:10E6D400FFFFFFFFFFFFFFFFFFFFFFFFFFFFFFFF46
:10E6E400FFFFFFFFFFFFFFFFFFFFFFFFFFFFFFFF36
:10E6F400FFFFFFFFFFFFFFFFFFFFFFFFFFFFFFFF26
:10E70400FFFFFFFFFFFFFFFFFFFFFFFFFFFFFFFF15
:10E71400FFFFFFFFFFFFFFFFFFFFFFFFFFFFFFFF05
:10E72400FFFFFFFFFFFFFFFFFFFFFFFFFFFFFFFFF5
:10E73400FFFFFFFFFFFFFFFFFFFFFFFFFFFFFFFFE5
:10E74400FFFFFFFFFFFFFFFFFFFFFFFFFFFFFFFFD5
:10E75400FFFFFFFFFFFFFFFFFFFFFFFFFFFFFFFFC5
:10E76400FFFFFFFFFFFFFFFFFFFFFFFFFFFFFFFFB5
:10E77400FFFFFFFFFFFFFFFFFFFFFFFFFFFFFFFFA5
:10E78400FFFFFFFFFFFFFFFFFFFFFFFFFFFFFFFF95
:10E79400FFFFFFFFFFFFFFFFFFFFFFFFFFFFFFFF85
:10E7A400FFFFFFFFFFFFFFFFFFFFFFFFFFFFFFFF75
:10E7B400FFFFFFFFFFFFFFFFFFFFFFFFFFFFFFFF65
:10E7C400FFFFFFFFFFFFFFFFFFFFFFFFFFFFFFFF55
:10E7D400FFFFFFFFFFFFFFFFFFFFFFFFFFFFFFFF45
:10E7E400FFFFFFFFFFFFFFFFFFFFFFFFFFFFFFFF35
:10E7F400FFFFFFFFFFFFFFFFFFFFFFFF0000000021
:10E804000000000000000000000000000000000004
:10E8140000000000000000000000000000000000F4
:10E8240000000000000000000000000000000000E4
:10E8340000000000000000000000000000000000D4
:10E8440000000000000000000000000000000000C4
:10E8540000000000000000000000000000000000B4
:10E8640000000000000000000000000000000000A4
:10E874000000000000000000000000000000000094
:10E884000000000000000000000000000000000084
:10E894000000000000000000000000000000000074
:10E8A4000000000000000000000000000000000064
:10E8B4000000000000000000000000000000000054
:10E8C4000000000000000000000000000000000044
:10E8D4000000000000000000000000000000000034
:10E8E4000000000000000000000000000000000024
:10E8F4000000000000000000000000000000000014
:10E904000000000000000000000000000000000003
:10E9140000000000000000000000000000000000F3
:10E9240000000000000000000000000000000000E3
:10E9340000000000000000000000000000000000D3
:10E9440000000000000000000000000000000000C3
:10E9540000000000000000000000000000000000B3
:10E9640000000000000000000000000000000000A3
:10E974000000000000000000000000000000000093
:10E984000000000000000000000000000000000083
:10E994000000000000000000000000000000000073
:10E9A4000000000000000000000000000000000063
:10E9B4000000000000000000000000000000000053
:10E9C4000000000000000000000000000000000043
:10E9D4000000000000000000000000000000000033
:10E9E4000000000000000000000000000000000023
:10E9F4000000000000000000000000000000000013
:10EA04000000000000000000000000000000000002
:10EA140000000000000000000000000000000000F2
:10EA240000000000000000000000000000000000E2
:10EA340000000000000000000000000000000000D2
:10EA440000000000000000000000000000000000C2
:10EA540000000000000000000000000000000000B2
:10EA640000000000000000000000000000000000A2
:10EA74000000000000000000000000000000000092
:10EA84000000000000000000000000000000000082
:10EA94000000000000000000000000000000000072
:10EAA4000000000000000000000000000000000062
:10EAB4000000000000000000000000000000000052
:10EAC4000000000000000000000000000000000042
:10EAD4000000000000000000000000000000000032
:10EAE4000000000000000000000000000000000022
:10EAF4000000000000000000000000000000000012
:10EB04000000000000000000000000000000000001
:10EB140000000000000000000000000000000000F1
:10EB240000000000000000000000000000000000E1
:10EB340000000000000000000000000000000000D1
:10EB440000000000000000000000000000000000C1
:10EB540000000000000000000000000000000000B1
:10EB640000000000000000000000000000000000A1
:10EB74000000000000000000000000000000000091
:10EB84000000000000000000000000000000000081
:10EB94000000000000000000000000000000000071
:10EBA4000000000000000000000000000000000061
:10EBB4000000000000000000000000000000000051
:10EBC4000000000000000000000000000000000041
:10EBD4000000000000000000000000000000000031
:10EBE4000000000000000000000000000000000021
:10EBF4000000000000000000000000000000000011
:10EC04000000000000000000000000000000000000
:10EC140000000000000000000000000000000000F0
:10EC240000000000000000000000000000000000E0
:10EC340000000000000000000000000000000000D0
:10EC440000000000000000000000000000000000C0
:10EC540000000000000000000000000000000000B0
:10EC640000000000000000000000000000000000A0
:10EC74000000000000000000000000000000000090
:10EC84000000000000000000000000000000000080
:10EC94000000000000000000000000000000000070
:10ECA4000000000000000000000000000000000060
:10ECB4000000000000000000000000000000000050
:10ECC4000000000000000000000000000000000040
:10ECD4000000000000000000000000000000000030
:10ECE4000000000000000000000000000000000020
:10ECF4000000000000000000000000000000000010
:10ED040000000000000000000000000000000000FF
:10ED140000000000000000000000000000000000EF
:10ED240000000000000000000000000000000000DF
:10ED340000000000000000000000000000000000CF
:10ED440000000000000000000000000000000000BF
:10ED540000000000000000000000000000000000AF
:10ED6400000000000000000000000000000000009F
:10ED7400000000000000000000000000000000008F
:10ED8400000000000000000000000000000000007F
:10ED9400000000000000000000000000000000006F
:10EDA400000000000000000000000000000000005F
:10EDB400000000000000000000000000000000004F
:10EDC400000000000000000000000000000000003F
:10EDD400000000000000000000000000000000002F
:10EDE400000000000000000000000000000000001F
:10EDF400000000000000000000000000000000000F
:10EE040000000000000000000000000000000000FE
:10EE140000000000000000000000000000000000EE
:10EE240000000000000000000000000000000000DE
:10EE340000000000000000000000000000000000CE
:10EE440000000000000000000000000000000000BE
:10EE540000000000000000000000000000000000AE
:10EE6400000000000000000000000000000000009E
:10EE7400000000000000000000000000000000008E
:10EE8400000000000000000000000000000000007E
:10EE9400000000000000000000000000000000006E
:10EEA400000000000000000000000000000000005E
:10EEB400000000000000000000000000000000004E
:10EEC400000000000000000000000000000000003E
:10EED400000000000000000000000000000000002E
:10EEE400000000000000000000000000000000001E
:10EEF400000000000000000000000000000000000E
:10EF040000000000000000000000000000000000FD
:10EF140000000000000000000000000000000000ED
:10EF240000000000000000000000000000000000DD
:10EF340000000000000000000000000000000000CD
:10EF440000000000000000000000000000000000BD
:10EF540000000000000000000000000000000000AD
:10EF6400000000000000000000000000000000009D
:10EF7400000000000000000000000000000000008D
:10EF8400000000000000000000000000000000007D
:10EF9400000000000000000000000000000000006D
:10EFA400000000000000000000000000000000005D
:10EFB400000000000000000000000000000000004D
:10EFC400000000000000000000000000000000003D
:10EFD400000000000000000000000000000000002D
:10EFE400000000000000000000000000000000001D
:10EFF400000000000000000000000000000000000D
:10F0040000000000000000000000000000000000FC
:10F0140000000000000000000000000000000000EC
:10F0240000000000000000000000000000000000DC
:10F0340000000000000000000000000000000000CC
:10F0440000000000000000000000000000000000BC
:10F0540000000000000000000000000000000000AC
:10F06400000000000000000000000000000000009C
:10F07400000000000000000000000000000000008C
:10F08400000000000000000000000000000000007C
:10F09400000000000000000000000000000000006C
:10F0A400000000000000000000000000000000005C
:10F0B400000000000000000000000000000000004C
:10F0C400000000000000000000000000000000003C
:10F0D400000000000000000000000000000000002C
:10F0E400000000000000000000000000000000001C
:10F0F400000000000000000000000000000000000C
:10F1040000000000000000000000000000000000FB
:10F1140000000000000000000000000000000000EB
:10F1240000000000000000000000000000000000DB
:10F1340000000000000000000000000000000000CB
:10F1440000000000000000000000000000000000BB
:10F1540000000000000000000000000000000000AB
:10F16400000000000000000000000000000000009B
:10F17400000000000000000000000000000000008B
:10F18400000000000000000000000000000000007B
:10F19400000000000000000000000000000000006B
:10F1A400000000000000000000000000000000005B
:10F1B400000000000000000000000000000000004B
:10F1C400000000000000000000000000000000003B
:10F1D400000000000000000000000000000000002B
:10F1E400000000000000000000000000000000001B
:10F1F400000000000000000000000000000000000B
:10F2040000000000000000000000000000000000FA
:10F2140000000000000000000000000000000000EA
:10F2240000000000000000000000000000000000DA
:10F2340000000000000000000000000000000000CA
:10F2440000000000000000000000000000000000BA
:10F2540000000000000000000000000000000000AA
:10F26400000000000000000000000000000000009A
:10F27400000000000000000000000000000000008A
:10F28400000000000000000000000000000000007A
:10F29400000000000000000000000000000000006A
:10F2A400000000000000000000000000000000005A
:10F2B400000000000000000000000000000000004A
:10F2C400000000000000000000000000000000003A
:10F2D400000000000000000000000000000000002A
:10F2E400000000000000000000000000000000001A
:10F2F400000000000000000000000000000000000A
:10F3040000000000000000000000000000000000F9
:10F3140000000000000000000000000000000000E9
:10F3240000000000000000000000000000000000D9
:10F3340000000000000000000000000000000000C9
:10F3440000000000000000000000000000000000B9
:10F3540000000000000000000000000000000000A9
:10F364000000000000000000000000000000000099
:10F374000000000000000000000000000000000089
:10F384000000000000000000000000000000000079
:10F394000000000000000000000000000000000069
:10F3A4000000000000000000000000000000000059
:10F3B4000000000000000000000000000000000049
:10F3C4000000000000000000000000000000000039
:10F3D4000000000000000000000000000000000029
:10F3E4000000000000000000000000000000000019
:0CF3F4000000000000000000000000000D
:040000056000100087
:00000001FF
