:0200000460009A
:100000004643464200000156000000000103030081
:1000100000000000000000000000000000000000E0
:1000200000000000000000000000000000000000D0
:1000300000000000000000000000000000000000C0
:1000400000000000010408000000000000000000A3
:100050000000200000000000000000000000000080
:100060000000000000000000000000000000000090
:100070000000000000000000000000000000000080
:10008000EB04180A063204260000000000000000FD
:10009000050404240000000000000000000000002F
:1000A0000000000000000000000000000000000050
:1000B0000604000000000000000000000000000036
:1000C0000000000000000000000000000000000030
:1000D00020041808000000000000000000000000DC
:1000E0000000000000000000000000000000000010
:1000F0000000000000000000000000000000000000
:10010000D8041808000000000000000000000000F3
:100110000204180804200000000000000000000095
:1001200000000000000000000000000000000000CF
:10013000600400000000000000000000000000005B
:1001400000000000000000000000000000000000AF
:10015000000000000000000000000000000000009F
:10016000000000000000000000000000000000008F
:10017000000000000000000000000000000000007F
:10018000000000000000000000000000000000006F
:10019000000000000000000000000000000000005F
:1001A000000000000000000000000000000000004F
:1001B000000000000000000000000000000000003F
:1001C000000100000010000001000000000000001D
:1001D000000001000000000000000000000000001E
:1001E000000000000000000000000000000000000F
:1001F00000000000000000000000000000000000FF
:10020000FFFFFFFFFFFFFFFFFFFFFFFFFFFFFFFFFE
:10021000FFFFFFFFFFFFFFFFFFFFFFFFFFFFFFFFEE
:10022000FFFFFFFFFFFFFFFFFFFFFFFFFFFFFFFFDE
:10023000FFFFFFFFFFFFFFFFFFFFFFFFFFFFFFFFCE
:10024000FFFFFFFFFFFFFFFFFFFFFFFFFFFFFFFFBE
:10025000FFFFFFFFFFFFFFFFFFFFFFFFFFFFFFFFAE
:10026000FFFFFFFFFFFFFFFFFFFFFFFFFFFFFFFF9E
:10027000FFFFFFFFFFFFFFFFFFFFFFFFFFFFFFFF8E
:10028000FFFFFFFFFFFFFFFFFFFFFFFFFFFFFFFF7E
:10029000FFFFFFFFFFFFFFFFFFFFFFFFFFFFFFFF6E
:1002A000FFFFFFFFFFFFFFFFFFFFFFFFFFFFFFFF5E
:1002B000FFFFFFFFFFFFFFFFFFFFFFFFFFFFFFFF4E
:1002C000FFFFFFFFFFFFFFFFFFFFFFFFFFFFFFFF3E
:1002D000FFFFFFFFFFFFFFFFFFFFFFFFFFFFFFFF2E
:1002E000FFFFFFFFFFFFFFFFFFFFFFFFFFFFFFFF1E
:1002F000FFFFFFFFFFFFFFFFFFFFFFFFFFFFFFFF0E
:10030000FFFFFFFFFFFFFFFFFFFFFFFFFFFFFFFFFD
:10031000FFFFFFFFFFFFFFFFFFFFFFFFFFFFFFFFED
:10032000FFFFFFFFFFFFFFFFFFFFFFFFFFFFFFFFDD
:10033000FFFFFFFFFFFFFFFFFFFFFFFFFFFFFFFFCD
:10034000FFFFFFFFFFFFFFFFFFFFFFFFFFFFFFFFBD
:10035000FFFFFFFFFFFFFFFFFFFFFFFFFFFFFFFFAD
:10036000FFFFFFFFFFFFFFFFFFFFFFFFFFFFFFFF9D
:10037000FFFFFFFFFFFFFFFFFFFFFFFFFFFFFFFF8D
:10038000FFFFFFFFFFFFFFFFFFFFFFFFFFFFFFFF7D
:10039000FFFFFFFFFFFFFFFFFFFFFFFFFFFFFFFF6D
:1003A000FFFFFFFFFFFFFFFFFFFFFFFFFFFFFFFF5D
:1003B000FFFFFFFFFFFFFFFFFFFFFFFFFFFFFFFF4D
:1003C000FFFFFFFFFFFFFFFFFFFFFFFFFFFFFFFF3D
:1003D000FFFFFFFFFFFFFFFFFFFFFFFFFFFFFFFF2D
:1003E000FFFFFFFFFFFFFFFFFFFFFFFFFFFFFFFF1D
:1003F000FFFFFFFFFFFFFFFFFFFFFFFFFFFFFFFF0D
:10040000FFFFFFFFFFFFFFFFFFFFFFFFFFFFFFFFFC
:10041000FFFFFFFFFFFFFFFFFFFFFFFFFFFFFFFFEC
:10042000FFFFFFFFFFFFFFFFFFFFFFFFFFFFFFFFDC
:10043000FFFFFFFFFFFFFFFFFFFFFFFFFFFFFFFFCC
:10044000FFFFFFFFFFFFFFFFFFFFFFFFFFFFFFFFBC
:10045000FFFFFFFFFFFFFFFFFFFFFFFFFFFFFFFFAC
:10046000FFFFFFFFFFFFFFFFFFFFFFFFFFFFFFFF9C
:10047000FFFFFFFFFFFFFFFFFFFFFFFFFFFFFFFF8C
:10048000FFFFFFFFFFFFFFFFFFFFFFFFFFFFFFFF7C
:10049000FFFFFFFFFFFFFFFFFFFFFFFFFFFFFFFF6C
:1004A000FFFFFFFFFFFFFFFFFFFFFFFFFFFFFFFF5C
:1004B000FFFFFFFFFFFFFFFFFFFFFFFFFFFFFFFF4C
:1004C000FFFFFFFFFFFFFFFFFFFFFFFFFFFFFFFF3C
:1004D000FFFFFFFFFFFFFFFFFFFFFFFFFFFFFFFF2C
:1004E000FFFFFFFFFFFFFFFFFFFFFFFFFFFFFFFF1C
:1004F000FFFFFFFFFFFFFFFFFFFFFFFFFFFFFFFF0C
:10050000FFFFFFFFFFFFFFFFFFFFFFFFFFFFFFFFFB
:10051000FFFFFFFFFFFFFFFFFFFFFFFFFFFFFFFFEB
:10052000FFFFFFFFFFFFFFFFFFFFFFFFFFFFFFFFDB
:10053000FFFFFFFFFFFFFFFFFFFFFFFFFFFFFFFFCB
:10054000FFFFFFFFFFFFFFFFFFFFFFFFFFFFFFFFBB
:10055000FFFFFFFFFFFFFFFFFFFFFFFFFFFFFFFFAB
:10056000FFFFFFFFFFFFFFFFFFFFFFFFFFFFFFFF9B
:10057000FFFFFFFFFFFFFFFFFFFFFFFFFFFFFFFF8B
:10058000FFFFFFFFFFFFFFFFFFFFFFFFFFFFFFFF7B
:10059000FFFFFFFFFFFFFFFFFFFFFFFFFFFFFFFF6B
:1005A000FFFFFFFFFFFFFFFFFFFFFFFFFFFFFFFF5B
:1005B000FFFFFFFFFFFFFFFFFFFFFFFFFFFFFFFF4B
:1005C000FFFFFFFFFFFFFFFFFFFFFFFFFFFFFFFF3B
:1005D000FFFFFFFFFFFFFFFFFFFFFFFFFFFFFFFF2B
:1005E000FFFFFFFFFFFFFFFFFFFFFFFFFFFFFFFF1B
:1005F000FFFFFFFFFFFFFFFFFFFFFFFFFFFFFFFF0B
:10060000FFFFFFFFFFFFFFFFFFFFFFFFFFFFFFFFFA
:10061000FFFFFFFFFFFFFFFFFFFFFFFFFFFFFFFFEA
:10062000FFFFFFFFFFFFFFFFFFFFFFFFFFFFFFFFDA
:10063000FFFFFFFFFFFFFFFFFFFFFFFFFFFFFFFFCA
:10064000FFFFFFFFFFFFFFFFFFFFFFFFFFFFFFFFBA
:10065000FFFFFFFFFFFFFFFFFFFFFFFFFFFFFFFFAA
:10066000FFFFFFFFFFFFFFFFFFFFFFFFFFFFFFFF9A
:10067000FFFFFFFFFFFFFFFFFFFFFFFFFFFFFFFF8A
:10068000FFFFFFFFFFFFFFFFFFFFFFFFFFFFFFFF7A
:10069000FFFFFFFFFFFFFFFFFFFFFFFFFFFFFFFF6A
:1006A000FFFFFFFFFFFFFFFFFFFFFFFFFFFFFFFF5A
:1006B000FFFFFFFFFFFFFFFFFFFFFFFFFFFFFFFF4A
:1006C000FFFFFFFFFFFFFFFFFFFFFFFFFFFFFFFF3A
:1006D000FFFFFFFFFFFFFFFFFFFFFFFFFFFFFFFF2A
:1006E000FFFFFFFFFFFFFFFFFFFFFFFFFFFFFFFF1A
:1006F000FFFFFFFFFFFFFFFFFFFFFFFFFFFFFFFF0A
:10070000FFFFFFFFFFFFFFFFFFFFFFFFFFFFFFFFF9
:10071000FFFFFFFFFFFFFFFFFFFFFFFFFFFFFFFFE9
:10072000FFFFFFFFFFFFFFFFFFFFFFFFFFFFFFFFD9
:10073000FFFFFFFFFFFFFFFFFFFFFFFFFFFFFFFFC9
:10074000FFFFFFFFFFFFFFFFFFFFFFFFFFFFFFFFB9
:10075000FFFFFFFFFFFFFFFFFFFFFFFFFFFFFFFFA9
:10076000FFFFFFFFFFFFFFFFFFFFFFFFFFFFFFFF99
:10077000FFFFFFFFFFFFFFFFFFFFFFFFFFFFFFFF89
:10078000FFFFFFFFFFFFFFFFFFFFFFFFFFFFFFFF79
:10079000FFFFFFFFFFFFFFFFFFFFFFFFFFFFFFFF69
:1007A000FFFFFFFFFFFFFFFFFFFFFFFFFFFFFFFF59
:1007B000FFFFFFFFFFFFFFFFFFFFFFFFFFFFFFFF49
:1007C000FFFFFFFFFFFFFFFFFFFFFFFFFFFFFFFF39
:1007D000FFFFFFFFFFFFFFFFFFFFFFFFFFFFFFFF29
:1007E000FFFFFFFFFFFFFFFFFFFFFFFFFFFFFFFF19
:1007F000FFFFFFFFFFFFFFFFFFFFFFFFFFFFFFFF09
:10080000FFFFFFFFFFFFFFFFFFFFFFFFFFFFFFFFF8
:10081000FFFFFFFFFFFFFFFFFFFFFFFFFFFFFFFFE8
:10082000FFFFFFFFFFFFFFFFFFFFFFFFFFFFFFFFD8
:10083000FFFFFFFFFFFFFFFFFFFFFFFFFFFFFFFFC8
:10084000FFFFFFFFFFFFFFFFFFFFFFFFFFFFFFFFB8
:10085000FFFFFFFFFFFFFFFFFFFFFFFFFFFFFFFFA8
:10086000FFFFFFFFFFFFFFFFFFFFFFFFFFFFFFFF98
:10087000FFFFFFFFFFFFFFFFFFFFFFFFFFFFFFFF88
:10088000FFFFFFFFFFFFFFFFFFFFFFFFFFFFFFFF78
:10089000FFFFFFFFFFFFFFFFFFFFFFFFFFFFFFFF68
:1008A000FFFFFFFFFFFFFFFFFFFFFFFFFFFFFFFF58
:1008B000FFFFFFFFFFFFFFFFFFFFFFFFFFFFFFFF48
:1008C000FFFFFFFFFFFFFFFFFFFFFFFFFFFFFFFF38
:1008D000FFFFFFFFFFFFFFFFFFFFFFFFFFFFFFFF28
:1008E000FFFFFFFFFFFFFFFFFFFFFFFFFFFFFFFF18
:1008F000FFFFFFFFFFFFFFFFFFFFFFFFFFFFFFFF08
:10090000FFFFFFFFFFFFFFFFFFFFFFFFFFFFFFFFF7
:10091000FFFFFFFFFFFFFFFFFFFFFFFFFFFFFFFFE7
:10092000FFFFFFFFFFFFFFFFFFFFFFFFFFFFFFFFD7
:10093000FFFFFFFFFFFFFFFFFFFFFFFFFFFFFFFFC7
:10094000FFFFFFFFFFFFFFFFFFFFFFFFFFFFFFFFB7
:10095000FFFFFFFFFFFFFFFFFFFFFFFFFFFFFFFFA7
:10096000FFFFFFFFFFFFFFFFFFFFFFFFFFFFFFFF97
:10097000FFFFFFFFFFFFFFFFFFFFFFFFFFFFFFFF87
:10098000FFFFFFFFFFFFFFFFFFFFFFFFFFFFFFFF77
:10099000FFFFFFFFFFFFFFFFFFFFFFFFFFFFFFFF67
:1009A000FFFFFFFFFFFFFFFFFFFFFFFFFFFFFFFF57
:1009B000FFFFFFFFFFFFFFFFFFFFFFFFFFFFFFFF47
:1009C000FFFFFFFFFFFFFFFFFFFFFFFFFFFFFFFF37
:1009D000FFFFFFFFFFFFFFFFFFFFFFFFFFFFFFFF27
:1009E000FFFFFFFFFFFFFFFFFFFFFFFFFFFFFFFF17
:1009F000FFFFFFFFFFFFFFFFFFFFFFFFFFFFFFFF07
:100A0000FFFFFFFFFFFFFFFFFFFFFFFFFFFFFFFFF6
:100A1000FFFFFFFFFFFFFFFFFFFFFFFFFFFFFFFFE6
:100A2000FFFFFFFFFFFFFFFFFFFFFFFFFFFFFFFFD6
:100A3000FFFFFFFFFFFFFFFFFFFFFFFFFFFFFFFFC6
:100A4000FFFFFFFFFFFFFFFFFFFFFFFFFFFFFFFFB6
:100A5000FFFFFFFFFFFFFFFFFFFFFFFFFFFFFFFFA6
:100A6000FFFFFFFFFFFFFFFFFFFFFFFFFFFFFFFF96
:100A7000FFFFFFFFFFFFFFFFFFFFFFFFFFFFFFFF86
:100A8000FFFFFFFFFFFFFFFFFFFFFFFFFFFFFFFF76
:100A9000FFFFFFFFFFFFFFFFFFFFFFFFFFFFFFFF66
:100AA000FFFFFFFFFFFFFFFFFFFFFFFFFFFFFFFF56
:100AB000FFFFFFFFFFFFFFFFFFFFFFFFFFFFFFFF46
:100AC000FFFFFFFFFFFFFFFFFFFFFFFFFFFFFFFF36
:100AD000FFFFFFFFFFFFFFFFFFFFFFFFFFFFFFFF26
:100AE000FFFFFFFFFFFFFFFFFFFFFFFFFFFFFFFF16
:100AF000FFFFFFFFFFFFFFFFFFFFFFFFFFFFFFFF06
:100B0000FFFFFFFFFFFFFFFFFFFFFFFFFFFFFFFFF5
:100B1000FFFFFFFFFFFFFFFFFFFFFFFFFFFFFFFFE5
:100B2000FFFFFFFFFFFFFFFFFFFFFFFFFFFFFFFFD5
:100B3000FFFFFFFFFFFFFFFFFFFFFFFFFFFFFFFFC5
:100B4000FFFFFFFFFFFFFFFFFFFFFFFFFFFFFFFFB5
:100B5000FFFFFFFFFFFFFFFFFFFFFFFFFFFFFFFFA5
:100B6000FFFFFFFFFFFFFFFFFFFFFFFFFFFFFFFF95
:100B7000FFFFFFFFFFFFFFFFFFFFFFFFFFFFFFFF85
:100B8000FFFFFFFFFFFFFFFFFFFFFFFFFFFFFFFF75
:100B9000FFFFFFFFFFFFFFFFFFFFFFFFFFFFFFFF65
:100BA000FFFFFFFFFFFFFFFFFFFFFFFFFFFFFFFF55
:100BB000FFFFFFFFFFFFFFFFFFFFFFFFFFFFFFFF45
:100BC000FFFFFFFFFFFFFFFFFFFFFFFFFFFFFFFF35
:100BD000FFFFFFFFFFFFFFFFFFFFFFFFFFFFFFFF25
:100BE000FFFFFFFFFFFFFFFFFFFFFFFFFFFFFFFF15
:100BF000FFFFFFFFFFFFFFFFFFFFFFFFFFFFFFFF05
:100C0000FFFFFFFFFFFFFFFFFFFFFFFFFFFFFFFFF4
:100C1000FFFFFFFFFFFFFFFFFFFFFFFFFFFFFFFFE4
:100C2000FFFFFFFFFFFFFFFFFFFFFFFFFFFFFFFFD4
:100C3000FFFFFFFFFFFFFFFFFFFFFFFFFFFFFFFFC4
:100C4000FFFFFFFFFFFFFFFFFFFFFFFFFFFFFFFFB4
:100C5000FFFFFFFFFFFFFFFFFFFFFFFFFFFFFFFFA4
:100C6000FFFFFFFFFFFFFFFFFFFFFFFFFFFFFFFF94
:100C7000FFFFFFFFFFFFFFFFFFFFFFFFFFFFFFFF84
:100C8000FFFFFFFFFFFFFFFFFFFFFFFFFFFFFFFF74
:100C9000FFFFFFFFFFFFFFFFFFFFFFFFFFFFFFFF64
:100CA000FFFFFFFFFFFFFFFFFFFFFFFFFFFFFFFF54
:100CB000FFFFFFFFFFFFFFFFFFFFFFFFFFFFFFFF44
:100CC000FFFFFFFFFFFFFFFFFFFFFFFFFFFFFFFF34
:100CD000FFFFFFFFFFFFFFFFFFFFFFFFFFFFFFFF24
:100CE000FFFFFFFFFFFFFFFFFFFFFFFFFFFFFFFF14
:100CF000FFFFFFFFFFFFFFFFFFFFFFFFFFFFFFFF04
:100D0000FFFFFFFFFFFFFFFFFFFFFFFFFFFFFFFFF3
:100D1000FFFFFFFFFFFFFFFFFFFFFFFFFFFFFFFFE3
:100D2000FFFFFFFFFFFFFFFFFFFFFFFFFFFFFFFFD3
:100D3000FFFFFFFFFFFFFFFFFFFFFFFFFFFFFFFFC3
:100D4000FFFFFFFFFFFFFFFFFFFFFFFFFFFFFFFFB3
:100D5000FFFFFFFFFFFFFFFFFFFFFFFFFFFFFFFFA3
:100D6000FFFFFFFFFFFFFFFFFFFFFFFFFFFFFFFF93
:100D7000FFFFFFFFFFFFFFFFFFFFFFFFFFFFFFFF83
:100D8000FFFFFFFFFFFFFFFFFFFFFFFFFFFFFFFF73
:100D9000FFFFFFFFFFFFFFFFFFFFFFFFFFFFFFFF63
:100DA000FFFFFFFFFFFFFFFFFFFFFFFFFFFFFFFF53
:100DB000FFFFFFFFFFFFFFFFFFFFFFFFFFFFFFFF43
:100DC000FFFFFFFFFFFFFFFFFFFFFFFFFFFFFFFF33
:100DD000FFFFFFFFFFFFFFFFFFFFFFFFFFFFFFFF23
:100DE000FFFFFFFFFFFFFFFFFFFFFFFFFFFFFFFF13
:100DF000FFFFFFFFFFFFFFFFFFFFFFFFFFFFFFFF03
:100E0000FFFFFFFFFFFFFFFFFFFFFFFFFFFFFFFFF2
:100E1000FFFFFFFFFFFFFFFFFFFFFFFFFFFFFFFFE2
:100E2000FFFFFFFFFFFFFFFFFFFFFFFFFFFFFFFFD2
:100E3000FFFFFFFFFFFFFFFFFFFFFFFFFFFFFFFFC2
:100E4000FFFFFFFFFFFFFFFFFFFFFFFFFFFFFFFFB2
:100E5000FFFFFFFFFFFFFFFFFFFFFFFFFFFFFFFFA2
:100E6000FFFFFFFFFFFFFFFFFFFFFFFFFFFFFFFF92
:100E7000FFFFFFFFFFFFFFFFFFFFFFFFFFFFFFFF82
:100E8000FFFFFFFFFFFFFFFFFFFFFFFFFFFFFFFF72
:100E9000FFFFFFFFFFFFFFFFFFFFFFFFFFFFFFFF62
:100EA000FFFFFFFFFFFFFFFFFFFFFFFFFFFFFFFF52
:100EB000FFFFFFFFFFFFFFFFFFFFFFFFFFFFFFFF42
:100EC000FFFFFFFFFFFFFFFFFFFFFFFFFFFFFFFF32
:100ED000FFFFFFFFFFFFFFFFFFFFFFFFFFFFFFFF22
:100EE000FFFFFFFFFFFFFFFFFFFFFFFFFFFFFFFF12
:100EF000FFFFFFFFFFFFFFFFFFFFFFFFFFFFFFFF02
:100F0000FFFFFFFFFFFFFFFFFFFFFFFFFFFFFFFFF1
:100F1000FFFFFFFFFFFFFFFFFFFFFFFFFFFFFFFFE1
:100F2000FFFFFFFFFFFFFFFFFFFFFFFFFFFFFFFFD1
:100F3000FFFFFFFFFFFFFFFFFFFFFFFFFFFFFFFFC1
:100F4000FFFFFFFFFFFFFFFFFFFFFFFFFFFFFFFFB1
:100F5000FFFFFFFFFFFFFFFFFFFFFFFFFFFFFFFFA1
:100F6000FFFFFFFFFFFFFFFFFFFFFFFFFFFFFFFF91
:100F7000FFFFFFFFFFFFFFFFFFFFFFFFFFFFFFFF81
:100F8000FFFFFFFFFFFFFFFFFFFFFFFFFFFFFFFF71
:100F9000FFFFFFFFFFFFFFFFFFFFFFFFFFFFFFFF61
:100FA000FFFFFFFFFFFFFFFFFFFFFFFFFFFFFFFF51
:100FB000FFFFFFFFFFFFFFFFFFFFFFFFFFFFFFFF41
:100FC000FFFFFFFFFFFFFFFFFFFFFFFFFFFFFFFF31
:100FD000FFFFFFFFFFFFFFFFFFFFFFFFFFFFFFFF21
:100FE000FFFFFFFFFFFFFFFFFFFFFFFFFFFFFFFF11
:100FF000FFFFFFFFFFFFFFFFFFFFFFFFFFFFFFFF01
:10100000D1002043ED15006000000000000000004A
:10101000201000600010006000E800600000000088
:101020000000006000F4000000000000FFFFFFFF70
:10103000FFFFFFFFFFFFFFFFFFFFFFFFFFFFFFFFC0
:10104000FFFFFFFFFFFFFFFFFFFFFFFFFFFFFFFFB0
:10105000FFFFFFFFFFFFFFFFFFFFFFFFFFFFFFFFA0
:10106000FFFFFFFFFFFFFFFFFFFFFFFFFFFFFFFF90
:10107000FFFFFFFFFFFFFFFFFFFFFFFFFFFFFFFF80
:10108000FFFFFFFFFFFFFFFFFFFFFFFFFFFFFFFF70
:10109000FFFFFFFFFFFFFFFFFFFFFFFFFFFFFFFF60
:1010A000FFFFFFFFFFFFFFFFFFFFFFFFFFFFFFFF50
:1010B000FFFFFFFFFFFFFFFFFFFFFFFFFFFFFFFF40
:1010C000FFFFFFFFFFFFFFFFFFFFFFFFFFFFFFFF30
:1010D000FFFFFFFFFFFFFFFFFFFFFFFFFFFFFFFF20
:1010E000FFFFFFFFFFFFFFFFFFFFFFFFFFFFFFFF10
:1010F000FFFFFFFFFFFFFFFFFFFFFFFFFFFFFFFF00
:10110000FFFFFFFFFFFFFFFFFFFFFFFFFFFFFFFFEF
:10111000FFFFFFFFFFFFFFFFFFFFFFFFFFFFFFFFDF
:10112000FFFFFFFFFFFFFFFFFFFFFFFFFFFFFFFFCF
:10113000FFFFFFFFFFFFFFFFFFFFFFFFFFFFFFFFBF
:10114000FFFFFFFFFFFFFFFFFFFFFFFFFFFFFFFFAF
:10115000FFFFFFFFFFFFFFFFFFFFFFFFFFFFFFFF9F
:10116000FFFFFFFFFFFFFFFFFFFFFFFFFFFFFFFF8F
:10117000FFFFFFFFFFFFFFFFFFFFFFFFFFFFFFFF7F
:10118000FFFFFFFFFFFFFFFFFFFFFFFFFFFFFFFF6F
:10119000FFFFFFFFFFFFFFFFFFFFFFFFFFFFFFFF5F
:1011A000FFFFFFFFFFFFFFFFFFFFFFFFFFFFFFFF4F
:1011B000FFFFFFFFFFFFFFFFFFFFFFFFFFFFFFFF3F
:1011C000FFFFFFFFFFFFFFFFFFFFFFFFFFFFFFFF2F
:1011D000FFFFFFFFFFFFFFFFFFFFFFFFFFFFFFFF1F
:1011E000FFFFFFFFFFFFFFFFFFFFFFFFFFFFFFFF0F
:1011F000FFFFFFFFFFFFFFFFFFFFFFFFFFFFFFFFFF
:10120000FFFFFFFFFFFFFFFFFFFFFFFFFFFFFFFFEE
:10121000FFFFFFFFFFFFFFFFFFFFFFFFFFFFFFFFDE
:10122000FFFFFFFFFFFFFFFFFFFFFFFFFFFFFFFFCE
:10123000FFFFFFFFFFFFFFFFFFFFFFFFFFFFFFFFBE
:10124000FFFFFFFFFFFFFFFFFFFFFFFFFFFFFFFFAE
:10125000FFFFFFFFFFFFFFFFFFFFFFFFFFFFFFFF9E
:10126000FFFFFFFFFFFFFFFFFFFFFFFFFFFFFFFF8E
:10127000FFFFFFFFFFFFFFFFFFFFFFFFFFFFFFFF7E
:10128000FFFFFFFFFFFFFFFFFFFFFFFFFFFFFFFF6E
:10129000FFFFFFFFFFFFFFFFFFFFFFFFFFFFFFFF5E
:1012A000FFFFFFFFFFFFFFFFFFFFFFFFFFFFFFFF4E
:1012B000FFFFFFFFFFFFFFFFFFFFFFFFFFFFFFFF3E
:1012C000FFFFFFFFFFFFFFFFFFFFFFFFFFFFFFFF2E
:1012D000FFFFFFFFFFFFFFFFFFFFFFFFFFFFFFFF1E
:1012E000FFFFFFFFFFFFFFFFFFFFFFFFFFFFFFFF0E
:1012F000FFFFFFFFFFFFFFFFFFFFFFFFFFFFFFFFFE
:10130000FFFFFFFFFFFFFFFFFFFFFFFFFFFFFFFFED
:10131000FFFFFFFFFFFFFFFFFFFFFFFFFFFFFFFFDD
:10132000FFFFFFFFFFFFFFFFFFFFFFFFFFFFFFFFCD
:10133000FFFFFFFFFFFFFFFFFFFFFFFFFFFFFFFFBD
:10134000FFFFFFFFFFFFFFFFFFFFFFFFFFFFFFFFAD
:10135000FFFFFFFFFFFFFFFFFFFFFFFFFFFFFFFF9D
:10136000FFFFFFFFFFFFFFFFFFFFFFFFFFFFFFFF8D
:10137000FFFFFFFFFFFFFFFFFFFFFFFFFFFFFFFF7D
:10138000FFFFFFFFFFFFFFFFFFFFFFFFFFFFFFFF6D
:10139000FFFFFFFFFFFFFFFFFFFFFFFFFFFFFFFF5D
:1013A000FFFFFFFFFFFFFFFFFFFFFFFFFFFFFFFF4D
:1013B000FFFFFFFFFFFFFFFFFFFFFFFFFFFFFFFF3D
:1013C000FFFFFFFFFFFFFFFFFFFFFFFFFFFFFFFF2D
:1013D000FFFFFFFFFFFFFFFFFFFFFFFFFFFFFFFF1D
:1013E000FFFFFFFFFFFFFFFFFFFFFFFFFFFFFFFF0D
:1013F000FFFFFFFFFFFFFFFFFFFFFFFFFFFFFFFFFD
:10140000824205D051F8043B40F8043B8242F9D8AF
:10141000704700BF044A05494FF0000342F8043BFF
:101420009142FBD8704700BFC01A0020C02C00209A
:1014300080B5BFF34F8F00F0D5F9534C534B0820C4
:101440005349C3F85401534AC3F800115248C3F832
:10145000F0405249FFF7D4FF514A52495248FFF732
:10146000CFFF524CFFF7D6FF4FF470004FF0E02152
:1014700000234F4AC1F8880D44F823200133B02BD4
:10148000FAD14C4B80214C4A03F8011B9342FBD10B
:101490004FF0E025494F4A4A4FF0FF31C5F8084D5B
:1014A0000026D5F8243D43F4E023C5F8243DFB692C
:1014B00023F07F0343F04003FB617B6A23F07F034B
:1014C00043F040037B629166D1661167516700F07B
:1014D00091F93C4B63223C49A3633C4BE3630323F8
:1014E0006A613B4AAE612B61C5F8202DD5F8FC2D11
:1014F000384B42F08072C5F8FC2D1A6842F00102A8
:101500001A605B680B6000F0FFF9334800F074FB71
:10151000F96E324B324A41F44051F9661E60C3F80D
:101520000861C3F81861C3F82861C3F83861936B88
:10153000DB0708D442F615632A4951651365936B9E
:1015400043F001039363264A274C936843F0011349
:10155000936000F01DF900F05BFB00F003FA00F06F
:1015600043F92368132BFCD900F094FA2368B3F5F0
:10157000967FFBD300F03CF900F038F900F040FB17
:1015800000F02EFB30BFFDE70C0D111300800D4065
:101590001B10182050AD000000000000801E0060ED
:1015A000C01A0020D4CB00600000002000180020EA
:1015B0005125000000E400E0A0E400E000C00F407E
:1015C00000C00A40A9410000D02A0020AD4100001F
:1015D00000002020001000E00046C3230040084027
:1015E00000400D400000C056D42A0020054B4FF4A7
:1015F0002A01054A05485A641864054A99639546C4
:10160000FFF716FF00C00A40AFAAAAAA07002000F1
:101610000000072043690A4A03EB011010B4037A63
:10162000084C02EB0313D3E901321460C2681A605C
:1016300003690BB142691A605DF8044B704700BF43
:101640001807002061F801004369027E03EB0212D3
:1016500092F808C08C451CD01A7AFF2A19D0914202
:1016600010B5044616D01A7EFF2A06D00121D3E910
:10167000002312681A4201D1217610BD064B0522C3
:10168000204603EB0C135B681A60FFF7C3FF21765B
:10169000F3E770470021EAE71807002043690A4A88
:1016A00003EB011010B490F82830084C02EB031340
:1016B000D3E901321460C26A1A60036B0BB1426B4A
:1016C0001A605DF8044B70471807002061F80100AC
:1016D0004369427E03EB021292F828C08C451ED06B
:1016E00093F82820FF2A1AD0914210B5044617D04B
:1016F00093F83820FF2A06D00121D3E9002312688D
:101700001A4201D1617610BD064B0522204603EB3B
:101710000C135B681A60FFF7C1FF6176F3E770474F
:101720000021EAE718070020164942698B6B23F471
:101730007C0343F4802370B58B630446124DD2E9D9
:1017400000130A681A4303690A60022200211A6121
:101750000E4A19619A6401225A629D624FF4303533
:10176000DD624FF001159E6C1E6519629D651A6160
:10177000017EFFF74FFF617E2046BDE87040FFF716
:101780008DBF00BF00C00F40B80B05053B372819BF
:10179000104BA020104AD96E41F4403110B4D966E4
:1017A00040F23764D96E41F44071D9665464906454
:1017B000936C1B06FCD4094A40F23761A0235164A4
:1017C0009364936C13F08003FBD1054A13705DF8AA
:1017D000044B704700C00F4000400C4000800C409C
:1017E000752C0020704700BF704700BF704700BFD6
:1017F00000BF704710B44FF0E0230021102432489E
:10180000C3F8941DC3F89C4D1124C3F8A00D2F48B4
:10181000C3F89C4D1224C3F8A00D2D48C3F89C4D6D
:101820002C4AC3F8A00D2C4C42F015022B48C3F8EB
:101830009C4DC3F8A00D2A4C2A48C3F89C4DC3F810
:10184000A00D294CC3F89C2D2848294AC3F8A04D67
:10185000C3F89C0DC3F8A02D02F5A022254C0C3234
:101860002548C3F89C4DC3F8A02D244AC3F89C0D0D
:10187000C3F8A02D02F14062214C02322148C3F886
:101880009C4DC3F8A02D0A32C3F89C0DC3F8A02DBF
:1018900000BF00BF00BF00BF00BF0122C3F8942DEE
:1018A000BFF34F8FBFF36F8FC3F8501FBFF34F8F3E
:1018B000BFF36F8FD3F8142D5DF8044B42F4403220
:1018C000C3F8142D704700BF3F0000102500080723
:1018D00009001000C02C0020130020002100020786
:1018E0001400002025000813090000101600202015
:1018F00027000B1317000040180000602F000B0793
:10190000190000701A000080F0B4154A40274FF407
:1019100080314FF480564FF400554FF4404443F269
:101920004200136913F0020F0ED113F4005F0FD0C1
:1019300013F4805F0ED0002BF3DA13F4803F0BD149
:101940005B060BD5F0BC7047946151619061E8E78C
:101950005561E6E75661E4E79161E2E75761E0E748
:1019600000800D403F4A03203F49F3EE095AD2F868
:1019700080304FF0000C9FED3D6A23F001039FED96
:101980003C5A30B4C2F88030C2F89000D1F8E01070
:10199000384DCBB2384C39482B6007EE903A0B0DDE
:1019A000C1F30B21F8EEE77A06EE903A07EE101A33
:1019B000334BB8EEC77A2160F8EEE66A314937EE6C
:1019C000C66A37EEC55A76EEC76A77EEE57A26EE36
:1019D000266AC3ED006A25EE265AD2F8803067EEFB
:1019E000A64AC0ED007AC6EE275A274885EE276A38
:1019F000C4EEA76A75EE875AFCEEE55A36EE076A22
:101A000015EE904ABCEEC66A43EA045376EE877A36
:101A1000C2F8803016EE103AD2F89041FCEEE77A28
:101A200001EA0341214317EE903AC2F89011C3F343
:101A30000B03D2F890110B431449C2F89031D2F83D
:101A4000803043F00203C2F88030114B80F840C070
:101A5000C1F840314FF0E023012230BCC3F8082127
:101A6000704700BF00810D4000441F400000AA42A3
:101A70000000B442902A00208C2A0020942A0020E2
:101A8000982A00200000FF0F00E400E0001800206A
:101A900039270000314B40F6617210B5C3F82021A0
:101AA00040F2044400F0A4F82D4A2E49D2F88030C8
:101AB0002D4843F00303C2F880302C4BC1F860413D
:101AC00002681A4203D1D1F8A8319A071BD0254ADF
:101AD0004FF00041244B5963D2F8403143F00203E8
:101AE000C2F84031D2F840319B07FBD44FF40030AC
:101AF0004FF0E0211C4B4FF00042C1F88C0219203E
:101B00009A6300F071F8184A4FF08040154C00219C
:101B100090630A20164B11604FF42072C4F8A8019C
:101B2000184600F071F84FF4800203464FF481002C
:101B300040F243111860C4F858311A640D4B0E4A34
:101B4000C4F84811C3F804224FF0E0224FF40031EA
:101B50000123C2F80C11C4F8403110BD00800D40C3
:101B600000C00F4000002E4000900D40001C1E00E1
:101B700000000020001800205929000008B50E4B75
:101B80001B6E9B0700D4FBBE72B60C4B00200C4AA8
:101B9000C3F8400103F160430A49A3F55F231164D0
:101BA0009D46BFF34F8F4FF400130748074ADB6988
:101BB00002609B68984700BF00441F4000002E4011
:101BC00000C00A400300200000802020000012EB2B
:101BD000F8B500BFF8BC08BC9E4670470000000086
:101BE0005FF800F0392200005FF800F05520000097
:101BF0005FF800F0953000005FF800F0651D000010
:101C00005FF800F0295A00005FF800F03D5800002E
:101C10005FF800F05D240000450000007D13000027
:101C200080C00F40000000031900000010000000F9
:101C3000E8841F4001000000FF000000FF000000DA
:101C4000000000000000000018000000100000006C
:101C5000E4841F4001000000FF000000FF000000BE
:101C600000000000000000001F000000911B0000A9
:101C700070C00F40000C00001100000011000000B7
:101C8000E0841F4002000000240000001200000059
:101C9000E0841F400100000010000000110000005F
:101CA000DC841F400200000025000000120000003C
:101CB000DC841F40010000001E000000851B0000A6
:101CC00070C00F40C00000001200000013000000B0
:101CD000D0841F4001000000FF000000FF00000052
:101CE00000000000000000001300000013000000CE
:101CF000CC841F4001000000FF000000FF00000036
:101D000000000000000000001C000000791B000023
:101D100018035400650065006E0073007900200010
:101D20004D00490044004900180354006500650057
:101D30006E00730079006400750069006E006F002A
:101D40000403090409029500030100C032080B00D6
:101D50000202020100090400000102020100052440
:101D600000100105240101010424020605240600D7
:101D7000010705820310001009040100020A000097
:101D80000007050302400000070583024000000928
:101D900004020002010300000724010001250006DF
:101DA00024020101000624020202000924030103A7
:101DB00001020100092403020401010100090504D4
:101DC00002400000000005250101010905840240D0
:101DD0000000000005250101030000000902950034
:101DE000030100C032080B000202020100090400D6
:101DF0000001020201000524001001052401010177
:101E000004240206052406000107058203100005CC
:101E100009040100020A0000000705030200020095
:101E2000070583020002000904020002010300000A
:101E300007240100012500062402010100062402F6
:101E40000202000924030103010201000924030224
:101E5000040101010009050402000200000005253B
:101E600001010109058402000200000005250101AD
:101E7000030000000A060002EF020140010000001A
:101E80000000000000000000000000000000000052
:101E90000000000000000000000000000000000042
:101EA0000548064B1B1AD90F01EBA301491002D0BC
:101EB000034B03B118477047C01A0020C01A002016
:101EC0000000000008B5054B1BB105490548AFF3FC
:101ED0000080BDE80840FFF7E3BF00BF000000003E
:101EE000B41F002000F400600022002110B440F66E
:101EF000FF744160C260446201615DF8044B82601E
:101F00000260C0E90722C0E9052270470000000016
:101F1000A2F2FF7300EE903AA1F2FF732DE9F041B7
:101F200000EE103AF8EEE00A05460C46B8EEC00A9C
:101F30001646D0E90587C0E90512C0E9078704F015
:101F400097F8B7EEC07A29689FED3F4B9FED406B45
:101F50009FED415B37EE047B27EE067B87EE056B3A
:101F6000FDEEC67B17EE903A5A1A82EAE270A0EBB9
:101F7000E270B0F5006F04DB002A5BDD01F6FF7153
:101F80005A1AD5ED016AA4EB0801B6EE006A70EEAC
:101F9000666A07EE901AF11BF8EEE77AB7EEE65A9A
:101FA00007EE101A9FED284BB8EEC77AF0EEE77AED
:101FB000B4EEC45BB0EEC77AF1EE10FAC7FEC77A92
:101FC00067EE867A07DD9FED246B35EE465BF7EE14
:101FD000C56BB7EEE65A9FED224BB4EEC45BF1EE53
:101FE00010FA05D59FED1C6B35EE065BF7EEC56B61
:101FF000F5EEC06A95ED047AF1EE10FA48BFF1EE05
:10200000677A77EE877AF5EEC07AF1EE10FA16D499
:10201000BBFE677ABDEEC77AF8EEC76A85ED037A34
:10202000AA602B6077EEE67A85ED010AC5ED047AA9
:10203000BDE8F081C91A40F6FF72521AA1E7BAFE54
:10204000677ABDEEC77AE7E7182D4454FB210940B3
:102050000000000000FEAF40182D4454FB21194041
:10206000182D4454FB2109C038B504460D464822BA
:10207000034902F029F8204684F8485038BD00BFD3
:102080007003002070B590F8483001440C4C16469F
:1020900001255B0091F83010204684F8A53084F8C3
:1020A000305184F82F5101F0F9FA3146204601F001
:1020B000F5FA29462046BDE8704001F0C7BB00BFD5
:1020C000D00B002070B590F8483016460B4C012517
:1020D0005B00415C204684F8305184F8A53084F8D8
:1020E0002F5101F0DBFA3146204601F0D7FA29469C
:1020F0002046BDE8704001F0A9BB00BFD00B002016
:1021000070B590F8483001440B4C164601255B0031
:10211000097E204684F8A53084F8305184F82F5188
:1021200001F0BCFA3146204601F0B8FA29462046B3
:10213000BDE8704001F08ABBD00B002070B50646A8
:102140000125164CFE2196F84830204684F830517F
:10215000AB4084F82F5184F8A53001F09FFAC521D7
:10216000204601F09BFA2946204601F06FFB96F8C5
:102170004830FD212046AB4084F8305184F82F517F
:1021800084F8A53001F08AFA0021204601F086FA91
:1021900029462046BDE8704001F058BBD00B002016
:1021A000F8B5012590F84830204C0646AB400F4664
:1021B0002046FE2184F8A53084F8305184F82F5150
:1021C00001F06CFAC521204601F068FA2946204644
:1021D00001F03CFB96F84830FD212046AB4084F8E6
:1021E000305184F82F5184F8A53001F057FA294670
:1021F000204601F053FA2946204601F027FB96F8C5
:102200004830E0212046AB4084F8305184F82F510B
:1022100084F8A53001F042FA3946204601F03EFA32
:1022200029462046BDE8F84001F010BBD00B002045
:10223000F8B5012590F84830204C0646AB400F46D3
:102240002046FE2184F8A53084F8305184F82F51BF
:1022500001F024FAC521204601F020FA2946204643
:1022600001F0F4FA96F84830FD212046AB4084F89E
:10227000305184F82F5184F8A53001F00FFA294627
:10228000204601F00BFA2946204601F0DFFA96F8C5
:10229000483051212046AB4084F8305184F82F510A
:1022A00084F8A53001F0FAF93946204601F0F6F934
:1022B00029462046BDE8F84001F0C8BAD00B0020FE
:1022C00070B506460125214CFE2196F8483020467F
:1022D00084F83051AB4084F82F5184F8A53001F0D8
:1022E000DDF9C521204601F0D9F92946204601F043
:1022F000ADFA96F84830FD212046AB4084F83051C5
:1023000084F82F5184F8A53001F0C8F929462046F9
:1023100001F0C4F92946204601F098FA96F84830B1
:102320008F212046AB4084F8305184F82F5184F837
:10233000A53001F0B3F9AE21204601F0AFF92946EE
:102340002046BDE8704001F081BA00BFD00B0020EC
:10235000F8B5012590F84830204C0646AB400F46B2
:102360002046FE2184F8A53084F8305184F82F519E
:1023700001F094F9C521204601F090F92946204644
:1023800001F064FA96F84830FD212046AB4084F80D
:10239000305184F82F5184F8A53001F07FF9294697
:1023A000204601F07BF92946204601F04FFA96F8C5
:1023B000483050212046AB4084F8305184F82F51EA
:1023C00084F8A53001F06AF93946204601F066F933
:1023D00029462046BDE8F84001F038BAD00B00206D
:1023E000F8B5012590F84830204C0646AB400F4622
:1023F0002046FE2184F8A53084F8305184F82F510E
:1024000001F04CF9C521204601F048F92946204643
:1024100001F01CFA96F84830FD212046AB4084F8C4
:10242000305184F82F5184F8A53001F037F929464E
:10243000204601F033F92946204601F007FA96F8C4
:10244000483060212046AB4084F8305184F82F5149
:1024500084F8A53001F022F93946204601F01EF932
:1024600029462046BDE8F84001F0F0B9D00B002025
:102470002DE9F041012690F84830234C0746B3403F
:1024800088462046FE2184F8A530354684F8306120
:1024900084F82F6101F002F9C521204601F0FEF811
:1024A0003146204601F0D2F997F84830FD21204608
:1024B000B34084F8306184F82F6184F8A53001F0CE
:1024C000EDF83146204601F0E9F83146204601F0AA
:1024D000BDF997F848302946013520465B0084F85D
:1024E0003061EDB284F82F6184F8A53001F0D6F8A0
:1024F0004146204601F0D2F80121204601F0A6F91C
:10250000492DE6D1BDE8F081D00B002002680B68B0
:102510009A4203DCB4BF0120002070474FF0FF3027
:10252000704700BF9DF800C0521AACEB030C21D0DD
:10253000411ABCF1000F0CFB01F011460CDB002A24
:10254000B8BF511C00EB610191FBF2F001FB02F2FC
:102550001844002A16DB7047002AB8BF511CA0EBB4
:10256000610191FBF2F001FB02F21844002AF2DB58
:1025700001307047BCF1000FB8BF0CF1010C03EB48
:102580006C007047013870472DE9F04182B0054674
:102590000C46D8309DF8281090461F46214E0191D8
:1025A000FFF7A2FC019905F58070FFF75DFD089B20
:1025B0000022C5F8CC406B600024099B6A610122AF
:1025C0002B6033682A772B6233682C61C5F8C430DE
:1025D000AC61AC60EC606C62C5E9348701F0CEFCA4
:1025E00033684FF664724FF0F041C5F8C0302B46A7
:1025F000AA8505F14802C5F8C800A96283F83040F1
:10260000033383F82C4083F82B4083F8754083F81C
:10261000744083F873409342F0D1284602B0BDE87D
:10262000F08100BFD42A002070B5044690F9D41080
:10263000D0F8CC0000F0DAFE4FF0FF31D4F8CC0037
:1026400004F5807500F0F6FE06464FF0FF31D4F831
:10265000D00000F0EFFE3146024604F1D800FFF74B
:1026600057FC2846FFF72CFE142001F033FC2846C7
:102670000121FFF76DFE28460121FFF791FD284655
:102680001621FFF7ADFE28460521FFF7D1FD2846AC
:10269000FF21FFF7EDFE2846BDE87040FFF74EBD75
:1026A00038B5044690F9D410D0F8CC0000F09EFE66
:1026B0004FF0FF31D4F8CC0000F0BCFE05464FF0DF
:1026C000FF31D4F8D00000F0B5FE2946024604F1EF
:1026D000D800BDE83840FFF71BBC00BF03784A04B0
:1026E000013B02F0FE421B0203F470631343426895
:1026F000120402F4FE0270B513434BF20B040646BB
:102700000D4643EA040002F0C3FD706832782D06DE
:102710002030531E05F0FE4500041B0200F4FE00AD
:1027200003F47063284318432043BDE8704002F06F
:10273000AFBD00BF03698B4210B536DA1622374CA5
:1027400002FB03F303F2FF7384FB032CDA17002B65
:102750009C44324BC2EBEC224FF0160C0CFB01FCFC
:10276000B8BF02F1FF320CF2FF7CD2B283FB0C3E09
:10277000E6444FEAEE2E0CE090F82BC0034483F8B9
:1027800076C090F82CC083F877C090F82DC083F8FD
:1027900078C0C2F1170302F1010C724503EB430349
:1027A0005FFA8CF2E8DB016110BD4FF0160C1B4A9A
:1027B00016240CFB01FC0CF2FF7C82FB0C2EBCF1FE
:1027C000000F4FEAEC72E64404FB03FC134B0CF2DF
:1027D000FF7CC2EBEE2283FB0C3EB8BF02F1FF325E
:1027E000E644D2B24FEAEE2E0CE090F82BC0034440
:1027F00083F876C090F82CC083F877C090F82DC08D
:1028000083F878C0C2F1170302F1010C724503EBA3
:1028100043035FFA8CF2E8DB016110BD81000880A0
:1028200001F1FF3C10B5D0F8D440A44529D004688C
:10283000A14225D12949D0F8C0400968091B632964
:102840001ED941688A4233D020318A4218D11A46B3
:102850008368C26002EBC31341F6FF722049C3EBE9
:1028600003331A4481FB0213D117002A1344C1EB2E
:102870006331BDE81040B8BF01F1FF31FFF75ABF27
:1028800010BD3F244FF0FF0E1EFB034E154CA4FB62
:102890000E4CA2F16504AEEB0C0E0CEB5E0CCCF30F
:1028A000871C052CC3D8DFE804F0090C0F121506AD
:1028B000C2688360CEE780F82AC0B8E780F82BC0F2
:1028C000B5E780F82CC0B2E780F82DC0AFE780F8FC
:1028D00028C0ACE780F829C0A9E700BFD42A0020AF
:1028E00009000280110804022DE9F0478CB004466B
:1028F000884690F9D41007AED0F8CC00914602ADCE
:1029000000F074FDB2464FF0FF31D4F8CC003746EA
:1029100000F090FD4FF0FF31D4F8D00000F08AFDB8
:102920004FF0FF31D4F8CC0000F084FD03464FF0A7
:10293000FF31D4F8D00045F8043B00F07BFDAF42F6
:1029400046F8040BECD102A8714B0422052104F0D7
:10295000BDF96F4B50460422052104F0B7F9099ADE
:10296000049904F1D800FFF7D3FAD4F8E460D4ED69
:10297000056A07EE906A9FED677AD4F8C820F8EEF2
:10298000E77AA9EB020577EEA67AF4EEC77AF1EEC4
:1029900010FA17D49FED607AF4EEC77AF1EE10FAD0
:1029A00010DC237FC4ED057A8BB1B0EEE77AF7EE49
:1029B000006AB4EEE67AF1EE10FA4CDCA369334417
:1029C000A36172E0237F84ED057A002B43D1636A13
:1029D00033446362002B40F08980226AA8EB020234
:1029E000B2F5967F3ED9A3610023D4F8D410636179
:1029F0000123C4E931892377002974D1049A474817
:102A000000F0A2FA099AD4F8D410454800F09CFAD4
:102A1000D4ED057A9FED437A4FF47A61236A67EE2D
:102A2000877A227FA8EB0304642382F001023E48E8
:102A3000FDEEE77AB4F5167F02FB01F128BF4FF4F3
:102A4000167406FB03F317EE902A009400F094FA34
:102A50000CB0BDE8F0870023C4F8208023776362C0
:102A60000023636123690021A269A16199191144BE
:102A700081F30C018B4216D02046C4F8C080FFF7CA
:102A800059FE2369294AC3EB833303F2FF7382FBA8
:102A90000312D917002B1A44C1EBE221B8BF01F190
:102AA000FF31FFF71BFED4ED057AF5EEC07A07EE95
:102AB000105A9FED1F6AB8EE477AF1EE10FAC7EE92
:102AC000066A18DD77EEE67AF5EEC07AF1EE10FAD6
:102AD000B8BFDFED187AC4ED057AD4F8D410C4E994
:102AE000318900298AD00CB0BDE8F0870023C4F8F2
:102AF00020806362B6E7F0D576EEA76AF5EEC06A8D
:102B0000F1EE10FA58BFDFED0B6AC4ED056AE4E799
:102B10008D060000000020C200002042D0030020EB
:102B2000DC0300200000C842E80300208100088088
:102B300000409C450000000000232DE9F04F80F884
:102B4000783083B080F87730044680F87630A0F192
:102B5000450A90F82B80054690F82C7090F82D606F
:102B600090F8281090F8292090F82A3095F8BB901A
:102B7000033D95F8BFE0A9F1280995F8C0C0AEF172
:102B8000280E8945ACF1280CB8BF89469645B8BFD8
:102B900096469C4585F8BE90B8BF9C4685F8BFE038
:102BA00085F8C0C05545E1D1D0ED047AB3EE067A80
:102BB000DFEDC15AF8EEE76A9FEDC06A0196C6EEF6
:102BC000A57A67EE877AFDEEE76AFBFE675A37EE75
:102BD000657AF8EEE66ABDEEC77A77EEE67A17EE2A
:102BE00010CA67EE867ABCF1000FFDEEE77A17EEA9
:102BF00090EACEF1FF0540F3DA80A8EB0108B8F1C6
:102C0000000F08FB0EF9C0F20D8109F17F09DFF812
:102C1000B0A28AFB09BA4FEAE97BB9F1000FCA44B6
:102C2000CBEBEA1A8A44C0F21081BF1A0CEB4C09B4
:102C30004FEA4C0B8144002F89F876A007FB0EFA6F
:102C4000C0F21F810AF17F0ADFF8749289FB0A69DA
:102C5000BAF1000F09EB0A064FEAEA79C9EBE61967
:102C60009144C0F2F880019E0BEB0C0AF61A8244E4
:102C7000002E06FB0EFE8AF87790C0F2EF800EF170
:102C80007F0EDFF83C9289FB0EA94FEAEE7ABEF187
:102C9000000FF144CAEBE9199944C0F2D9800BEB5B
:102CA0000C0EB8F1000F86448EF8789008FB05FEF4
:102CB000C0F287800EF17F0EDFF8048288FB0E9849
:102CC0004FEAEE79BEF1000FF044C9EBE8188844F2
:102CD000C0F2EF800CF1010C002F07FB05FE0CEB9E
:102CE0004C01014481F876804FEA4C01C0F28980A2
:102CF0000EF17F07DFF8C8E18EFB078E4FEAE77819
:102D0000002FBE44C8EBEE1E7244C0F2D08001EB2F
:102D10000C07002E06FB05F5074487F8772063DBD8
:102D200005F17F02664D85FB0265D617002A154422
:102D3000C6EBE5152B44C0F2B8806144002500F5D0
:102D40008077014481F8783094F87620EEB294F8D8
:102D50002E30384601353146934205D0FFF7B2F99F
:102D600094F8763084F82E3094F87720314694F831
:102D70002F303846934205D0FFF7C2F994F87730E8
:102D800084F82F3094F87820314694F83030384663
:102D9000934205D0FFF776F994F8783084F8303014
:102DA000182D04F10304CFD103B0BDE8F08FA8EBD8
:102DB0000108F61ABF1AB8F1000F08FB05FEBFF6AE
:102DC00079AFAEF17F0EDFF8F88088FB0E984FEAFE
:102DD000EE79BEF1000FF044C9EBE8188844FFF625
:102DE00079AF08F1010875E77F3D354A82FB05623E
:102DF000EE17002D2A44C6EBE21213449DDB01338B
:102E00009BE7AEF17F07DFF8B8E08EFB078E4FEA55
:102E1000E778002FBE44C8EBEE1E7244FFF677AF92
:102E2000013274E7A9F17F09DFF894A08AFB09BA9F
:102E30004FEAE97BB9F1000FCA44CBEBEA1A8A44A6
:102E4000FFF6F3AE0AF1010AEFE60AF1FF3AECE60B
:102E500009F1FF3923E709F1FF3904E7AEF17F0EED
:102E6000DFF85C9089FB0EA94FEAEE7ABEF1000F05
:102E7000F144CAEBE9199944FFF611AF09F10109D0
:102E80000DE7AAF17F0ADFF8389089FB0A69BAF1E9
:102E9000000F09EB0A064FEAEA79C9EBE6199144FB
:102EA000FFF6E1AE09F10109DDE6013B45E7013A34
:102EB0002DE708F1FF380DE700F07F4500007F4364
:102EC0008180808001B970472DE9F0414FF416737D
:102ED000322582B00C4615FB02358D4202D802B075
:102EE000BDE8F081002390F82B20064620461946C5
:102EF00000922A4606F58076FFF714FB16F8D42CCC
:102F000019468046009220462A46FFF70BFB16F82A
:102F1000D31C07462A46009120461946FFF702FBBC
:102F200017215FFA88F205463046FFF7CBF83046A6
:102F3000FAB21721FFF7E4F81721EAB2304602B0DF
:102F4000BDE8F041FFF79EB80FB400B5C3B0FF2154
:102F500044AB02A853F8042B019304F0FBFA02A837
:102F600004F0CEFC014602A802F052FF43B05DF827
:102F700004EB04B0704700BF0FB400B5C3B0FF212D
:102F800044AB02A853F8042B019304F0E3FA02A81F
:102F900004F0B6FC014602A802F03AFF034800F034
:102FA0007DFD43B05DF804EB04B07047C00B00201A
:102FB0002DE9F041084C07460E46154604F52668F3
:102FC000204604F5A6742B4632463946FFF728FC06
:102FD0004445F5D1BDE8F081CC1F00202DE9F84330
:102FE0000C202E4D00F0CEFDC82000F073FF2C4CBD
:102FF0002E6840F2EE282B4FDFF8CC9002F086FFCF
:103000002378002B3DD03B78DB073AD52B68D9F8E5
:1030100000209B1A0E2B34D901210D2001F014F849
:10302000214C224809F0C4FD2149204804F52666B8
:1030300000F0F4FC204604F5A674FFF7F5FAB4425C
:10304000F8D10221084600F0FFFF0221032000F022
:10305000FBFF0221174800F0D5FA0321164800F0C3
:10306000D1FA0521134800F071FA0521124800F049
:103070006DFA124912482A68124B08601A60BDE8BE
:10308000F8832B6822789B1B2AB1B3F5FA6FC3D85B
:1030900002F03CFFB2E74345FAD9BDE7D42A00204D
:1030A000822C0020812C0020CC1F0020D00B00207F
:1030B000801A0600B82A0020A02A0020F82A002042
:1030C00031110000801F0020E42A00202DE9F04388
:1030D000DFF8208183B0404A98F8003015687BB350
:1030E000DFF81491D9F80030EB1A0F2B5AD83B4F68
:1030F0003968691AB1F5C86F15D900244FF4A6765E
:1031000088F80040DFF8D88001E03968691A06FBCA
:103110000480E2B201340190FFF7D4FE0198FFF77A
:10312000BFFA082CF1D102F0BBF8002002F05EF9E2
:103130000028FAD1012003B0BDE8F04300F0CABE78
:10314000274E06F52667344600F018FF0246204653
:1031500004F5A6742946FFF7C7FBBC42F4D1DFF89B
:103160009890D9F80030EB1A0F2B08D9304606F5A5
:10317000A676FFF7E1FCBE42F8D1C9F80050194825
:1031800000F0E6F9184800F0E3F9164800F024FAD8
:10319000C8B9154800F020FA0028C4D0134802F03E
:1031A00077F8C0E70E4E00240C4F3968E2B20134C4
:1031B0003046691A06F5A676FFF784FE082CF4D18E
:1031C000C9F8005094E70A4802F062F8064800F097
:1031D00003FA0028A7D0E1E7D42A0020801F0020AE
:1031E000CC1F0020B82A0020A02A00200BB56F7F3A
:1031F0000BB56E7F5A1500202C2A002070B555485B
:103200008AB000F0F1F9544800F0EEF9534A002377
:103210000E204FF0FF31079207AA0891CDE9050370
:1032200004E012F9011F0029C0F290800133082B3D
:10323000F7D108AD8DF824304FF0FF3605AC079B71
:1032400095E80300029600908DF80410444894E835
:10325000060000F055F90F21002307AA0896CDE9D2
:1032600005133E49079103E012F9011F00296FDBA6
:103270000133082BF8D18DF824304FF0FF32079B33
:1032800095E803000292102500908DF8041035484F
:1032900094E8060000F034F9062464200921002394
:1032A000304A00912E49CDE901402F48FFF76CF9D3
:1032B0006E200A2101232B4A00912949CDE90140C2
:1032C0002A48FFF761F96C200B210223254A00915F
:1032D0002349CDE901402648FFF756F961200C212A
:1032E0000323204A00911E49CDE901402148FFF700
:1032F0004BF965200D2104231A4A00911849CDE9A4
:1033000001401D48FFF740F969200E210523154AA9
:1033100000911349CDE901401848FFF735F96D20B8
:103320000F2123460F4A00910D49CDE90140144871
:10333000FFF72AF9662107230A4A00951148CDE9CB
:1033400001410749FFF720F90AB070BDDBB270E711
:10335000DBB290E7B82A0020A02A0020141516FF3F
:10336000841F00209C1F0020CC1F0020182100205B
:1033700064220020B0230020FC24002048260020E6
:1033800094270020E0280020F0B585B0054601AC68
:103390009DF9287084E80E000246FF21234602F8BA
:1033A000021B03CB1B78C5F8020051600121137288
:1033B00040F2FF122F73E97269612A8253B16E18CD
:1033C0003446012116F8010F00F03EFE641BAB7A73
:1033D000A342F5DC0121002F01FA03F36B7002DB3D
:1033E000287B00F031FE284605B0F0BD90F9003092
:1033F0008B4219D070B5437805460E46994215DACE
:10340000837A017073B10024234646FA03F12B44FA
:103410000134987801F0010100F0DAFDAA7AE3B2F4
:103420009A42F2D8002070BD002070476FF0020071
:1034300070BD00BF70B50E1E04460BDA636933B36E
:10344000012B02D06FF0010070BD207C00F0EAFD7E
:1034500000B270BD90F90030B342EFD043789E4285
:103460001ADA837A0670002BE8D000252B4646FA3C
:1034700003F123440135987801F0010100F0A8FD23
:10348000A27AEBB29A42F2D86369002BD8D1207CA1
:1034900000F020FB00B270BD6FF0020070BD00BFF5
:1034A00030B5044683B090F910006D46002885E8D9
:1034B00006000ADB9DF90030834206D0637C012BB5
:1034C00016D00021C0B200F0BFFD04F1100395E852
:1034D000030083E80300617C29B1207C00F0B4FD87
:1034E000002003B030BD207C00F072FD617CF4E769
:1034F000C0B2002100F06CFD94F91000E1E700BFBC
:1035000082B030B585B0044602AD099309AB85E8B9
:1035100006009DF9302000920ECBFFF735FF2046C4
:1035200095E80600FFF7BCFF204605B0BDE8304037
:1035300002B0704708B5007D00F074FD003818BF78
:10354000012008BDC8B2D1B200F07EBD0181704734
:1035500038B5837A0446016823F004031C4A837259
:103560000B68934231D1007D00F05CFD003818BF3C
:103570000120A37AC3F34002904208D0154A83F099
:1035800002031268C3F38000A372626038BD114960
:1035900065680A68B4F808C0521B624512D303F08C
:1035A000010290420ED0086883F001030A68E568C2
:1035B00043F004030968521B6060E160012022614E
:1035C000A37238BDC3F3800038BD9847D1E700BF70
:1035D000B5160000D42A0020807AC30754BFC0F378
:1035E00080000020704700BF00224FF00A0C044901
:1035F0004260A0F808C0827201600275704700BF87
:10360000480400204FF0000CC9B203680E4A10B500
:103610000175044680F80AC01B6893420BD1084626
:1036200000F000FD18B1A37A43F00303A372074B27
:103630001B68636010BD98470028F8D0A37A43F058
:103640000303A372F3E700BFB5160000D42A0020DD
:103650000020704790F8A32090F8A200101A70473D
:1036600090F8A23090F8A3209A4205D95A1C03443E
:1036700080F8A220987E70474FF0FF30704700BF5F
:1036800090F8A23090F8A3209A4202D91844807E84
:1036900070474FF0FF307047704700BF0346B0F8E7
:1036A000300178B193F82F21882A03D90122002014
:1036B0005A60704702F1010C01201A4483F82FC1AF
:1036C00082F8A510704700BF38B5B0F830410CB98A
:1036D000204638BD90F82F310546C3F18904A24237
:1036E0000DD8144605F1A5002246184400F0ECFC64
:1036F00095F82F312046234485F82F3138BD01221B
:103700004260EFE72DE9F04FD0F814A01524017EB8
:103710008146437E83B00AEB0111384A0AEB03135A
:10372000374F097A93F8283002EB01150901E86850
:1037300052F8018002EB0311D5F804B01B01CE68EA
:10374000D558CBF80040C8F88400D8F804304A684F
:1037500003432C490192C8F804301460C5F8846012
:103760006B6833436B60284B4C683A68A3FB0232AA
:10377000920C02EB820252004B681B1B9A42FBD850
:103780004FF0090C1F4ADFF880E0D8F808300342F8
:1037900002D0AB6833422FD1C5F8886054683968CD
:1037A000AEFB0131890C01EB810153681B1B99426F
:1037B000FBD8C5F8846054683968AEFB0131890CC8
:1037C00001EB810153681B1B9942FBD8BCF1010C32
:1037D000DBD1604699F81830019A0AEB0313DB68D5
:1037E000CBF8003099F819300AEB031ADAF82C30CC
:1037F000136003B0BDE8F08F0120EBE7180700204D
:10380000BC0B0020001000E083DE1B430E4A10B505
:103810001168046905E0DB0107D413685B1A102BFB
:1038200008D8636913F0007FF5D14FF4FE430120FF
:10383000636110BDFFF766FF0028FAD04FF4FE4326
:1038400001206361F5E700BFD42A00202DE9F0478D
:1038500090F82FA10569BAF1000F4FD08146884634
:10386000FFF7D4FF002849D0374E0024376818E00E
:103870006B69190551D4DA0455D4580559D4990403
:1038800041D43268D21B322A3DD8544507D9EA6D5B
:10389000520704D19B0555D4B8F1000F52D002F065
:1038A00035FB5445E4D8EA6D500702F00703DFD436
:1038B00013E099F8A5200133022442F48062042B1E
:1038C0002A661ED08A4503F1010309EB01020ED9D5
:1038D00092F8A520042B2A66CAD00121002CE8D03A
:1038E0002146013301348A4509EB0102F0D8B8F1D1
:1038F000000FBDD04FF400732B66B9E70420BDE87C
:10390000F0870124B4E72B694FF40072042043F4DC
:1039100040732B612A66BDE8F0872B69042043F4CD
:1039200040732B61EBE72B69052043F440732B6157
:10393000E5E72B694FF40072022043F440732B61DA
:103940002A66DCE70020DAE7D42A0020F8B5066909
:103950000446D6F8145115F4706301D0C6F814313A
:10396000A8070BD5D6F8702111043ED500230121FC
:1039700084F8A230234484F8A3109A76EB0710D57C
:1039800094F83071FFB194F82E7194F82F31BB4246
:1039900027D97B1C274484F82E3197F8A530C6F828
:1039A000603115F4407F0DD094F8A30018B1D4F81D
:1039B0003C3103B198470023A4F8A230A4F82E317B
:1039C00084F83031F8BDD4F8383103B1984700237A
:1039D00084F82E31012384F8303194F82F31BB4222
:1039E000D7D80023C6F86031DBE794F8A330872BE3
:1039F000C4D8591CC9B2BDE70148FFF7A7BF00BF33
:103A0000D00B00200148FFF7A1BF00BF100D002020
:103A10000148FFF79BBF00BF500E002010B4144CAC
:103A200000220369A1421A6114D8124C01201249E4
:103A30004FF430329C6458629962DA629C6C0020C8
:103A40004FF0011101221C6518625DF8044B996565
:103A50001A6170470948814207D9094C09480A4947
:103A60009C645A629862D962E8E7084C0848F6E715
:103A70007F1A06003B372819B80B05053F420F0097
:103A80000A09070460090101007F05001C1A120CD5
:103A9000100E0202084602F0A5B900BF00B5036887
:103AA00083B040F60D2C022201A95B68ADF804C07A
:103AB000984703B05DF804FB054B022888BF034616
:103AC00010B41C68184663685DF8044B184700BFC3
:103AD000C00B00201C2849D8F8B5254F04463B7878
:103AE000E3B9244B1B5DFF2B29D0234A02EB0412C0
:103AF00091680A6802F44050B0F5805F30D01C062F
:103B00001FD41E4C2360236AD80704D402F0FEF9A8
:103B1000236AD907FAD5194B586AF8BD174D184EC4
:103B200001E002F0F3F9AB6C1B06FAD4B36C13F0AE
:103B30008003F6D13B700F4B1B5DFF2BD5D10020CE
:103B4000F8BD0F4C03F07F032360236ADA0704D427
:103B500002F0DCF9236ADB07FAD5094B586AF8BD95
:103B600022F480521C060A60EBD4CAE7002070479A
:103B7000752C0020A40900201807002000400C40EC
:103B800000800C40082830B422D00A280CBF4FF423
:103B900005714FF44671104C104D636C626C2B40F4
:103BA0000F4802F003021A43636C03F0E00313436F
:103BB0000B436364436C426C2B4002F003021A43D4
:103BC000436C03F0E0031343194330BC4164704776
:103BD0004FF44071DFE700BF00400C4000FCFFFFE6
:103BE00000800C40A249A34B88422DE9F047A24C2B
:103BF0005E699A69D4F80C801BD9A04B984240F2B8
:103C00000281C31A9E491B0AA1FB031340F22761DC
:103C1000DB0903EB830303EB830303F2E2438B42F1
:103C200028BF0B46A3F54877964BA3FB0737FF0841
:103C300004E0954FB8428CBF0E2706278D4908F047
:103C40001F09D1F88030B94543F0C003C1F8803076
:103C50000CD228F01F08A1F5F82148EA0708C1F89E
:103C60000C800B68002BFCDA08F01F0916F00073BB
:103C700024D186490C698649A14300F0EA8082F488
:103C8000805134464FF4805514F0605F04D026F024
:103C900060561E43774B5E6111F4405F07D022F4FB
:103CA000405274492A438A618B6C1A07FCD446F04F
:103CB0000076704A5661936C9B06FCD4754CA0420A
:103CC00000F2CE804FF0010C0146634603FB011267
:103CD00003F1010E0CF10105A24218D8BEF1080F44
:103CE0004FF0010340F08D80BCF1040F00F2918091
:103CF0000A18A24200F2A48005FB00F1AC4603F1D1
:103D0000010E03FB01120CF10105A242E6D90CF1F0
:103D1000FF318C0286EA81215F4810445F4A90425D
:103D20007FD9DFF8A4A16C225D48584DB0FBFEF0AE
:103D3000D5F800E0B0FBFCF0DFF890C10EEA0C0C07
:103D4000D44509D042F400524FF4805CC5F800C05D
:103D50002A602A68002AFCDA464A156905F0070538
:103D60009D4203D01361936CDD03FCD411F4E05F3A
:103D700009D026F4E05604F4E0543E4A2643566146
:103D8000936C9907FCD44749474A014491423CD877
:103D9000464BC909A3FB0131090B4B1E1B0286EAE6
:103DA000030212F4407F06D026F4407603F44073F9
:103DB000304A334353612F4A536923F000735361F0
:103DC000936C9B06FCD43A4B4F45A3FB00234FF06A
:103DD000FF324FEA9343B0FBF1F1B2FBF3F3354A04
:103DE0001060354A1160354A136008D228F01F0868
:103DF000214A48EA0707D7601368002BFCDABDE8C0
:103E0000F087734662E7122718E74FF440730421E6
:103E1000C5E70CF1FF31204807238C02104486EAE5
:103E20008121274ADFF8A8A0A2FB0020020D254827
:103E3000362A38BF362202FB00F042EA0A0A74E74B
:103E40004FEA8C24002386EA8C214FF0010EAC4609
:103E500062E71D4686F0C05411464FF0C05313E789
:103E600000244FF0010C024631462346E64653E754
:103E700000A4781F00C00F40000008400046C32384
:103E800023B24C001F85EB5100366E0100800D40BF
:103E900040300080FFB19F26808D5B00FF7EF64D95
:103EA00000643F4D7FD1F0087F17B42C9F10E500D0
:103EB00083DE1B43BC0B0020B80B00209C2A002093
:103EC000819F5E16001BB7006C2000807F30018050
:103ED0000020008000B970472DE9F84F012181468C
:103EE000214C224D224E54E8003F2A68306844E8B5
:103EF0000013002BF7D11F494B684FF47A7BDFF892
:103F000078A01B1A01270BFB02F8DAF80020A3FBAC
:103F100002325A4594BF9044D84454E8003F2A687E
:103F2000306844E80073002BF7D14B68DAF800C022
:103F30001B1A0BFB02F2A3FB0C3CBCF57A7F94BF6F
:103F4000624402F57A72A2EB0802B2F57A7F06D3D8
:103F5000B9F1010908F57A78DFD1BDE8F88F01F0F1
:103F6000D5FF0449D9E700BFD82A0020D42A002071
:103F7000D02A0020001000E09C2A002030B40F4B13
:103F80004FF0010C0E4D0F4C53E8002F28682168AC
:103F900043E800C2002AF7D10B4B5B680B4A5B1A5F
:103FA0004FF47A71126801FB00F0A3FB023230BCBF
:103FB0008A4294BF80184018704700BFD82A00205A
:103FC000D42A0020D02A0020001000E09C2A0020E3
:103FD000272816D80201104B03EB00109B5810B491
:103FE000C2685C68144205D061B95DF8044BC3F83F
:103FF00088207047836851B1084A5DF8044B1A6005
:10400000704770475DF8044BC3F884207047044A3A
:104010005DF8044B1A6070471807002038F0010063
:104020003830010027280BD8064B020103EB0010A3
:104030009A58C36892681A4214BF01200020704742
:104040000020704718070020272829D8164B0201A6
:10405000012903EB00109A5810B45368C4680ED0BD
:1040600004290CD023EA040353608368A9B1022910
:1040700017D003290CBF0D4A0D4A1A6007E02343ED
:1040800001295360836808D040F638021A604368FB
:1040900015225DF8044B1A60704738221A60F6E763
:1040A0007047044A1A60F2E7180700203830010010
:1040B0003800010038F0010008B5FEF78FFFFFF768
:1040C00005F801F023FFFAE7844641EA000313F004
:1040D00003036DD1403A41D351F8043B40F8043B0F
:1040E00051F8043B40F8043B51F8043B40F8043BD2
:1040F00051F8043B40F8043B51F8043B40F8043BC2
:1041000051F8043B40F8043B51F8043B40F8043BB1
:1041100051F8043B40F8043B51F8043B40F8043BA1
:1041200051F8043B40F8043B51F8043B40F8043B91
:1041300051F8043B40F8043B51F8043B40F8043B81
:1041400051F8043B40F8043B51F8043B40F8043B71
:1041500051F8043B40F8043B403ABDD2303211D311
:1041600051F8043B40F8043B51F8043B40F8043B51
:1041700051F8043B40F8043B51F8043B40F8043B41
:10418000103AEDD20C3205D351F8043B40F8043B11
:10419000043AF9D2043208D0D2071CBF11F8013B0F
:1041A00000F8013B01D30B8803806046704700BFD5
:1041B000082A13D38B078DD010F003038AD0C3F1E4
:1041C0000403D21ADB071CBF11F8013B00F8013BC6
:1041D00080D331F8023B20F8023B7BE7043AD9D385
:1041E000013A11F8013B00F8013BF9D20B7803705A
:1041F0004B7843708B7883706046704701F1FF3CC9
:1042000070B56646002400E00134B0FBF2F502FB15
:104210001503092B03F1370E03F130035FFA8EFE0D
:1042200098BF5FFA83FE9042284606F801EFEBD272
:10423000631C0022C818CA547CB162461CF8015F96
:1042400010F8016DA1EB0C0302328CF80060013B09
:10425000521A057023449A42EFDB084670BD00BF36
:1042600000230F2248F2B82C194610B54FF47044C1
:104270004FF4806EA0F88C414FF46044A0F88E217A
:104280000A46A0F89031B0F888319BB243F0F003B1
:10429000A0F8883101EB4103013100EB43130429FD
:1042A0009C80A3F806E05A841A865A805A81A3F8A3
:1042B0000EC05A82DA825A83DA83EBD1B0F88831A1
:1042C0009BB243F00F03A0F88831B0F888319BB25D
:1042D00043F47063A0F8883110BD00BF374B384AF3
:1042E000996F384841F47F0170B5996741F2010632
:1042F000D3F8801045F6C05543F226040A43C3F8AC
:104300008020FFF7ADFF00F58040FFF7A9FF00F523
:104310008040FFF7A5FF00F58040FFF7A1FF0022D6
:10432000A0F503104FF00F0E114600EB42134FEAB9
:10433000421C01329981042A5981A3F80EE09E8221
:10434000DD8020F80C1019829C81EED100221E48DD
:104350004FF00F0E41F20106114645F6C05543F2EB
:10436000260400EB42134FEA421C01329981042AD1
:104370005981A3F80EE09E82DD8020F80C1019828E
:104380009C81EED1002211480F2641F20105114611
:1043900045F6C05443F2260E00EB42134FEA421C8E
:1043A00001329981042A5981DE819D82DC8020F8C6
:1043B0000C101982A3F80CE0EED170BD00C00F40C4
:1043C000000003FC00C03D4000001E4000401E40B5
:1043D00072B6EFF30583524CC4F884301EF0040F1C
:1043E0000CBFEFF30882EFF309824FF0E0234D4E4C
:1043F0004D4DD3F8280DD3F82C1DC4E92201D3F874
:10440000341DD3F8383DC4E924139369C4F89830B7
:10441000D369C4F89C3000F0D1F884ED280A01F08B
:1044200015FE0B214FF0FF32C4F8A4000B46C4F870
:1044300080103E49301D5A40202402F00103013C07
:1044400001FB03F383EA5202F7D1A84202D073685A
:104450000646EFE7324BC3F8A820BFF34F8F4FF06B
:10446000E0233049324AC3F8701FC3F8702FBFF3FE
:104470004F8FBFF36F8F2F4A02252F48D36E2F49DE
:1044800043F44053D3660560D3692D4823F07F037E
:1044900043F04003D3610B6883423DD8264D002191
:1044A0004FF0E0234FF0FF3229600126C5F80811D4
:1044B0002449C5F80011C5F80861C3F88021C3F884
:1044C0008421C3F88821C3F88C21C3F8902101E02E
:1044D00000F082F9D5F80C31002BF9D00134C5F881
:1044E0000C614F2CF4D9184B022018494FF00042B0
:1044F000C1F840015A63D5F80C313BB9144815494D
:104500000D4A0163D2F80C31002BFAD04FF0E023B2
:10451000114AC3F80C2DFEE7FFF764FBBEE700BFAE
:1045200000FF272080FF2720A8FF27202083B8ED49
:10453000A0FF272000C00F4000400840BC0B002017
:10454000803DCD0B009F240000900D4000002E40C8
:1045500000800F40F100AD0B0400FA050A490A681B
:1045600038B108B513180948834204D810460B60C7
:1045700008BD1046704703F091F90C234FF0FF324D
:104580000360104608BD00BF900F002000002820E7
:10459000002070474FF0FF30704700BF4FF40053CA
:1045A00000204B60704700BF012070474FF0FF3084
:1045B000704700BF30BFFDE7FFF70ABF124AD2F8CD
:1045C00080305B07FBD5D2F880301048C3F30B2353
:1045D0000F4990ED007A07EE903A91ED006AB8EE3F
:1045E000477A0C4AF8EEE77A0B4BD2ED006A77EE89
:1045F000C77A93ED007AB8EE477A67EE867A87EE4F
:10460000A60A37EE400A704700810D408C2A002030
:10461000942A0020982A0020902A0020836BF0B46E
:104620001BB1536843F40043536072B6446B3CB310
:104630001A4B2260D3F8B0410C421DD1184E776856
:1046400004E07468E41BB4F5166F0BD2D3F8404154
:1046500044F48044C3F84041D3F8B851D3F8404102
:104660006404EED50D4007D10C4CC0E90225D4F806
:10467000B0310B43C4F8B031426362B6F0BC70474E
:10468000064DC0E90224D5F8B0310B43C5F8B0316E
:104690000263426362B6F0BC704700BF00002E4068
:1046A000001000E070B5056B9DB106462A46002457
:1046B00003E012680134012A0CD0536813F0800320
:1046C000F7D032632CB12846B36B2D689847013C74
:1046D000F9D170BDC6E90C33F4E700BF30B4D9B9E5
:1046E0001F4C204B0021204A01254FF001109960FA
:1046F0001D60C4E9023180245C60C2F8BC01D2F8BC
:10470000B0311A482B43C2F8B0310160D2F8B03151
:10471000002BFBD130BC70470904154B104C012510
:1047200041F080019860104A596000F580511D6089
:10473000D96000F50051A364196100F5405100F5FE
:104740008040596100219861E164D2F8B03143F4AE
:104750008033C2F8B031D2F8B031002BFBD1C0E7C2
:1047600000000020C01A002000002E40741F00200E
:10477000E01A002010B472B60A4C01220A492378CC
:1047800002FA00F018432070D1F848311A0605D417
:1047900080221343C1F84421C1F8483162B65DF864
:1047A000044B70477A2C002000002E40084901225B
:1047B0000B7802FA00F023EA0000087030B9054ACD
:1047C000D2F8483123F08003C2F84831704700BF67
:1047D0007A2C002000002E402DE9F04F9C4C83B035
:1047E000D4F84461F107C4F844616AD5D4F8AC3117
:1047F000002B61D0DFF88482964DDFF878B208F59F
:10480000805ADFF87C92944FC4F8AC31D5E90A2085
:10481000D4F8403143F40053C4F84031D4F8403167
:104820009B04F5D5D4F8403123F40053C4F840314B
:104830004FF00113C4F8B431D4F8B43113F00113BC
:10484000FAD191B240F2816CCBF80030614500F2B0
:10485000D980B1F5D06F80F06181B1F5817F00F032
:104860008F8140F2AB8040F2023C614500F0B281A2
:10487000B1F5A06F40F0C1807849EB648B600123F3
:10488000A9640B6080234B604FF00113C4F8BC3166
:10489000D4F8B03143F48033C4F8B031D4F8B03137
:1048A000002BFBD1130C5B0643F08073C4F854312A
:1048B000D4F8AC31002BA7D1654AD2F8BC31002B1B
:1048C0004AD1720616D5624BD3F8AC21C3F8AC219D
:1048D000D3F8BC21C3F8BC21D3F8B041002CFBD1E4
:1048E0004FF0FF32C3F8B421D3F8843101F012F94C
:1048F0005B4B1C60F40103D55A4B1B6803B198470E
:10490000B00103D5584B1B6803B19847710708D510
:104910004F4BD3F8843113F400731AD0534B012258
:104920001A704B4BD3F848311A060FD533060DD504
:104930004F4A13782BB1013BDBB21370002B00F010
:10494000428203B0BDE8F04F00F0AABC03B0BDE85E
:10495000F08F464A1370E4E74649C2F8BC31086854
:10496000034240F061813E4A14681C40A9D05FEACE
:10497000144810D0374D4FF0010998FAA8F7B7FA4C
:1049800087F705EBC71009FA07F74030FFF78AFEF3
:1049900038EA0708F1D1A4B2002C92D02D4D4FF087
:1049A000010894FAA4F7B7FA87F705EBC71008FADD
:1049B00007F7FFF777FEBC43F3D182E7802900F0C9
:1049C000A780822919D183B210F0780015D103F0A5
:1049D0007F0257F82210284A1080180600F1C08183
:1049E000CB0701D50123137002212348FFF776FE80
:1049F0005EE7010C072900F045814FF00113C4F870
:104A0000C03155E742F2210C6145F2D03AD942F269
:104A10002123994268D042F221339942EDD10F4BC4
:104A200000229A60EA640122AB641A6080225A6014
:104A30004FF00113C4F8BC31D4F8B03143F48033E3
:104A4000C4F8B031D4F8B031002BFBD130E700BF4F
:104A500000002E4000000020C0012E40C01A00209F
:104A6000781F00205C2C0020602C0020832C00206C
:104A7000892C0020741F0020302A00206C1F002089
:104A8000E01A0020B1F5086F3AD0B1F5106FB4D13B
:104A9000B548C2F307424FF0C81100930270B34A01
:104AA000C4F8C821C4F8CC11C4F8D01101F034F80E
:104AB00000F08CFBAE4A0121009BAA6411608021AA
:104AC000936051604FF00112EB64C4F8BC21D4F83C
:104AD000B02142F48032C4F8B021CBF80030D4F8D1
:104AE000B031002BFBD1E3E680B2002897D1A14B77
:104AF000C2F307421968A04B1960A04B1A708EE7E9
:104B0000994B01219E481B780370FFF7E7FDCFE624
:104B10009B4802210380FFF7E1FDC9E6994B5968E4
:104B200000293FF46AAF4FEA124E82B204E01969DD
:104B30000C3300293FF461AFB3F800C0F445F6D15F
:104B4000B3F802C09445F2D14FEA1E22032A00F0C6
:104B5000D8801A89000C824228BF0246BEF5007F29
:104B600040F0D480884B89491878894B00920028FE
:104B700018BF19468748FFF7A7FA864B009ADAE074
:104B800010F0780F83B27FF438AF03F07F0213F098
:104B9000800F57F8223014BF23F4803323F0010331
:104BA00047F822300022724BEA649A600122AB641B
:104BB0001A6080225A604FF00113C4F8BC31D4F857
:104BC000B03143F48033C4F8B031D4F8B031002BA5
:104BD000FBD16DE610F0780F83B27FF40EAF03F0D7
:104BE0007F0213F0800F57F8223014BF43F4803354
:104BF00043F0010347F8223000225D4BEA649A60DB
:104C00000122AB641A6080225A604FF00113C4F88D
:104C1000BC31D4F8B03143F48033C4F8B031D4F8A7
:104C2000B031002BFBD143E6002008605A490C88C4
:104C3000486842F221018C427FF495AE80B2002890
:104C40007FF491AE5549564C03C9A18086284FEA9E
:104C500011412060A1717FF486AE72B6514801788F
:104C600041F008010170D2F848110D0605D48020EA
:104C70000143C2F84401C2F8481162B64A4A5021C1
:104C8000117070E6EB6001234349C9F80030474BCF
:104C90000A60C9F80430464B4860C9F81030C5F8BE
:104CA0000890C9E9028AD4F8B02142F00102C4F8A0
:104CB000B02103F5805203F50053C9F81420C9F858
:104CC0001830D4F8B031002BFBD1294AEB64936043
:104CD0000123AA64136048F2800353604FF001136C
:104CE000C4F8BC31D4F8B03143F48033C4F8B031E7
:104CF0004FF48033CBF80030D4F8B031002BFBD127
:104D0000D6E5000C0A78824228BF0246BEF5E06F65
:104D100050D11D4B1D4893F800C01D491D4BBCF1DF
:104D2000000F18BF014600921846FFF7CDF9072182
:104D300003464170009A23F01F011344BFF34F8FC5
:104D40004FF0E020C0F8701F20318B42FAD8BFF33B
:104D50004F8FBFF36F8F0F481146FFF7BFFCA7E5DA
:104D6000C9033FF53FAE3FE6822C00200200CC0095
:104D7000C01A0020D42A0020E42A0020812C002020
:104D8000302A0020080A0020832C0020441D0060E7
:104D9000DC1D006000002020C01D00206C1F0020D2
:104DA000DC2A00207A2C0020892C002080000700BB
:104DB0006C3F0020064B1846CDE90023FFF784F92D
:104DC000DDE90023B7E70320FFF7F0FC07F0F4FE6E
:104DD000000020202DE9F0471F46831E022B01D939
:104DE000BDE8F087DFF84C9015460C463C2209EBF5
:104DF000C01806464FEAC01A002108F10400240436
:104E000002F05CFCB5FA85F20123520944EA4274CF
:104E100049F80A40C8F83870C8F80830002FDFD0C9
:104E2000034AB34011680B431360BDE8F08700BF2D
:104E3000781F0020000000202DE9F0470D46811E5C
:104E4000022901D9BDE8F087C701DFF84C909246EE
:104E5000044640373C2200211E4609EB07082D047A
:104E600008F1040002F02AFCBAFA8AF2520945EA73
:104E7000427249F807200122C8F83860C8F80820B3
:104E8000002EDFD0034B10341968A2400A431A6089
:104E9000BDE8F087781F0020000000201204816028
:104EA000C36101F5405342F0800210B40124426016
:104EB00001F50052046001F5805401F58041C460A1
:104EC00081615DF8044BC0E904237047831E0A46E4
:104ED000022B00D97047064B00F110014FF0010C76
:104EE00003EBC0100CFA01F14030FFF797BB00BF95
:104EF00000000020831E0A46022B00D970470121C2
:104F0000024B814003EBC010FFF788BB000000207C
:104F100040687047124A134BD2F8200220F07F40BD
:104F2000984210B584B002D200EB800040000E4CD5
:104F300001A90A22FFF762F901A90023204611F80E
:104F4000012B01333AB10A2B20F8022FF7D1162397
:104F5000237004B010BD5B00DBB2237004B010BD41
:104F600000441F40809698004415002000F0F2BED7
:104F700000F0C2BE00F026BF00F0E0BE00F07CBF33
:104F800000F052BF0846114600F042BF38B50C4B46
:104F900004460C4D1B68298843B1B1F5917F09D2B5
:104FA0004B1C9BB2084A2B80545438BDB1F5917FFD
:104FB000F6D338BD00220448984700210123F1E7C9
:104FC000242B0020702C0020382B0020F8B5144C26
:104FD0004FF0E025134E4FF4003204EB4024124F03
:104FE00006EB40160346C5F88C2121463A88304628
:104FF000FFF754FF3B882344BFF34F8FC5F85C4F46
:105000002034A342FAD8BFF34F8FBFF36F8F042031
:105010003146FFF76FFF4FF40033C5F80C31F8BD90
:10502000A0002020001B0020642C002042684FF6C6
:10503000FC71114BC2F30E42C0691B889B1A0B40D6
:1050400017D00E4930B40E4C0E4D227821F8103096
:105050000021013225F81010062A94BFD1B20A4669
:10506000217009490C6823440B60084B985430BCEC
:105070007047FFF7ABBF00BF642C0020402A002020
:10508000762C00205C2A0020382A0020782A002074
:105090002DE9F04F0123DFF828A1DFF828B183B014
:1050A000414E9AF80020414D414F8BF8003005EBFE
:1050B00042153388D7F80080CDE90002002B6DD16E
:1050C0003C4CDFF804912846FFF722FF10F08000E7
:1050D0005DD03B68A3EB0803282B04D90123237080
:1050E00003B0BDE8F08F2378002BF9D199F8003098
:1050F000002BF5D000F00AFF3388002BE3D02E4AB6
:105100009AF800101288D01A043B2C4C9BB2204411
:10511000338000EB4120009E4902C0F8006C93BB35
:1051200004F5406428460C442146FFF7B7FEBFF360
:105130004F8F04F1200204F50073934234BF012322
:1051400010234FF0E02204EB4313C2F8704F2034D9
:105150009C42FAD1BFF34F8FBFF36F8F04202946D3
:10516000FFF7B4FE019B02200133032B94BFDBB297
:1051700000238AF80030FFF719FB00238BF800307A
:1051800003B0BDE8F08F0220FFF7F4FAF5E70A4B11
:105190009AF800101A8820701346B5E7064A01995C
:1051A0001288D01AB0E700BF682C0020C01C002075
:1051B000D42A00207B2C00206C2C0020A000202072
:1051C0007D2C00207F2C0020822C0020214B70B5EC
:1051D0001B78002B3BD04FF400731E461E498022E3
:1051E0001E4D00240B8000211D482B8002F066FA22
:1051F0001C4A21461C4B1470C0221C481C8002F023
:105200005DFA1B4A31461B4B042094609C60C2E946
:105210000044194AC3E900441470184B184A1C7022
:10522000184B14602246FFF7D5FD234622462988F5
:105230000420FFF701FE20460134FFF7C7FE062CCD
:10524000F9D100231049114A0B70137070BD40232F
:105250001E46C3E7832C0020642C00206C2C002009
:10526000C01C00207D2C0020682C0020001B00208A
:10527000402A00205C2A0020762C0020782C002078
:10528000382A0020AD3100007B2C00207F2C00202C
:10529000024B1B780BB1FFF7FBBE7047822C00203E
:1052A0002DE9F843214B1D7815B9214E33880BB9F0
:1052B000BDE8F883DFF888801E4A98F800701E4C1D
:1052C00002EB47191D4A04EB472412884846214641
:1052D000D21A2B46FFF7E2FDBFF34F8F04F12002F5
:1052E00004F50073934234BF012310234FF0E022F2
:1052F00004EB4313C2F8704F20349C42FAD1BFF341
:105300004F8FBFF36F8F013749460420FFF7DEFD53
:10531000032F4FF000034FF0020098BFFDB233801F
:1053200088F80050BDE8F843FFF740BA7F2C002012
:10533000682C0020C01C0020A00C20206C2C002019
:105340007D2C0020F8B54FF400324FF0E023204CC4
:10535000C3F88C211F4B227819788A422ED0D3B201
:105360001D4A1E4F01331E491E4E072B28BF002326
:10537000D05C37F8102001EB40218D5804323168A1
:1053800092B2043927F810203160174931F8101013
:10539000914207D94FF0E0234FF400322846C3F87A
:1053A0000C21F8BDDBB22370FFF710FE4FF0E023B5
:1053B0004FF400322846C3F80C21F8BD00254FF009
:1053C000E0234FF400322846C3F80C21F8BD00BF9B
:1053D000782C0020762C0020782A00205C2A0020DF
:1053E000A0002020382A0020402A0020F8B50646D8
:1053F000FFF7A8FF90B1C0F3031300F00F059C4A1C
:105400000446070A1370A5F10803062B08D807F015
:105410000F030133002E45D0B34243D00020F8BD26
:10542000AB1EF8B2012B19D9F72818BFF02801D903
:10543000052D13D0042D00F085816B1F022B40F247
:1054400045810F2DEAD1F72808D8F02803D0894BE1
:105450001B88002BE2D0FFF799FDDFE7F1380E281B
:10546000DCD801A353F820F05D3700006F3700004F
:105470008D3700009D3500009D3500009B370000F2
:105480009D350000A93700009D350000D53600008D
:105490000B370000EF3600009D3500002737000075
:1054A00043370000082DC4F3033217D1082A15D161
:1054B00071488021714A0768C4F30746DDB2117054
:1054C000240E1FB1314628462246B8476C4B0120B6
:1054D0006C491D706C4B0E701C70F8BD092D14D1F9
:1054E000092A12D1220E654900F0B4809020C4F33D
:1054F0000746DDB20870D4B264490F68002FE5D0CA
:10550000224631462846B847E0E70A2D05D10A2A47
:1055100003D15F48A021594ACDE70B2D05D10B2AB5
:1055200003D15C48B021554AC5E70C2D40F08A8074
:105530000C2A40F08780584AC02050491268C4F3B2
:105540000746DDB20870240E002ABFD03146284637
:105550009047BBE7514B1B68002B00F00A81C4F356
:1055600007469847454B240E00251F70AEE74C4B6D
:105570001B68002BF3D14B4B1B68002B00F0ED8018
:10558000FC20C4F307469847ECE7474B1B68002B09
:10559000E5D1444B1B68002B00F0DF80FB20C4F3F7
:1055A00007469847DEE7414B1B68002BD7D13D4BA0
:1055B0001B68002B00F0D180FE20C4F307469847FB
:1055C000D0E73B4B1B68002BC9D1364BC4F30746D1
:1055D0001B68002BC6D0FF209847C3E7354BC4F3A8
:1055E00007461B68002BBDD030469847BAE7324BC0
:1055F0001A68002A00F0B180630CC4F30640260C40
:1056000003F47E53F6B218439047ABE72B4BC4F339
:1056100007461B68002BE7D1A4E7294BC4F30746D4
:105620001B68002B9DD19DE7264B1B68002B96D154
:105630001C4B1B68002B00F09080F820C4F3074639
:1056400098478FE70D2D62D10D2A60D11E4AD020D8
:105650000A4973E78020DDB2C4F3074608700649A3
:105660000F68002F7CD0314628461446B8472DE7F6
:10567000842C0020702C0020FC2A0020882C002084
:10568000852C0020862C0020872C0020002B002059
:10569000342B0020F82A0020082B0020182B002093
:1056A0001C2B00200C2B0020F42A0020E82A0020CC
:1056B000282B00202C2B0020102B0020142B002046
:1056C000302B0020F02A0020EC2A0020FFF75EFC9F
:1056D000052D08D0C4F30740FFF758FC072D02D171
:1056E000200EFFF753FC2B4B2B4819882B4A0170D7
:1056F000080A2B4C107000202A4A1880F0232468D6
:1057000013707CB301222848A0470120F8BD0E2D5C
:105710007FF484AE0E2A7FF481AE244AE020214932
:105720001268087072B3610CC4F30640DDB201F474
:105730007E51260C240E01432846F6B2A1F50051F5
:105740009047C3E6FFF722FCC4F30740FFF71EFCB7
:10575000200EFFF71BFC0020F8BDC4F3074601E74D
:105760003C46B3E6124B1B688BB10F4898470120AB
:10577000F8BD104B1B68002BEFD0FA20C4F307468E
:105780009847EFE6C4F30746DDB2240E9EE60120FB
:10579000F8BD00BF702C0020862C0020872C002034
:1057A000242B0020882C0020382B0020042B0020E4
:1057B000202B00200C2B0020F8B5144C4FF0E025D6
:1057C000134E4FF4003204EB4024124F06EB401608
:1057D0000346C5F88C2121463A883046FFF75EFB28
:1057E0003B882344BFF34F8FC5F85C4F2034A3425E
:1057F000FAD8BFF34F8FBFF36F8F03203146FFF707
:1058000079FB4FF40033C5F80C31F8BDA01420200B
:10581000C01B0020662C0020244B2DE9F0411C8881
:105820004368C569C3F30E43E41A002C24DD204904
:1058300020480A780078D3B21F4E82421F4807D012
:1058400010F8038036F81870C7F50072944218D922
:105850000133002226F81540082B194E88BF134645
:1058600026F8152098BFDAB2C554164B0A701A688C
:1058700014441C60BDE8F0812846BDE8F041FFF704
:105880009BBF07EB4820104922462744084401EB00
:105890004521FEF719FC0B4A284626F818701368B4
:1058A0002344BDE8F0411360FFF786BF662C00205B
:1058B000772C0020792C00204C2A0020802A002000
:1058C000682A00203C2A0020A01420201D4B1A78B2
:1058D000002A36D102F0FF031B4A12788AB32DE961
:1058E000F0411A4D2A8852B3194EC2F50068194F7B
:1058F0003278194C07EB421704EBC2244246384673
:105900002146FFF7CBFA04EB0802BFF34F8F4FF0AD
:10591000E023C3F8704F2034A242FAD8BFF34F8F70
:10592000BFF36F8F03203946FFF7D0FA3378013386
:10593000DBB2032B88BF0023337000232B80BDE82C
:10594000F0817047802C0020822C00206A2C0020DF
:105950007E2C0020401D0020A02420202DE9F04FA7
:1059600085B0CDE90110002900F0BF800023604C14
:10597000DFF89881DFF898A15E4F009301235E4A1B
:1059800023705E4B1978B8F8003002EB4119002BF8
:1059900040F0A7801E461D469B464846FFF7B8FAD2
:1059A00010F0800000F08C80BFF34F8F9AF8003029
:1059B00084F800B005B93E68002B7DD13B689B1B85
:1059C000782B00F287804E4B1B78002B74D000F0B0
:1059D0009DFA0122B8F8003015462270002BDCD069
:1059E000464AC3F5006011781A4600EBC120454DC8
:1059F000C9022844019D954217D20393DDE9015164
:105A00002A46FEF761FB039B4FF040425B1BA8F860
:105A100000303D4BC3F88420BFF34F8F0098002324
:105A20002844237005B0BDE8F08F364BCD1802999D
:105A3000FEF74AFB00234FF4006229464846FFF771
:105A40002DFABFF34F8F05F1200205F50063934255
:105A500034BF012340234FF0E02205EB4313C2F88B
:105A6000705F2035AB42FAD1BFF34F8FBFF36F8F1A
:105A700003204946FFF72AFA204A13780133DBB2A4
:105A8000032B84BF00231D4A1370B8F80030019A1D
:105A9000D11A009A1A4401910092029A1A440023E2
:105AA0000292194AA8F80030C2F88430BFF34F8F31
:105AB000237000297FF462AF009805B0BDE8F08F35
:105AC0004FF400620D4B8AF8000019781346A8F8CD
:105AD00000208AE7012300988AF8003005B0BDE86D
:105AE000F08F1A46C3F500607FE70198E5E700BF35
:105AF000802C0020D42A0020401D00207E2C002075
:105B0000822C0020A024202000002E406A2C00209F
:105B10007C2C0020704700BF2D4B002180222D4897
:105B200070B51B7800242C4D8B422C4E0CBF4023AB
:105B30004FF400732B80338001F0C0FD284A2146CA
:105B4000284B14704FF4807227481C8001F0B6FD7A
:105B5000264A1021264B0220C2E90044C2E9024431
:105B6000244AC3E900441470234AC3E90244234B86
:105B70001C70234614602246FFF75EF922463188E6
:105B800003201F4BFFF726F9234601222988032013
:105B9000FFF752F920460134FFF70EFE082CF9D129
:105BA000184B00214A221848184C0460C3F884108E
:105BB000C3F88020D3F84821154942F08072C3F819
:105BC000482121B1134A137843F00103137070BDCB
:105BD000832C0020401D00206E2C0020662C00200D
:105BE0007E2C00206A2C0020C01B00204C2A0020A4
:105BF000682A0020772C00203C2A0020792C0020E5
:105C00009939000000002E405C2C00204D3A000025
:105C1000000000008A2C00202DE9F04F4FF0E02317
:105C20004FF40032DFF8C8A083B0C3F88C218B4654
:105C30009AF8004000294FD08046E4B20027DFF8F0
:105C4000B490264BABEB070225491B78A34204F125
:105C500001043FD0092C234B404628BF00241E5D81
:105C600039F816C00CEB462319441F4B33F8165075
:105C7000A5EB0C05AA421CD20CEB462C18491B4C78
:105C800061440192FEF720FA216839F8165058460F
:105C9000019AA1EB0B012A44394429F8162021600E
:105CA0004FF0E0234FF40032C3F80C2103B0BDE8FD
:105CB000F08F2A462F44FEF707FA0C49E3B230462C
:105CC0000A68A844521B0A608AF80030FFF774FD86
:105CD000BB45B6D83846E3E70846E1E7772C002015
:105CE000A0142020802A00204C2A00203C2A0020DA
:105CF000792C0020682A00200B4B0C4A1278197866
:105D0000D3B28A420DD0013309480A4A092B0A4905
:105D100028BF0023C35C31F8131002EB4323585C07
:105D200070474FF0FF307047772C0020792C00200F
:105D3000802A0020A0142020682A0020044B10B5DF
:105D40001C680CB1204610BD00F0E0F8204610BDE4
:105D50003C2A00202DE9F84F144E154D33782A784F
:105D6000934221D0DCB2DFF85090DFF850B0DFF87A
:105D70005080104F0134082C5FFA84FA01D90024B6
:105D8000A24619F80400DBF8003038F8102037F884
:105D90001010521A9B1ACBF80030FFF70DFD86F851
:105DA00000A02B78A342E5D1BDE8F88F792C002024
:105DB000772C0020682A0020802A00203C2A00201E
:105DC0004C2A002000B583B001210DF10700FFF738
:105DD00023FF20B19DF8070003B05DF804FB4FF0EE
:105DE000FF30F9E7094B00B583B01B788DF8070049
:105DF0003BB101210DF10700FFF7B0FD03B05DF8E5
:105E000004FB03F0FF0003B05DF804FB822C0020CC
:105E1000044B1B7803F0FF020BB1FFF79FBD104648
:105E2000704700BF822C00202DE9F0410024DFF8EC
:105E3000448001230D4D27460D4E88F800303378FD
:105E400028462035A34204F1010405D0FFF760F88D
:105E5000030658BF07F50067042CF0D1BFF34F8F3E
:105E60000023384688F80030BDE8F081401D00204E
:105E70007E2C0020802C00202DE9F8431D4B1B7840
:105E800013B11D4D2A880AB9BDE8F8831B4EC2F52F
:105E900000691B4933784A461A4C01EB43181A4FE4
:105EA00004EBC324012340463B7021460023FEF748
:105EB000F5FF04EB0902BFF34F8F4FF0E023C3F867
:105EC000704F2034A242FAD8BFF34F8FBFF36F8FC9
:105ED00003204146FEF7FAFF33780133DBB2032B90
:105EE00088BF0023337000232B80BFF34F8F3B709C
:105EF000BDE8F883822C00206A2C00207E2C002034
:105F0000401D0020A0242020802C00202DE9F843F3
:105F10002D4B1E7866B12D4F3B784BB90123F1070D
:105F20003B7043D4B20726D400233B70730701D4DF
:105F3000BDE8F883264B1A68002AF9D0EFF30582F2
:105F4000002AF5D1EFF3108572B61868002834D016
:105F5000204C2178002930D10122227042691A6038
:105F6000002A2ED0916105B962B600258368457775
:105F700098472570DCE7DFF8648098F80030002B44
:105F8000D2D00025DFF858902B4659F82340013530
:105F9000236820461B69984710B163699B6898473E
:105FA00098F80020EBB29A42EFD8BDE7FFF7C6FEA3
:105FB0000028B7D0AFF30080B4E7002DB8D162B6A7
:105FC000B6E7054B1A60CEE78A2C0020742C00201F
:105FD000C81D0020722C0020D41D0020732C00202E
:105FE000D81D002070B5EFF3108272B60C4C2068FB
:105FF00080B10C4E00254369236073B19D6102B9E5
:1060000062B6836845779847EFF3108272B62068CE
:106010000028F0D102B962B670BD3360EFE700BF6F
:10602000D01D0020CC1D0020FFF7DCBF0449054A2D
:106030004968054B1960136801331360704700BF4E
:10604000001000E0D42A0020D02A0020074A506A1D
:10605000936A19468446506A936A9942F9D18445F5
:10606000F7D1DB0B43EA4040704700BF00400D40D2
:1060700000F000B810B582B0CDED010A019B23F00D
:106080000042B2F1FF4FF0EE407A30DC10EE100A21
:1060900020F00041B1F1FF4F29DCB3F17E5F40D029
:1060A0009C1704F0020444EAD07431B372B3B2F125
:1060B000FF4F3ED0B1F1FF4F28D0891AB1F1F45F04
:1060C0004FEAE15232DA002B40DA3C323EDA9FED01
:1060D000330A012C4CD0022C41D064B19FED307AB0
:1060E000DFED307A30EE070A30EE670A03E09DED0F
:1060F000017A37EE270A02B010BD022C0ED09FEDB8
:106100002A7A032C07FE000A02B010BD9FED270A71
:10611000DFED277A002820FE270AECE79FED210A11
:10612000E9E702B0BDE8104000F04AB89FED1F0A51
:10613000CFE7B1F1FF4F04F1FF3420D0022C26D875
:106140001C4B03EB840393ED000AD4E79DED017A29
:1061500087EE870A00F00AF900F032F8B9E79FED00
:10616000107ADFED107A30EE070A37EEC00AC2E788
:1061700010EE103A03F1004300EE103ABBE7022C98
:1061800008D80D4B03EB840393ED000AB3E79FEDB2
:10619000030AB0E79FED090AADE700BF0000000069
:1061A0002EBDBB33DB0F4940DB0F49C0DB0FC93FBE
:1061B000DB0FC9BFC4030020B8030020DB0F493F39
:1061C00038B510EE105A25F00044B4F1A14FF0EEAE
:1061D000407A0ADBB4F1FF4F58DCDFED517A9FEDD6
:1061E000517A002D37FE870A38BD4F4B9C425CDC4C
:1061F000B4F1445F4DDB4FF0FF3327EEA76ADFEDCC
:106200004B6ADFED4B5ADFED4B4A9FED4B5A9FED4A
:106210004B4A26EE067A5A1CE7EE265ADFED486A0C
:10622000A5EE875AE7EE246ADFED465ADFED464ACF
:10623000E6EE875AA5EE074A9FED445ADFED446A21
:10624000A5EE875AE4EE074ADFED425AE4EE876A8C
:10625000E5EE075A66EE866A65EE875A3AD03E4A00
:1062600002EB830276EEA56A92ED007A3B4A96EE47
:10627000A77A02EB8303002DD3ED006A77EE677AED
:1062800036EEE70AB0DAB1EE400A38BD30EE000A69
:1062900038BD9FED337A30EE077AF7EE006AB4EE40
:1062A000E67AF1EE10FAA6DD38BD00F05FF82D4B6E
:1062B0009C4216DCA3F5D0039C4227DCF0EE007A6A
:1062C000BFEE007AA0EE277A002330EE270AC7EE51
:1062D000007A92E776EEA56AE6EEE77AB0EE670A14
:1062E00038BD214B9C420BDCF7EE087AB7EE007A02
:1062F000A0EE277A022330EE670AC0EE077A7CE729
:10630000BFEE007AC7EE007A032376E7F7EE007A55
:1063100030EE677A30EE270A0123C7EE007A6CE789
:10632000DB0FC93FDB0FC9BFFFFFDF3ED769853CED
:1063300059DA4B3D21A215BD356B883D6E2EBA3D15
:106340006BF16EBD95879DBD2549123E388EE3BD2C
:10635000ABAAAA3ECDCC4CBEE8060020D806002051
:10636000CAF24971FFFF973FFFFF1B4010EE103A42
:1063700023F0004300EE103A704700BF2DE9F04FC4
:1063800001F10B06162E83B0044624D8102900F222
:10639000BA8000F0A3FA102618220220B54F3A4422
:1063A000A2F1080153688B4200F0BA805A68D9689C
:1063B00022F003021A449D68E9608D60516841F043
:1063C00001012046516003F1080500F08DFA2846CE
:1063D00003B0BDE8F08F36F0070600F19480B142BB
:1063E00000F2918000F07AFAB6F5FC7FC0F09A8155
:1063F000730A00F08F80042B00F26F81B30903F160
:10640000390003F1380CC3009A4F3B44A3F108054F
:106410005B689D4206D10CE0002980F22781DB6891
:106420009D4206D05A6822F00302911B0F29F3DD2A
:1064300060463D69DFF850C265457CD06A6822F04D
:106440000302931B0F2B00F37B81002BC7E904CCC5
:1064500080F26C81B2F5007F80F01A81D3087968F0
:1064600001334FEA521E012202FA0EF20A4357F894
:1064700033E0C5F808E007EBC3010839E9607A604A
:1064800047F83350CEF80C508310012199409142C7
:1064900057D8114206D120F003004900114200F103
:1064A0000400FAD007EBC0094D468646D5F80C80AB
:1064B000454508D11DE1002B80F22481D8F80C80DD
:1064C000454500F01681D8F8042022F00302931B02
:1064D0000F2BF0DD2046D8E9025408EB060146F008
:1064E0000106C8F80460EC60A56043F00104C7E948
:1064F0000411C1E902CC4C6048F8023000F0F4F914
:1065000008F1080502E00C2323600025284603B0AB
:10651000BDE8F08F4FF4007340204FF03F0C73E75D
:10652000D3689A4208BF02307FF440AF3D69DFF87C
:1065300058C1654582D17A68831001219940914202
:10654000A7D9BD686B6823F003094E4503D8A9EBB2
:1065500006030F2B7ADCDFF834B1474BDBF8002061
:106560001B680132334405EB090A00F0338103F55F
:1065700080530F3323F47F6828F00F0841462046EC
:1065800001F064F9411C024600F0F380824500F2FC
:10659000EE803A4B196841441960084600F04E817C
:1065A000DBF80010019301311BBFA2EB0A010918AF
:1065B000CBF80020196012F0070B00F01781CBF127
:1065C00008010A44CBF5805190440831A1EB080141
:1065D000C1F30B0A51462046009201F037F9421CE4
:1065E000DDE9002300F04F81801A00EB0A081968EA
:1065F000BA6048F001005144BD425060196000F09B
:106600002981B9F10F0F40F227816868A9F10C0CBC
:106610002CF0070C00F0010040EA0C0068604FF01D
:10662000050E05EB0C00BCF10F0FC0E901EE00F206
:10663000328150681546124B1A688A4238BF196079
:10664000104B1A688A4238BF196094E0AA1943F0C7
:10665000010346F001066E602046BA60536000F008
:1066600043F90835284603B0BDE8F08FD9681A44CD
:10667000A1E600BF001100202C1E0020FC1D002000
:10668000241E0020281E00200811002008150020CC
:10669000B2F5206F4FEA522363D3142B00F2B78078
:1066A00003F15C01C9005B3307EB010E7958AEF1D1
:1066B000080E8E4500F091804B6823F0030393424F
:1066C00002D989688E45F7D1D1F80CE07A68C5E91E
:1066D000021ECEF80850CD60D6E6142B59D9542BA3
:1066E00000F29D80330B03F16F0003F16E0CC300C9
:1066F0008AE60EF1010E1EF0030F05F108057FF486
:10670000D5AE51E0424445465368D8F80C1043F0EA
:106710000103536055F8083F2046D9608B6000F0B4
:10672000E3F8F3E6F00806F1080237E62A442046CB
:10673000536843F001035360083500F0D5F8E5E6EF
:10674000A919204646F0010643F001046E60C7E92E
:106750000411C1E902CC4C60AB5000F0C5F808351B
:10676000D4E6930903F13901C90038339CE7BD42EF
:106770005FD0BD68686820F003084645A8EB0603B3
:1067800002D80F2B3FF762AF204600F0ADF800258E
:10679000BCE603F15C0003F15B0CC30034E659F87E
:1067A00008394B4540F0968010F0030F00F1FF30A0
:1067B000F5D17B6823EA01037B60490099423FF6EB
:1067C000C0AE19B9BDE649000EF1040E1942FAD067
:1067D000704667E603F11008D0E69A104FF0010802
:1067E0007B6808FA02F21A437A6070E702EB08014C
:1067F0004942C1F30B0A51462046009201F026F8A7
:10680000431CDDE900237FF4EFAEDA46EFE6542BBC
:1068100025D8130B03F16F01C9006E3344E7B3F5BC
:10682000AA7F25D8F30B03F1780003F1770CC3009E
:10683000EAE5294B186840441860B1E6CAF30B0C2E
:10684000BCF1000F7FF4ACAEBD68C84448F0010055
:106850006860F0E61546EEE60123536094E7B3F571
:10686000AA7F23D8D30B03F17801C90077331BE744
:1068700040F25452934223D8B30C03F17D0003F14C
:106880007C0CC300C0E5ABF1080BD844A8EB0208B0
:106890004FF0000AABE605F108012046009301F035
:1068A000EDF8BD68009B68681968C4E640F2545171
:1068B0008B420BD8930C03F17D01C9007C33F3E6C6
:1068C0004FF47E737F204FF07E0C9DE54FF47E7178
:1068D0007E23E9E67B6870E7FC1D0020014801F09B
:1068E0000BB800BFF41D0020014801F007B800BF3D
:1068F000F41D00202DE9F84F1746002900F098807C
:106900000C4607F10B058046FFF7E8FF162D54F8FB
:10691000041C5BD810252A46AF425CD821F0030640
:106920009642A4F1080962DABC4BD3F808C009EB1F
:106930000600844500F09780D0F804C02CF00103D5
:1069400003445B68DB0768D42CF0030C06EB0C03F4
:10695000934247DACB0710D454F8083CA9EB030A5A
:10696000DAF8043023F003018C44B444944580F2F7
:1069700011817318934280F2E88039464046FFF750
:10698000FDFC0746E0B154F8043C23F001034B44FE
:10699000A0F10802934200F0D280321F242A00F2B4
:1069A000F580132A00F2AC80034622461168196074
:1069B0005168596092689A602146404601F05EF83D
:1069C0004046FFF791FF3846BDE8F88F25F00705F0
:1069D000002D2A46A0DA0C23C8F8003000273846DC
:1069E000BDE8F88F1E46D0E90223D3609A60731B7E
:1069F0000F2B22D8D9F8043003F0010333434E445F
:106A0000C9F80430736843F00103736040462746B9
:106A1000FFF76AFF3846BDE8F88FC907ADD454F8D0
:106A2000083CA9EB030ADAF8041021F00301A0E7FF
:106A3000BDE8F84F1146FFF7A1BCD9F8042009EBD7
:106A4000050102F001024E4443F001032A43C9F854
:106A500004204B60736843F00103083173604046C3
:106A600001F00CF8D2E7DCF8040020F0030B06EB91
:106A70000B0C05F1100084454DDAC9073FF57DAFD9
:106A800054F8081CA9EB010ADAF8041021F00301FC
:106A90008B44B34458453FF76CAF5746DAF80C10B7
:106AA00057F8080F321F242AC160886000F2DB808B
:106AB000132A40F2D6802168CAF808106168CAF823
:106AC0000C101B2A00F2DF8008340AF11002216842
:106AD000116061685160A16891600AEB0501ABEB40
:106AE000050242F0010299604A60DAF8043003F0CE
:106AF00001032B434046CAF80430FFF7F5FE6EE76A
:106B000023680360636843601B2A68D804F10802A5
:106B100000F108034AE709EB05029A60ACEB0503B4
:106B200043F00103536054F8043C03F001032B438A
:106B3000404644F8043CFFF7D7FE27464FE750F89D
:106B4000043C23F003031E4451E75746DAF80C10C7
:106B500057F8080F321F242AC16088604CD8132AC6
:106B600048D92168CAF808106168CAF80C101B2AB5
:106B700056D808340AF110021E4623681360636871
:106B80005360A3689360D1463C4630E7214600F04D
:106B900019FD11E7D0E902135746CB60996057F809
:106BA000081FDAF80C30CB60321F242A99602DD8E8
:106BB000132A29D92368CAF808306368CAF80C3048
:106BC0001B2A42D808340AF1100322681A6062684E
:106BD0005A60A2689A606646D1463C4607E7A368B9
:106BE0008360E368C360242A26D004F1100200F118
:106BF0001003DBE63A46BFE7214638461E46D1463B
:106C000000F0E0FC3C46F2E63B46DEE72146384633
:106C10006646D14600F0D6FC3C46E8E6001100206E
:106C2000A168CAF81010E168CAF81410242A20D00C
:106C300010340AF118029FE7236903616169416119
:106C400004F1180200F11803B0E6A368CAF8103086
:106C5000E368CAF81430242A21D010340AF118034A
:106C6000B3E73A4633E72146384600F0ABFC164B13
:106C700033E72269CAF818206269CAF81C20183460
:106C80000AF1200278E7A168CAF81010E168CAF892
:106C90001410242A0DD010340AF1180217E72369C2
:106CA000CAF818306369CAF81C3018340AF1200396
:106CB0008BE72269CAF818206269CAF81C201834C8
:106CC0000AF1200203E700BF001100202DE9F04F78
:106CD0009BB08346019210464BEA02029A46930704
:106CE000049140F0B182B0F1040918BF4FF00109DE
:106CF000019B9A0802925B000022059207934F467F
:106D00005646049B062B40F2DB80049B019A4FEA17
:106D10005308072B02FB08B800F0DB81049A0199A5
:106D2000531E282A01FB03BA00F20E8254465D4628
:106D300041462846B047002821464046C0F2F88127
:106D4000B047002854DD002F5BD1019BDBF8002009
:106D5000D8F80010CBF800105B44C8F80020089366
:106D6000089B0993534562D8019A06931C46002359
:106D700055465946C2F10009D3469A46204603912A
:106D8000B04700280399A04640F34E81A345C0F0C8
:106D9000EE80A846039455468A460DE0DBF80010C5
:106DA000D8F80030CBF80030C8F80010C8440125EE
:106DB000CB44A345C0F09B8251465846B0470028BB
:106DC000C0F2C080F4D1002FE8D0012F00F00E8176
:106DD000019A41465B460BEB020C08781A7803F8DF
:106DE000010B01F8012BACEB0302002AF5DCDDE717
:106DF00021462846B04715EA200838BFA046002F94
:106E0000A3D0012F00F01082019B0BEB03005A4628
:106E1000089098F80010137802F8011B08F8013B5D
:106E2000831A002BF5DC089B099353459CD9049ADF
:106E3000019B03FB02B4089A944231D9DDF8248007
:106E40005D42C34528D2C24609E0D9F80030DAF8DD
:106E50000020C9F80020CAF80030DA451CD9D14614
:106E6000AA4449465046B047002815DD002FECD013
:106E7000012F00F0FA80079A53460AEB02001978B6
:106E800099F8002009F8011B03F8012BA0EB090277
:106E9000002AF4DCDA45E2D8019B98444445D0D876
:106EA000059B002B4BD0059B1AAA013B059302EBD7
:106EB000C30353E910B30493049B062B3FF625AF9D
:106EC000019B049A0BEB030503FB02B8A845E7D925
:106ED000DDF81C90CDF80C805C42AB4527D2AA4669
:106EE00009E0D8F80030DAF80020C8F80020CAF825
:106EF0000030DA451BD9D046A24441465046B0473F
:106F0000002814DD002FECD0012F00F0BB80534689
:106F10000AEB0900197898F8002008F8011B03F81B
:106F2000012BA0EB0802002AF4DCDA45E3D8019B30
:106F30001D44039BAB42D0D8059B002BB3D11BB0A3
:106F4000BDE8F08F45465146DDF80C80002F5AD140
:106F5000019B2268DBF800002060CBF800201C4475
:106F6000CB44A0464FF0010AA345BFF407AF5246F9
:106F7000DA468B46002A3FF45AAF049B019A02FB83
:106F800003B4069BA8EB0309A3EB0B024A45A8BF79
:106F90004A46002A40F0A2800199621BA5EB0A0331
:106FA000521A9A4228BF1A46002A40F01B8199457E
:106FB0004D46A4EB030004D25A461D4683464B4679
:106FC0001046019A93426AD90599072900F2FB807D
:106FD000B3FBF2F3B5FBF2F504931AAB03EBC10379
:106FE00043E910B54B1C059383468AE60299454652
:106FF0005846013903682A6840F8042B002945F8EF
:10700000043BF6DCD2E6012F1FD0019B5A461C44FC
:10701000107898F8003008F8010B02F8013BA4EB57
:107020000803002BF4DC9BE70BD1002F40D1069B1B
:1070300020681A6818602260019A981806904FF02C
:10704000010A019B1C44A0468EE7029ADC46013AE5
:10705000D8F80030DCF8000048F8040B002A4CF89F
:10706000043BF4DC019B1C447AE7029B5146013B44
:10707000D9F80020086849F8040B002B41F8042BCC
:10708000F5DCEAE6029B5146013BD8F8002008688F
:1070900048F8040B002B41F8042BF5DC29E7019B91
:1070A0009D427FF6FDAE019BB5FBF3F3049328E60A
:1070B000012F00F0A780069A019BD01898F800C015
:1070C000137802F801CB08F8013B831A002BF5DC9A
:1070D000B4E7079B13440BEB430A34E6022FA8EBFB
:1070E000020140F0C5805A44584691F800C0037828
:1070F00000F801CB01F8013B131A002BF5DC0199D4
:10710000621BA5EB0A03521A9A4228BF1A46002AAC
:107110003FF44DAFA01A4244057898F8001008F8E3
:10712000015B00F8011BA2EB08010029F4DC3EE73B
:10713000B0470028FFF607AE21462846B04714EABC
:10714000200838BFA846FEE5D20801FB02F30BEB8E
:107150000305294658461C460393B0474FEA4409A5
:1071600000280BEB440421462846C0F29B80B04720
:10717000002875DD039BA8EB030441462046B04779
:10718000039B002808EB030106914046C0F2A28051
:10719000B04700285BDD039CAAEB09094C4421465B
:1071A0004846B047002851462046C0F28780B04785
:1071B00000283FF7BDAD51464846B04719EA2004C4
:1071C00038BF5446B4E5019CB3FBF4F12246334684
:1071D000FFF77CFDA5427FF666AE019BB5FBF3F39E
:1071E00004938EE5022FA4EB020094D09208013A9A
:1071F000D8F80010056848F8045B002A40F8041B22
:10720000F5DCD4E6DDF818C0029ADCF80030D8F8D6
:1072100000004CF8040B013A002A48F8043BF4DC67
:107220000698019B184409E7029A5846013A0368F8
:10723000D8F8001040F8041B002A48F8043BF5DC9D
:10724000019B5B4408938BE54FF0020950E50699DA
:107250002046B047069914EA200838BF88469AE7C6
:1072600021465846B0471BEA200538BF254681E72E
:1072700092085846A446013A03680C6840F8044B4B
:10728000002A41F8043BF6DC01996446621BA5EB39
:107290000A03521A9A4228BF1A46002A3FF487AEC0
:1072A000A01AA3E7B0470028FFF664AF214658466E
:1072B000B04714EA200538BF5D465BE7B0470028B9
:1072C000FFF636AD51464846B0471AEA200438BFAB
:1072D0004C462DE5B0470028FFF65DAF06992046E5
:1072E000B047069911EA200838BFA04653E7534635
:1072F0002A46DA4645469B46DDF80C803AE600BF52
:10730000024A0349034800F0BBB800BF1015002033
:107310000D810000980A00200C4B4168994210B57D
:10732000044601D002F032FEA168094B994202D016
:10733000204602F02BFEE168064B994204D020461D
:10734000BDE8104002F022BE10BD00BF301E00207C
:10735000981E0020001F00202DE9F8432A4C2B4BDB
:107360002B48DFF8C090DFF8C0802A4F1860002556
:1073700004230822294604F15C00274E6566C4E90F
:107380000253C4E90055C4E90455A56100F096F91B
:10739000224B63670822294604F1C400C4E9074967
:1073A000C4E90987C4E91A55C4E91E55C4F8CC508C
:1073B0002567C4F88050E66200F080F9184BC4F8E5
:1073C000DC30294604F16803082204F59670C4F8FD
:1073D0008430C4E92298C4E92476C4E93455C4E968
:1073E0003855C4F83451C4F8D850C4F8E85000F007
:1073F00065F904F1D003C4E93C98C4E93E76C4F8C9
:10740000EC30BDE8F88300BF301E0020681F00206C
:1074100081540000AD560000CD5600000900010067
:1074200012000200495600006D56000010B50446D7
:107430000A4800F061FA636B23B9094B094A1B68DB
:10744000626323B1BDE81040044800F057BAFFF76B
:1074500083FFBDE81040014800F050BAF81D00203D
:10746000681F002099540000014800F045BA00BF91
:10747000F81D0020014800F041BA00BFF81D0020AF
:107480002DE9F84380460F4616464FF00009D6E92D
:107490000154013D11D4A389012B05F1FF3508D911
:1074A000B4F90E300133214603D04046B84749EACB
:1074B00000096B1C04F16804EDD13668002EE6D19A
:1074C0004846BDE8F88300BF10B50C46B1F90E1070
:1074D00000F0A6F9002803DB236D0344236510BDEB
:1074E000A38923F48053A38110BD00BF2DE9F0418F
:1074F0000C46B1F90C101F46CB05054616460BD4B9
:1075000021F48051A1813B46B4F90E103246284641
:10751000BDE8F04100F0ACB9B4F90E10022300222E
:1075200000F068F9B4F90C10EAE700BF10B50C469A
:10753000B1F90E1000F05EF9A389421C0EBF23F4CE
:10754000805343F480532065A38110BDB1F90E1020
:1075500000F03EB910B51A4C002924689AB02ADB15
:10756000009004904FF40270ADF80C0013D0013974
:107570004FF6FF7002910591ADF80E006946204666
:1075800000F062FF421C01DA8B232360009B002283
:107590001A701AB010BD4FF6FF7002910591ADF848
:1075A0000E006946204600F04FFF431C01DA8B2392
:1075B00023601AB010BD8B2323604FF0FF30F8E733
:1075C0001C15002088420DD98B1883420AD900EB84
:1075D000020CBAB1624613F801CD02F801CD99420E
:1075E000F9D170470F2A0ED8034602F1FF3C4AB189
:1075F0000CF1010C013B8C4411F8012B03F8012F15
:107600006145F9D1704740EA01039B0750D1A2F1CF
:10761000100370B501F1200C23F00F0501F1100EDD
:1076200000F11004AC441B095EF8105C44F8105CD7
:107630005EF80C5C44F80C5C5EF8085C44F8085C8E
:107640005EF8045C44F8045C0EF1100EE64504F1AB
:107650001004E9D1013312F00C0F01EB031102F019
:107660000F0400EB031327D0043C24F003064FEA79
:10767000940C1E441C1F8E465EF8045B44F8045FA5
:10768000B442F9D10CF1010402F0030203EB8403CC
:1076900001EB840102F1FF3C4AB10CF1010C013B0A
:1076A0008C4411F8012B03F8012F6145F9D170BD0D
:1076B00002F1FF3C03469BE72246EBE7830730B528
:1076C00048D0541E002A3FD0CAB2034601E0013C14
:1076D0003AD303F8012B9D07F9D1032C2DD9CDB254
:1076E00045EA05250F2C45EA054536D9A4F11002D7
:1076F00022F00F0C03F1200EE6444FEA121C03F1B6
:10770000100242E9045542E9025510327245F8D19F
:107710000CF1010214F00C0F03EB021204F00F0C39
:1077200013D0ACF1040323F003030433134442F8F1
:10773000045B9342FBD10CF003042CB1C9B21C448E
:1077400003F8011B9C42FBD130BD64461346002C5C
:10775000F4D1F9E703461446BFE71A46A446E0E72A
:1077600040EA01039B0730B501D1032A0FD88446B4
:1077700001F1FF3E07E01EF8011F03F8011B541E34
:10778000C1B19C4622466346002AF4D130BD0B4667
:107790008446194653F8045BA5F1013424EA050434
:1077A00014F0803FE4D1043A032A4CF8045B1946F4
:1077B000EFD8DDE79444002CE8D003F8011B6345C3
:1077C000FBD130BD014B93F828017047940F002086
:1077D00038B5074D0022044608462A60FCF7DAFE59
:1077E000431C00D038BD2B68002BFBD0236038BD74
:1077F0007C1F002038B50C46084D844611462046B3
:107800001A4600232B606446FCF7D0FE431C00D0D0
:1078100038BD2B68002BFBD0236038BD7C1F0020B7
:1078200038B50C46084D8446114620461A460023BA
:107830002B606446FCF7ACFE431C00D038BD2B68BF
:10784000002BFBD0236038BD7C1F002038B5074DCE
:107850000022044608462A60FCF780FE431C00D044
:1078600038BD2B68002BFBD0236038BD7C1F002067
:1078700038B50C46084D8446114620461A4600236A
:107880002B606446FCF718F9431C00D038BD2B6808
:10789000002BFBD0236038BD7C1F0020014B1868F3
:1078A000704700BF1C15002070B50D4E0D4D761BA6
:1078B000B61006D0002455F8043B01349847A64280
:1078C000F9D1094E094D761B05F07AF9B61006D0AC
:1078D000002455F8043B01349847A642F9D170BD05
:1078E000181C0060181C0060201C0060181C006040
:1078F000704700BF704700BF704700BF704700BFB0
:1079000090F800F06DE9024520F007016FF0000CDF
:1079100010F0070491F820F040F049804FF0000487
:107920006FF00700D1E9002391F840F000F1080062
:1079300082FA4CF2A4FA8CF283FA4CF3A2FA8CF39A
:107940004BBBD1E9022382FA4CF200F10800A4FA01
:107950008CF283FA4CF3A2FA8CF3E3B9D1E9042355
:1079600082FA4CF200F10800A4FA8CF283FA4CF38C
:10797000A2FA8CF37BB9D1E9062301F1200182FA46
:107980004CF200F10800A4FA8CF283FA4CF3A2FA4C
:107990008CF3002BC6D0002A04BF04301A4612BA5A
:1079A000B2FA82F2FDE8024500EBD2007047D1E95D
:1079B000002304F00305C4F100004FEAC50514F0EC
:1079C000040F91F840F00CFA05F562EA05021CBFBD
:1079D00063EA050362464FF00004A9E7F8B5244FB7
:1079E0000C460646FEF77AFFBB685D68C4F57E610B
:1079F0000F3125F003054B1923F47F6323F00F03A8
:107A0000A3F58054B4F5805F07DB00213046FFF713
:107A10001DFFBB682B44984204D03046FEF764FF3C
:107A20000020F8BD61423046FFF710FF01300DD055
:107A3000104ABB682D1B45F001055D601368304698
:107A40001B1B1360FEF750FF0120F8BD00213046DC
:107A5000FFF7FCFEBA68831A0F2BDEDD43F001034B
:107A60005360054B03491B68C01A0860D5E700BF87
:107A700000110020FC1D002008150020002961D005
:107A8000F8B50C460646FEF729FF54F8042C7B4F48
:107A9000A4F1080522F0010105EB010CB868DCF83F
:107AA0000430604523F0030300F08B80D207CCF84C
:107AB000043032D454F8082CAD1A1144AA6807F1E6
:107AC000080082426AD00CEB0304D4F804E0EC68AE
:107AD000D4601EF0010FA26000F0978041F0010316
:107AE0006B60CCF80010B1F5007F35D27868CB0818
:107AF0000122490901338A40024357F833107A6062
:107B000007EBC302083AC5E9021247F83350CD60CB
:107B10003046BDE8F840FEF7E7BE0CEB03025268C2
:107B2000D00710D4194407F10800DCF8083083426C
:107B300073D0DCF80C20DA60936041F001036B60D5
:107B40006950D0E7704741F00103B1F5007F44F878
:107B5000043CCCF80010C9D3B1F5206F4FEA512393
:107B600048D28B0903F1390003F13802C300F81839
:107B7000FB580838984259D05A6822F003028A42CA
:107B800002D99B689842F7D1D868C5E90230856070
:107B9000DD603046BDE8F840FEF7A6BE0CEB030200
:107BA0005268D20763D40B44DCE90212CA609160C8
:107BB00043F001026A603046EB50BDE8F840FEF742
:107BC00093BE0B44D10707D454F8082CAD1A1344C4
:107BD000D5E90212CA60916043F001026A60284A46
:107BE000BD6012689A4293D8264B30461968FFF759
:107BF000F5FE8DE7142B0AD9542B1FD80B0B03F17C
:107C00006F0003F16E02C300B1E719448DE703F181
:107C10005C0003F15B02C300A9E741F00103C7E97F
:107C20000455C5E902006B60695071E779689210EC
:107C3000012404FA02F20A437A60A6E7B3F5AA7FA8
:107C400006D8CB0B03F1780003F17702C3008EE76F
:107C500040F25452934206D88B0C03F17D0003F19D
:107C60007C02C30083E74FF47E737E227FE741F0FE
:107C700001036B60CCF800104AE700BF0011002040
:107C80000C1500202C1E002082B049B15AB16BB1F6
:107C900013780B601278101E18BF012002B07047D5
:107CA00001A9002AF3D1104602B070476FF001001D
:107CB000F4E700BF436C70B505460C464BB153F872
:107CC000240080B1026843F824200023C0E9033374
:107CD00070BD2122042102F02FFB034668640028B6
:107CE000EDD1002070BD012101FA04F6721D920051
:107CF000284602F021FB0028F3D0C0E90146E4E762
:107D000031B1436C4A6853F82200086043F82210EE
:107D1000704700BF2DE9F0410E6980460F461D46B1
:107D200001F1140E0020DEF800108CB202FB0453A7
:107D3000090C4FEA134C02FB01CC01309CB204EB5E
:107D40000C4486424EF8044B4FEA1C45EBDC3DB137
:107D5000BB68B34207DD07EB860301365D613E6118
:107D60003846BDE8F081796840460131FFF7A2FF4F
:107D70000446B0B13A69023207F10C0192000C30AE
:107D8000FCF7A2F9D8F844307A6853F82210396029
:107D900043F82270274607EB860301365D613E619A
:107DA000DEE7034B03482246BA2102F0A5FA00BFE2
:107DB000B4040020C8040020030C1B04D3B9000441
:107DC000102310F07F4F04BF0002083310F0704FF3
:107DD00004BF0001043310F0404F04BF80000233A1
:107DE000002805DB10F0804F03F1010308BF2023BA
:107DF000184670470023E4E7036813F0070208D031
:107E0000D9071FD49A0722D55B08036001221046C8
:107E1000704799B209B91B0C1022D9B209B90832BE
:107E20001B0A190704BF1B090432990704BF9B08EA
:107E30000232D90703D45B0802F1010205D00360C6
:107E4000104670470022104670472022DFE79B084B
:107E5000022203601046704738B5436C04460D4655
:107E60004BB15868B0B102685A6000220123C0E9E2
:107E70000435C26038BD2122042102F05DFA0346B8
:107E800060640028EDD1094B0948002240F24511F9
:107E900002F032FA1C220121204602F04DFA00289D
:107EA000F1D001220223C0E90123DEE7B40400205F
:107EB000C80400202DE9F04F0E691569AE4285B067
:107EC0008846144605DB2A46234635460C461646A8
:107ED0009846A3686168AF19BB42B8BF0131FFF78C
:107EE000E9FE0190002800F08780019B03F114094E
:107EF00009EB870AD14505D24B46002243F8042BF3
:107F00009A45FBD808F1140808EB860B04F114031A
:107F1000D8451A4603EB85055FD22B1B153B23F092
:107F2000030304331534A54238BF0423CDE902A767
:107F3000AC461F46924605E0090C29D1C34509F11C
:107F4000040948D958F8041B8DB2002DF4D05646C8
:107F50004C46002356F8041B22681FFA81FE90B29B
:107F6000090C05FB0E00120C034405FB012202EB79
:107F700013429BB243EA0243B44544F8043B4FEA40
:107F80001243E7D849F8073058F8041C090CD5D03B
:107F9000D9F8003050461A464C4600260588120C87
:107FA00001FB052216449BB243EA064344F8043B16
:107FB00050F8045B22682D0C93B201FB053303EBF0
:107FC000164384454FEA1346E8D8C34549F80730BD
:107FD00009F10409B6D8DDE902A7002F02DC05E0AB
:107FE000013F03D05AF8043D002BF9D0019B1846FD
:107FF0001F6105B0BDE8F08F034B0448019A4FF4B0
:10800000B17102F079F900BFB4040020C804002067
:1080100012F003032DE9F0411446064632D10D4615
:10802000A41020D0D6F84080B8F1000F33D0E30779
:108030004FF0000707D4641015D0D8F80000A8B19D
:108040008046E307F7D5424629463046FFF732FF20
:10805000B5B16968736C641053F821202A6043F845
:1080600021500546E9D12846BDE8F0814246414607
:108070003046FFF71FFFC8F8000007608046E0E7C2
:108080000546D8E7013B0F4A52F823200023FFF7AB
:1080900041FE0546C4E701213046FFF70BFE80464E
:1080A00040B1012340F27122C0E904320023306460
:1080B0000360BCE7044B0548424640F2451102F01C
:1080C0001BF900BF98090020B4040020C804002058
:1080D0002DE9F0470D4614462F69AB68496807EB58
:1080E00062177E1C9E4280464FEA621904DD5B00E7
:1080F0009E4201F10101FADC4046FFF7DBFD8446B8
:10810000002852D0B9F1000F00F114020EDD09F180
:1081100005014FEA810E134600EB8101002043F870
:10812000040B8B42FBD1AEF114031A44296905F10B
:10813000140314F01F0E03EB81012ED0CEF12009A1
:1081400010464FF0000A1C6804FA0EF444EA0A04D0
:1081500040F8044B53F8044B994224FA09FAF2D838
:108160004B1B153B23F00303043305F1150081423B
:1081700038BF0423BAF1000F18BF374642F803A0F6
:10818000D8F844306A68CCF8107053F8221029608F
:10819000604643F82250BDE8F087043A53F8040BD8
:1081A00042F8040F9942F9D8EAE7034B03486246C4
:1081B0004FF4EF7102F0A0F8B4040020C8040020CE
:1081C0000B6984460069C01A16D10CF1140C1431E5
:1081D0000CEB830210B401EB830301E0944508D259
:1081E00052F8044D53F8041D8C42F7D005D24FF0DD
:1081F000FF305DF8044B7047704701205DF8044B79
:10820000704700BF2DE9F84F0F691369FF1A002F5F
:108210000E4690467FD101F11405143202EB830221
:1082200005EB830301E09D4278D253F8041D52F818
:10823000044DA142F7D069D37168FFF73BFD814639
:10824000002877D03569D8F81020C76008F1140EDF
:1082500006F1140009F1140A06F110010EEB820276
:1082600000EB850756464FF0000C5EF8044B51F8C2
:1082700004BFA3B21CFA8BFCACEB03034FEA144C13
:10828000CCEB1B4C0CEB234C9BB243EA0C437245EA
:1082900046F8043B4FEA2C4CE7D8A2EB080115390D
:1082A00008F11508424521F0030404F1040438BF25
:1082B0000424204421F0030238BF002287425244A4
:1082C000544418D92646014651F8043B1CFA83FC55
:1082D0004FEA2C4202EB13421FFA8CFC4CEA024399
:1082E0008F4246F8043B4FEA224CEDD8013F3F1A3B
:1082F00027F00307E21923B952F8043D013D002B92
:10830000FAD0C9F810504846BDE8F88F3346012727
:108310004646984690E7F9DB00278DE70021FFF7F6
:10832000C9FC814668B101220023C9E904234846FB
:10833000BDE8F88F064B07484A4640F2452101F058
:10834000DBFF034B03484A4640F2372101F0D4FFDC
:10835000B4040020C80400202DE9F043884683B00F
:10836000012157EC106B1546FFF7A4FC04460028CA
:1083700051D0C7F30A59C7F31303B9F1000F01D065
:1083800043F48013002E019318D101A8FFF734FDA8
:10839000019A6261012200F120032261B9F1000F0C
:1083A00025D0A9F2334909EB03022046C3F1350376
:1083B000C8F800202B6003B0BDE8F0836846009643
:1083C000FFF71AFD034610B3DDE90002C3F12001F7
:1083D00002FA01F10143DA4061610192002AA261CF
:1083E00014BF022201222261B9F1000FD9D1A3F2F8
:1083F0003243C8F8003004EB82031869FFF7DCFC55
:10840000C0EB421320462B6003B0BDE8F083009A16
:108410006261019AE2E7034B0348224640F20F31C2
:1084200001F06AFFB4040020C804002049B1FF2A0B
:1084300002D80A70012070478A2303604FF0FF3092
:1084400070470846704700BF2DE9F04F2DED088BAF
:10845000D1B00C460BEE101A90460893834601F0FB
:10846000BBFE036812931846FFF74AFA20AF10903C
:10847000082200213846FFF721F9A3891B0603D5FE
:108480002369002B00F0558700239FED838B9FED20
:10849000849BCDE92533CDE91333CDE9153327AAE4
:1084A0000E9324929246119304934446A1467E4B28
:1084B000D3F8E450FFF786F94A4603461CA9009713
:1084C0005846A847002800F0B080C0F2A6801C9A49
:1084D000252A034601D09944E9E7B9EB040506468D
:1084E00040F0A78000234FF0FF328DF867309846A8
:1084F000069309F1010999F8003003922B252026F3
:1085000009F10109A3F120025A2A00F2CF80DFE825
:1085100012F0E802CD00CD00E302CD00CD00CD0089
:108520006A00CD00CD0005028402CD001002C90210
:10853000CD00BD025B005B005B005B005B005B008D
:108540005B005B005B00CD00CD00CD00CD00CD0019
:10855000CD00CD005301CD0083011A025301530118
:108560005301CD00CD00CD00CD001502CD00CD00D2
:108570009602CD00CD00CD00AB01CD00AA02CD000A
:10858000CD00E306CD00CD00CD00CD00CD00CD0067
:10859000CD00CD005301CD008301DE015301530115
:1085A00053017702DE017F00CD008902CD005F021A
:1085B000E0062F027F00CD00AB017C00B806CD00A5
:1085C000CD00BD06CD007C00A3F13002002119F8DA
:1085D000013B01EB810102EB4101A3F13002092AC9
:1085E000F5D906918EE7584601F0F6FD43681593DC
:1085F0001846FFF785F91690584601F0EDFD83689F
:108600001393169B002B40F02D8699F8003077E7E6
:1086100099F8003048F0200872E708220021384617
:10862000FFF74CF80123994441E7B9EB04050646EE
:1086300011D0269B2B442693259B0133072BCAE997
:10864000004525931CDC0AF1080A049B2B44049383
:10865000002E7FF447AF269B002B41F00B821BEED0
:10866000103AB3F90C3013F0400F049B18BF4FF0D1
:10867000FF330493049851B0BDEC088BBDE8F08F34
:108680001BEE101A24AA584602F0E2FD0028E6D19B
:108690000DF19C0AD9E700BF0000000000000000B7
:1086A000FFFFFFFFFFFFEF7F940F00200B93002BD6
:1086B000D1D00021CDE90C118DF8DC3001238DF8EB
:1086C000671002930791059303910F9137AC18F04F
:1086D0000203099302D0029B0233029318F0840331
:1086E0000A9305D1069B029A9D1A002D00F3698317
:1086F000269A89B125990DF1670001310132CAF836
:10870000000007294FF0010026922591CAF80400C5
:1087100000F3A2830AF1080A099B83B1259B1AA9D9
:1087200001330232CAF80010072B4FF002012692E3
:108730002593CAF8041000F3A3830AF1080A0A9BE0
:10874000802B00F06C82039B05995D1A002D00F3CD
:10875000A58218F4807F40F00D82059BCAF8043092
:108760001A44259BCAF800400133072B2692259313
:1087700000F31B830AF1080A18F0040F05D0069BCA
:1087800002995C1A002C00F38883049B06990298D6
:108790008142ACBF5B181B180493002A40F0B082E2
:1087A00000232593079B1BB107995846FFF766F9ED
:1087B0000DF19C0A4C4679E60B93089B073323F096
:1087C0000703B3EC028BB0EEC87BB4EE497BF1EE4D
:1087D00010FA089340F3E984B5EEC08BF1EE10FA7D
:1087E00001F159809DF86710AB4CAC4B28F0800824
:1087F0000B9A472AC8BF1C460023CDE90C3303223D
:1088000007930292059203930F9300293FF45FAF01
:10881000029B013302935AE7432B0B9303D018F0CA
:10882000100F00F05D85089D0822002122A837ACBA
:10883000FEF744FF22AB55F8042B2146584602F0C0
:10884000C1FC03460133059001F0EE82059B0895BB
:1088500023EAE37302930021CDE90C118DF8671030
:10886000079103910F9132E70B93089B1A4600235F
:108870008DF86730134653F8044B0893002C00F032
:1088800048850B9B532B00F0EC8618F010030C93DB
:1088900040F0E786039B5D1C01F0E5800C991A46C9
:1088A000204601F09DFC0790002801F02883079BDB
:1088B0001A1B05920C9B039322EAE2720F930D930D
:1088C000079373239DF8671002920B939DE718F0AE
:1088D000200F0B93089B3DD0073323F007031A4664
:1088E00011465B6851F8082B08911946002BC0F21D
:1088F0000C84039B013300F09E8228F0800052EA32
:108900000103029040F09982039B002B40F09A8271
:10891000804600230393059350AC06E1089B53F86F
:10892000042B0692002A80F21984069A0893524278
:10893000069299F8003048F00408E1E599F8003013
:1089400048F00808DCE548F0100818F0200F0B93F9
:10895000089BC1D118F0100F40F00B8418F0400FA5
:1089600000F0038433F9042B0893D1170B46BDE7BD
:10897000089B48F00202029253F8042B089347F632
:108980003003ADF868307820454B11930021022365
:108990000B900020039C8DF86700601C00F0AD80F8
:1089A000029820F0800852EA010040F0A480002CD8
:1089B00040F0AE86002BACD1029B13F0010305936F
:1089C00000F0D18330238DF83F310DF23F14ACE03D
:1089D00018F0200F40F0D48318F0100F40F09F865D
:1089E00018F0400F40F0978718F4007F00F097864A
:1089F000089B049953F8042B089311704C4655E5D5
:108A000099F80030682B03BF99F8013048F40078DA
:108A100009F1010948F0400872E599F800308DF835
:108A200067506DE599F800306C2B03BF99F8013061
:108A300048F0200809F1010948F0100860E50B939F
:108A400048F0100818F0200100F05183089B07330C
:108A500023F00703596853F8082B089328F4806320
:108A60000293002395E70B9348F010030293029BB7
:108A700013F0200100F02983089B073323F007033C
:108A8000596853F8082B0893012382E799F80030BE
:108A900048F0800834E500BF9406002098060020C6
:108AA000A4060020494611F8013B2A2B01F0498217
:108AB000A3F13002092A894698BF002101F24481BE
:108AC00019F8013B01EB810102EB4101A3F13002F6
:108AD000092AF5D9039115E599F8003048F0010805
:108AE0000EE59DF86730002B7FF48FAD99F80030CC
:108AF0008DF8676004E5CDF80880012B00F09D81BA
:108B0000022B50AC20D1119802F00F031209C35C64
:108B100004F8013D42EA0172090952EA0103F3D166
:108B200050AB1B1BDDF808800593059A03989DF850
:108B3000671082424FF00003B8BF0246CDE90C3304
:108B4000079302920F9360E602F00703D20842EA0D
:108B50004172C908303352EA0105204604F8013D4C
:108B6000F2D1029AD10700F14D8250AB1B1B904607
:108B70000593DAE70B9B652B40F3D480B5EE408B71
:108B8000F1EE10FA40F0C181259BBA49CAF80010F5
:108B9000013301320121072B26922593CAF80410D4
:108BA00000F351850AF1080A1B9B0E998B4280F253
:108BB000D082109B12991A44CAE90013259B269271
:108BC0000133072B259300F397830AF1080A0E9BC4
:108BD0005C1E002C7FF7D0AD102C259B40F36E85DA
:108BE0001BEE106A102505E00AF1080A103C102C53
:108BF00040F364850133A0491032072BCAE9001500
:108C0000CDE92532F0DD24AA3146584602F020FB9A
:108C100000287ED1DDE925320DF19C0AE6E7069BAE
:108C200002995D1A002D7FF78EAD102D259B21DD59
:108C3000099410261BEE104A04E0103D102D0AF195
:108C4000080A16DD01338C491032072BCAE90016D9
:108C5000CDE92532F1DD24AA214658460DF19C0AC2
:108C600002F0F6FA002854D1103D102DDDE925322E
:108C7000E8DC099C8049CAF8045001332A44072BD8
:108C8000CDE92532CAF8001000F32685039B05992B
:108C90005D1A002D0AF1080A7FF75BAD102D259BA8
:108CA0001FDD514610261BEE10AA04E0103D102DCA
:108CB00001F1080114DD01336F481032072BC1E9BF
:108CC0000006CDE92532F1DD24AA5146584602F0CE
:108CD000BFFAF0B9103D102DDDE9253227A9EADCF5
:108CE0008A4601336449CAF804502A44072BCDE967
:108CF0002532CAF8001000F3DA810AF1080A28E5E3
:108D00001BEE101A24AA584602F0A2FA00283FF4DB
:108D100047AD079B002B3FF4A2AC07995846FEF7DE
:108D2000ADFE9CE40E9B012B40F37A81259BCAF893
:108D30000040013301320121072B26922593CAF806
:108D4000041000F3F8810AF1080A1099129801330F
:108D50000A44072BCAE90001CDE9253200F3DD8181
:108D60000AF1080AB5EE408BF1EE10FA00F07781B7
:108D70000E990133013901340A44072BCAF8004027
:108D80002593CAF80410269200F35B810AF1080AC1
:108D90001499CAF8041001330A44072B1EA9CDE91F
:108DA0002532CAF800107FF7E5AC1BEE101A24AA92
:108DB000584602F04DFA0028ABD1269A0DF19C0AD4
:108DC000DAE4102DDDE925122C4E24DD1794102352
:108DD0001BEE104A084604E0103D102D0AF1080A67
:108DE00017DD013010320728CAE90063CDE92502FA
:108DF000F2DD24AA214658460DF19C0A02F028FA19
:108E0000002886D1103D102DDDE925024FF010031A
:108E1000E7DC179C014601312A440729CDE92512D8
:108E2000CAF80060CAF8045000F3BD839DF86710CB
:108E30000AF1080A5DE4CDF808800A2A71F10003FE
:108E400080F0458330320123DDF808808DF83F2122
:108E500005930DF23F1468E61BEE101A24AA58463B
:108E600002F0F6F900287FF454AF269A0DF19C0A1F
:108E700052E400BFD4060020740A0020F806002047
:108E80001BEE101A24AA584602F0E2F900287FF4DB
:108E900040AF269A0DF19C0A51E4102C259BBE4E42
:108EA0001FDD1BEE108A102504E0103C102C0AF187
:108EB000080A16DD01331032072BCAE90065CDE937
:108EC0002532F2DD24AA414658460DF19C0A02F0F3
:108ED000BFF900287FF41DAF103C102CDDE92532CE
:108EE000E8DC01332244072BCAE90064CDE92532CE
:108EF0007FF74BAC1BEE101A24AA584602F0A8F9D3
:108F000000287FF406AF269A3FE41B99002940F31E
:108F10005A830C9E0E9B9E42A8BF1E46002E0BDD60
:108F2000259B01333244072BCAE90046269225933C
:108F300000F389860AF1080A0C9D002EA8BFAD1B1C
:108F4000002D00F303820C9B18F4806F23440593DB
:108F500040F01F821B9B0E998B4203DB18F0010F20
:108F600000F0CF84109912980A44CAE900012599AB
:108F7000269201310729259100F3A5860AF1080AF6
:108F80000E996518CC1A059BED1AA542A8BF254677
:108F9000002D0DDDCAF80030259BCAF804500133BE
:108FA0002A44072B2692259300F3BB860AF1080A70
:108FB000002DA8BF641B002C7FF7DEAB102C259B77
:108FC00040F37C831BEE106A102505E00AF1080AC5
:108FD000103C102C40F37283013370491032072B80
:108FE000CAE90015CDE92532F0DD24AA31465846FC
:108FF00002F02EF900287FF48CAEDDE925320DF168
:109000009C0AE5E7302B3FF48BAD3023023804F89F
:10901000013C50AB1B1ADDF808800593044684E53B
:1090200018F0010F7FF482AE259BCAF8004001338F
:1090300001320121072B26922593CAF804107FF7ED
:10904000A5AE1BEE101A24AA584602F001F900281A
:109050007FF45FAEDDE925320DF19C0A98E60E99AA
:109060004C1E002C7FF794AE102C40F361831BEE56
:10907000106A102505E00AF1080A103C102C40F394
:109080005783013345491032072BCAE90015CDE952
:109090002532F0DD24AA3146584602F0D9F80028DE
:1090A0007FF437AEDDE925320DF19C0AE5E71BEED2
:1090B000101A24AA584602F0CBF800287FF429AEF3
:1090C000269A0DF19C0AFFF744BB029B13F0100394
:1090D00040F0C180029A12F0400200F07A830898B2
:1090E00050F8042B0890194692B2012351E418F06D
:1090F000100355D118F0400200F05D83089850F835
:10910000042B0890194692B2A8E4524261EB410147
:10911000CDF808802D2001233CE41BEE101A24AA70
:10912000584602F095F800287FF4F3ADDDE92532CA
:109130000DF19C0A16E61BEE101A24AA584602F0FE
:1091400087F800287FF4E5ADDDE925320DF19C0AB2
:10915000FBE518F0010F3FF40FAB2AE5089399F8EF
:109160000030FFF7CDB950ACDFE418F4007F40F0D9
:10917000DB8353F8042B0893D1170B46FFF7B6BBDC
:10918000089B049853F8041B0893C217C1E9000216
:109190004C46FFF78BB900BFF8060020740A002088
:1091A000089B53F8042B089358E4B4EE488BF1EE77
:1091B00010FA80F194860B9B612B00F05285412BB5
:1091C00000F0C085039B01330B9B23F0200500F0CA
:1091D0008084472D04D1039B002B08BF01230393F8
:1091E00018EE903A002B48F480724646C0F218867A
:1091F000B0EE48AB00239046099307930B9B413B8D
:10920000252B00F29883DFE813F06F049603960392
:10921000960368046C0496039603960396039603DC
:109220009603960396039603960396039603960376
:109230009603960396039603960396039603960366
:109240009603960396039603960396039603960356
:10925000960368046C04089B53F8042B08930123BD
:10926000FFF797BB139B002B3FF4CFA9139B1B78F1
:10927000002B3FF4CAA999F8003048F48068FFF742
:109280003FB90B93CDF80880FFF7F1BB0B939A4BD6
:10929000119318F0200100F00581089B073323F09B
:1092A0000703596853F8082B089318F0010F0AD0E8
:1092B00052EA010307D00B9B8DF86930302348F048
:1092C00002088DF8683028F4806302930223FFF7C8
:1092D00060BB0B93FFF7B6BB0B93884B1193D8E79A
:1092E000089B012153F8042B02918DF8DC20089390
:1092F000059137ACFFF7AFBA1BEE101A24AA5846F7
:1093000001F0A6FF00287FF404AD269A0DF19C0A17
:109310005DE4039B0794062B224628BF0623039493
:109320002146CDE90C22764C029305930F92FFF76C
:109330006CBA40215846FDF721F8206020610028D2
:1093400000F00F8640236361FFF79EB8102D259B28
:1093500040F35D82514610261BEE10AA04E008314E
:10936000103D102D40F35282013366481032072B16
:10937000C1E90006CDE92532F1DD24AA514658465F
:1093800001F066FF00287FF4C4ACDDE9253227A98F
:10939000E6E70E9BCDF82490E31803930D9BCDF8E0
:1093A0002880139E059DDDF85890DDF83C800B94D5
:1093B0001BEE101A5046002B34D0B8F1000F35D1F7
:1093C0000D9B013B013E0D93159BC0E90039259B88
:1093D00001334A44072B269225936CDC0830039B0B
:1093E00096F800C05B1B6345A8BF6346002B9A46F6
:1093F0000CDD259C01341A44072CC0E90053269249
:10940000259400F3778196F800C00830BAF1000F78
:10941000ACBFACEB0A046446002C0ADC65440D9B2F
:10942000002BCAD1B8F1000F00F0AC8308F1FF386F
:10943000CAE7102CDDF894C024DD05954FF0100A22
:1094400063460D4604E0103C102C00F1080016DDC8
:1094500001332C491032072BC0E9001ACDE925321F
:10946000F1DD24AA2946584601F0F2FE00287FF4D7
:1094700050AC103C102CDDE9253227A8E8DC294649
:10948000059D9C460CF1010322444460072B1D4CB2
:109490000460CDE9253200F3C68396F800C0083099
:1094A0006544BCE718F0100300F0C280089B53F835
:1094B000042B0893F9E624AA5846059101F0C8FE4A
:1094C00000287FF426AC269A059927A887E70298FA
:1094D000CDF81CA050AC00F4806000250AEE10BA54
:1094E000094BDDF84CA0CDF81490A3464FF00508C9
:1094F000AC46044610E000BFA4060020B8060020D9
:10950000CC060020740A0020CDCCCCCC0A2A71F104
:10951000000136D34A463146501840F10000A3FB03
:10952000005626F0030505EB9605401B151A4FF073
:10953000CC3661F1000E06FB05F6A5FB039503FB97
:109540000E6609F0010E2E44AEFB085E2D184FEAA0
:10955000590930350BF8015C49EAC6790CF1010C68
:109560000BF1FF3B7608002CD0D09AF80000844520
:10957000CCD1BCF1FF0FC9D00A2A71F1000180F0F3
:109580008F815C4650AB1B1BDDF81490CDF84CA0CE
:109590001AEE10BADDF81CA0DDF80880CDF838C04E
:1095A0000593FFF7C2BA1BEE101A24AA584601F021
:1095B0004FFE00287FF4ADAB9DF86710269A0DF1A1
:1095C0009C0AFFF796B8259BBE48CAF800000133F5
:1095D00001320120072B26922593CAF8040000F3DC
:1095E00077810AF1080A002940F0AF800E9908F04F
:1095F00001030B433FF4C0A8109B12991A44CAE917
:109600000013259B26920133072B259300F35282EA
:109610000AF1080A0E99CAF8004001330A44072BE0
:10962000CDE92532CAF804107FF7A4A8FFF7BDBB27
:1096300018F0400200F0DD80089850F8042B0890E4
:10964000194692B231E61BEE101A24AA584601F0D0
:10965000FFFD00287FF45DAB269A0DF19C0AFFF711
:10966000A3BA22AE0822002130461D94FEF726F848
:10967000039B5A1C00F0DB800025CDF80890CDF844
:109680001C809946A8460CE037A9584601F09AFD7F
:10969000431C404400F0C883484508DC00F01884AF
:1096A00080461D9A525933460435002AECD1CDF834
:1096B0001480DDF80890DDF81C80C5E00133824994
:1096C000CAF804402244072BCAF80010CDE925321D
:1096D0007FF750A8FFF769BB1BEE101A24AA584663
:1096E00001F0B6FD00287FF414AB269A0DF19C0A18
:1096F000FFF729B824AA5846059101F0A9FD0028D2
:109700007FF407AB96F800C0269A059927A87DE656
:10971000012BCDF808807FF4F3A9FFF793BB089BDA
:10972000049953F8042B4C4611600893FEF7BEBE13
:1097300001336549CAF804402244072BCDE925329C
:10974000CAF800107FF722AB7BE4109B12981A44F2
:10975000CAE90003259B26920133072B259300F3CA
:10976000A9810AF1080A0029BFF654AF4D42103111
:1097700080F20F831BEE101A102605E00AF1080A8A
:10978000103D102D40F3058301334F481032072B55
:10979000CAE90006CDE92532F0DD24AA5846039136
:1097A00001F056FD00287FF4B4AADDE925320399C3
:1097B0000DF19C0AE4E7089B18F400711ABF1146EA
:1097C00053F8042B53F8042B089318BFD2B2FFF7B9
:1097D00045B9029B13F40071089B1ABF114653F858
:1097E000042B53F8042B089318BFD2B20123FFF7C0
:1097F000D0B8089B18F400711ABF114653F8042B17
:1098000053F8042B089318BFD2B24EE58A460133B1
:109810002D49CAF804502A44072BCDE92532CAF84D
:10982000001000F339810AF1080AFFF78CBB00230E
:10983000194600961DAA584601F0EAFC034601337A
:10984000059000F0F1821D94059B002B4ED0632BF8
:1098500000F318810023079337AC0822002130461B
:10986000FDF72CFF059D00962B461DAA2146584664
:1098700001F0CEFC854240F07C83059A0023A3547E
:1098800022EAE272CDE90C339DF86710039302924D
:109890000F93FEF7BABF2D218DF86710FEF7A4BF16
:1098A000169B1599ABEB030B1A465846FDF758FF6C
:1098B0009AF80120054B0AB10AF1010A4FF0000C99
:1098C00028E600BFD4060020740A0020CDCCCCCC02
:1098D0001BEE101A24AA584601F0BAFC00287FF4A7
:1098E00018AA1B99269A0DF19C0A7CE6059B9DF807
:1098F00067100F93CDE90233CDE90C330793FEF7E0
:1099000084BF0E99059865182D1ACC1AA542A8BFD8
:109910002546FFF74DBB089B049953F8042B089389
:1099200011804C46FEF7C2BD13F9042B0893D117E2
:109930000B46FEF7DBBF039A022122AB01931DAB5E
:10994000009358461BABB0EE4A0B029200F0C4FDE8
:10995000472D029A044600F06181462D104405D13E
:109960002378302B00F06F821B9A1044B5EE40AB89
:10997000F1EE10FA40F0468103461B1B0E93472D73
:1099800000F01081462D00F0B5811B9B0C930C9BC1
:10999000412D03F1FF331B9300F0E5819DF82C204E
:1099A0000021002BB8BF0C9B8DF87820BABFC3F103
:1099B00001032D222B22092B8DF8792040F3DA8127
:1099C0000DF18F05DFF81CC42A4610468CFB0321DD
:1099D000DA17C2EBA10202EB8201A3EB41013031A5
:1099E00000F8011C19466329134600F1FF32ECDC34
:1099F0003033D9B2831E9D4202F8011C40F28B82A3
:109A000013460DF17A0201E013F8011B02F8011B65
:109A10009D42F9D10DF191030DF17A021B1A134405
:109A20001EAA9B1A14930E9B149A012B1A4405929A
:109A300040F30382059B109A1344059326F4806338
:109A4000059A43F480780023CDE90C3322EAE272D0
:109A50000F930292099B002B40F0B1809DF8671094
:109A60000393FEF7D2BE2046FDF74AFF024605905B
:109A7000FEF720BF1BEE101A24AA584601F0E8FB9F
:109A8000FEF7EDBD591C5846FCF778FC044600284B
:109A900000F0CA810790E0E61BEE101A24AA58468F
:109AA00001F0D6FB00287FF434A9269A0DF19C0A18
:109AB000FFF749BA1BEE101A24AA584601F0C8FB5A
:109AC00000287FF426A9DDE925321B990DF19C0AB7
:109AD00049E606230393FFF783BB039B02215A1C2D
:109AE0002BE7039A032128E71BA8B0EE4A0B00F0EE
:109AF000C7FBB4EE007B20EE070BB5EE400BF1EE9A
:109B000010FA01D101231B93B348039BB3EE005B12
:109B1000013B224604E0B5EE400BF1EE10FA13D003
:109B200020EE050BFDEEC07BB3F1FF3F17EE901A60
:109B3000415CB8EEE76B944630EE460B02F8011B31
:109B4000194603F1FF33E6D1B6EE006BB4EEC60B57
:109B5000F1EE10FA00F34881B4EE460BF1EE10FA84
:109B600004D117EE903ADB0700F13E81002906DBB5
:109B70004B1C1344302102F8011B9342FBD1131BF1
:109B80000E93FCE60B9C0E9BDDF82490DDF82880FC
:109B90001396E3189D42294628BF1946824605912F
:109BA000FFF7D8B91B9B0C93DA1C02DB039A934294
:109BB0000CDD0B9B023B0B9323F02005E7E62D21E8
:109BC00000238DF867100393FEF722BE0C9B0E9ABC
:109BD0009342C0F2BD80F0070C9B40F13281109A95
:109BE00013440593710503D50C9B002B00F33581BD
:109BF000059B23EAE373029367230B9300230F93E0
:109C00000D9327E7229B8342BFF4B7AE30215A1C45
:109C100022921970229B9842F9D8AEE6F30700F120
:109C2000A780229BA9E624AA5846059101F010FBC3
:109C300000287FF46EA896F800C0269A059927A8F8
:109C40006544FFF7ECBB1BEE101A24AA584601F03E
:109C5000FFFA00287FF45DA8269A0DF19C0AFFF711
:109C60006BB978238DF8693030238DF86830039B09
:109C7000632B48F0020600F3A6800023079337AC5D
:109C800018EE903A002B48F481782BDBB0EE48AB0D
:109C90000B9B23F02005002309930B9B612B7FF482
:109CA000ADAAB0EE4A0B1BA800F0EAFAB4EE007BB6
:109CB00020EE070BB5EE400BF1EE10FA01D10123B7
:109CC0001B93464821E71BEE101A24AA584601F0C0
:109CD000BFFA00287FF41DA81B9B269A0DF19C0A51
:109CE000FFF74EB90B9B23F020052D230993B1EE0E
:109CF00048ABD2E71B9A0C92002A06F0010340F30E
:109D00000D8103990B4340F0CF800C9B0593662394
:109D10000B93720500F1A380059B23EAE373029382
:109D20006CE71BEE101A24AA584601F091FA00289D
:109D30007EF4EFAF1B9C0E9B269A1C1B0DF19C0A18
:109D4000FFF736B958238DE700220392FEF7DABBFE
:109D50000E9B109A9A180C9B0592002B40F3AB8037
:109D600067230B93D5E70B9A0F32D2B2012118E685
:109D7000A018FBE5002940F0A88030228DF87A2059
:109D80000DF17B02303302F8013B1EABD31A149362
:109D900049E601331249CAF804502A44072BCDE999
:109DA0002532CAF800107FF733AC1BEE101A24AA34
:109DB000584601F04DFA00287EF4ABAFDDE92532BC
:109DC0000DF19C0A26E4591C5846FCF7D7FA0446C4
:109DD00050B3079054E700BFB8060020A406002047
:109DE000740A002067666666CDF888C012F8011C08
:109DF00090F80FC0614513460AD14FF0300E03F8BA
:109E000001EC229B591E229113F8011C8C45F6D0BF
:109E1000392916BF0131817AC9B203F8011CAEE6B7
:109E200000239046079360E71BEE102AB2F90C302E
:109E300043F040039381FEF716BCF5077FF5FEADB6
:109E4000F8E50593CEE6B5EE40ABF1EE10FA3FF43F
:109E50008BADC2F101021B9287E567230B93139927
:109E60000B78FF2B79D000250C9A284603E00130AF
:109E70000131FF2B08D0934206DAD21A4B78002B1F
:109E8000F5D10B780135F4E70C9213910D900F95F5
:109E90000F9A0D9B16991344059A01FB0323059312
:109EA00023EAE3730293D5E5109BD3181944662384
:109EB00005910B932DE7C3F101031A4422EAE273E3
:109EC0000293672305920B9398E60DF17A0259E706
:109ED000039BDDF80890DDF81C800593B4E418EED0
:109EE000903A002BB4BF2D219DF86710254C264BCE
:109EF000B8BF8DF8671028F08008FEF779BC039B87
:109F00000293059373239DF8671003900F900D90B3
:109F10000B93FEF77ABC0223149384E5039A134350
:109F200005D10123662202930B92059366E6109BEE
:109F300001331A4422EAE2730293662305920B93DB
:109F40005CE6089A99F80130894652F8041B089299
:109F500041EAE1710391FEF7D3BA00230F930D9309
:109F600096E70C23CBF800304FF0FF330493FEF755
:109F700081BB1BEE102A938943F040039381FEF7C7
:109F8000C8BE00BF9C060020A006002070B50029B6
:109F90004BD006460C4610B1436B002B48D0636E85
:109FA000D80734D5B4F90C30002B3ED021463046CA
:109FB00000F050F8E36A054633B1E169304698474E
:109FC0000028B8BF4FF0FF35A3891A063CD4216B97
:109FD00041B104F14003994202D03046FDF74EFDF5
:109FE00000232363616C21B13046FDF747FD002358
:109FF0006364FDF739FA636E0022DB07A2811FD587
:10A00000A06DFDF777FCFDF735FA284670BDA389F2
:10A010009905CBD4A06DFDF76FFCB4F90C30002B83
:10A02000C4D1656E15F0010505D00025284670BD28
:10A03000FDF7FCF9B3E7A06DFDF760FC284670BDA5
:10A04000A06DFDF75BFCDBE721693046FDF716FDEF
:10A05000BDE700BFB1F90C202DE9F0410C46110716
:10A06000804647D4636842F40062002BA2815EDD23
:10A07000A56A002D58D00023D8F80060C8F8003039
:10A0800093B212F4805256D10123E1694046A847A9
:10A09000431C67D0A389A56A5F0705D56368C01A0A
:10A0A000236B0BB1E36BC01AE16902460023404603
:10A0B000A847411C41D1D8F80030002B3DD01D2BC2
:10A0C00001D0162B56D1A3892269226023F40063A4
:10A0D00000216160A381216BC8F8006021B304F105
:10A0E0004003994202D04046FDF7C8FC002020639F
:10A0F000BDE8F0812669BEB193B2256826609A0753
:10A100000CBF63690023AD1BA3600BE02B463246F6
:10A11000E169676A4046B847B0F1000CA5EB0C0551
:10A12000664417DD002DF1DC0020BDE8F081E36B13
:10A13000002B9DDCF8E7206DAEE7B4F90C30226906
:10A14000226023F40063A3810022DB046260C2D595
:10A150002065C0E7A38943F040034FF0FF30A3819F
:10A16000BDE8F081D8F80030002B93D01D2B06D02D
:10A17000162B04D0A38943F04003A381D5E7C8F888
:10A180000060D1E738B50C46054608B1436B03B310
:10A19000B4F90C0088B1636EDB0701D481050FD5DB
:10A1A00028462146FFF756FF636EDA07054602D4BC
:10A1B000A3899B0508D5284638BD0546284638BDE5
:10A1C000A06DFDF799FBEBE7A06DFDF797FB284627
:10A1D00038BDFDF72BF9DBE70048704784100020FD
:10A1E00001F0FF01102A2BDB10F0070F08D010F848
:10A1F000013B013A8B422DD010F0070F42B3F6D14C
:10A20000F0B441EA012141EA014122F007047FF064
:10A2100000070023F0E80256083C85EA010586EABB
:10A22000010685FA47F5A3FA87F586FA47F6A5FAF7
:10A2300087F68EB9EED1F0BC01F0FF0102F0070203
:10A2400032B110F8013B013A83EA010313B1F8D1AE
:10A250000020704701387047002D06BF354603388F
:10A26000073815F0010F07D1013015F4807F02BFC8
:10A27000013015F4C03F0130F0BC0138704700BF19
:10A2800030B482B08DED000B019A194C22F00043DE
:10A290000021A342016021DC009C1C431ED0154C10
:10A2A000144054B99FED107B20EE077B8DED007BB1
:10A2B000019A6FF0350122F0004322F0FF42DDE900
:10A2C000004522F4E00242F07F551B1545F40015CD
:10A2D000A3F2FE33CDE900450B4403609DED000B76
:10A2E00002B030BC704700BF0000000000005043C7
:10A2F000FFFFEF7F0000F07F00B50B4C2568144690
:10A30000EE681A4685B003460D464CB107490095E4
:10A31000CDE901143046064900F086FFFAF74AF904
:10A3200004490C46F3E700BF1C150020740400200C
:10A33000840400208004002038B5A1FB02148CBBEB
:10A34000FCF71CF80546E0B150F8042C22F003029B
:10A35000043A242A17D8132A1AD91B2AC0E9004420
:10A360001DD9242A14BF00F1100200F118024FF089
:10A370000003C0E9024404BF04614461C2E9003340
:10A380009360284638BD2146FDF798F9284638BD28
:10A3900002460023C2E900339360284638BD00F12D
:10A3A0000802F6E7FDF77AFA0C2300250360E8E7D8
:10A3B0002DE9F04F03690C69A34283B0C0F2878096
:10A3C000013C01F11405A30000F11408009355F8B5
:10A3D000243058F82420013381469A4208EB840047
:10A3E00005EB84070190B2FBF3F63BD34FF0000C72
:10A3F000AE464046E24663465EF804BB02681FFA7A
:10A400008BFC06FB0C334FEA134C4FEA1B4B06FB4D
:10A410000BCC9BB2AAEB03031FFA8CFA13FA82F35C
:10A42000CAEB124202EB23429BB243EA0243774556
:10A4300040F8043B4FEA224A4FEA1C43DCD2009B1F
:10A4400058F8033073B9019B043B984504D307E0E7
:10A45000984504F1FF3403D253F80429002AF7D0B9
:10A46000C9F810404846FDF7ABFE00282BDB01364B
:10A470004146002355F8040BD1F800C082B29A1A65
:10A48000030C12FA8CF2C3EB1C4303EB224392B28F
:10A4900042EA0342AF4241F8042B4FEA2343E9D298
:10A4A00058F8242008EB84036AB9043B984504D388
:10A4B00007E0984504F1FF3403D253F80429002A39
:10A4C000F7D0C9F81040304603B0BDE8F08F002047
:10A4D00003B0BDE8F08F00BF2DE9F04F2DED028BEA
:10A4E0008FB08DED020B0191816B1A9D059357EC96
:10A4F000106B0446934641B1C26B4A6001239340FE
:10A500008B60FDF7FDFB0023A363B7F10008B4BF28
:10A51000012300232B60BE4BBCBF28F00048CDF8C0
:10A520000C8033EA080300F09F809DED028BB5EEAE
:10A53000408BF1EE10FA11D1059A012313601B9B99
:10A54000002B00F03F82B34B1B9A1360013B00933A
:10A5500000980FB0BDEC028BBDE8F08F0CAA0DA9DE
:10A560002046B0EE480BFDF7F7FE5FEA18530546AC
:10A5700040F09280DDE90C130B4403F23242202AB2
:10A5800040F3FA82C2F1400208FA02F803F21242E2
:10A59000D64048EA060207EE102AB8EE477B581E5E
:10A5A00017EE906A53EC172B4FF0010AA6F1F873DF
:10A5B0009FED913B9FED927B9FED935B06EE900AA2
:10A5C00043EC122BB8EEE64BB7EE086B32EE466B5F
:10A5D000A6EE037BA4EE057BFDEEC76BB5EEC07B5C
:10A5E000F1EE10FA16EE907A08D5B8EEE66BB4EEFE
:10A5F000476BF1EE10FA18BF07F1FF37162F00F284
:10A600004581854B03EBC70393ED007BB4EEC78B0D
:10A61000F1EE10FA57D5091A0023B1F1010807F13C
:10A62000FF370A9300F1398100230693002F52DA95
:10A63000069B0497DB1B06937B420893019B092B27
:10A640004FF000074ED8052B40F39D82043B019349
:10A650000026019B9A1E032A00F22581DFE812F0F2
:10A66000AA03A7039D037E03059AC8F3130842F2C9
:10A670000F7358EA060813601ED11B9B002B00F0D5
:10A680009185664B009308331B9A009813600FB0B6
:10A69000BDEC028BBDE8F08F18EE906AC6F313068E
:10A6A000A3F2FF3053EC182B46F07F530C994FF078
:10A6B000000A43F440137BE71B9B002B40F03B83D5
:10A6C000574B009344E7091A0023B1F101080A939C
:10A6D00000F1E380069300230893019B0497092B64
:10A6E000B844B0D900230126019307964FF0FF39F3
:10A6F0009B460021E163CDF82C902046FDF7DAFA65
:10A700000090002800F04085009BA363B9F10E0F74
:10A7100000F2DC80002E00F0D980049B002B40F377
:10A72000DE833D4A03F00F0102EBC10292ED007B94
:10A730001A11DB0540F182833A4991ED086B02F072
:10A740000F02032088EE065B5AB13649D60704D5BE
:10A7500091ED006B013027EE067B521001F10801EC
:10A76000F4D185EE076B0A9B3BB1B7EE007BB4EEEC
:10A77000C76BF1EE10FA00F1AE8407EE900AB8EE66
:10A78000E75BB1EE0C7BA5EE067B17EE902A51EC51
:10A79000170BA2F15071B9F1000F00F08883049EED
:10A7A0004A46079B002B00F04784B6EE003B1A4B4D
:10A7B000FDEEC64B03EBC20CB8EEE47B36EE477BF6
:10A7C0001CED026B83EE065B41EC160B14EE900A57
:10A7D00035EE465B0099B4EEC75B3030F1EE10FA0F
:10A7E00001F8010B00F3AC84B7EE002BB2EE044B82
:10A7F0004FF0000C31E000BF61436F63A787D23F89
:10A80000B3C8608B288AC63FFB799F501344D33F5F
:10A810000000F07FD5060020A802002028060020B6
:10A8200034060020800200200CF1010C94454DDA22
:10A8300027EE047B25EE045BFDEEC76B16EE903A27
:10A84000B8EEE63B303337EE437BB4EEC57BF1EE3A
:10A8500010FA01F8013B00F1738432EE476BB4EE5D
:10A86000C56BF1EE10FADFD5009A049602E08A4239
:10A8700000F05084894611F8013D392BF7D001339F
:10A88000DBB20B70049B0133049355E1091A0123D9
:10A89000B1F101080A937FF5C7AEC1F10103069338
:10A8A0004FF00008C2E60026E66331462046FDF779
:10A8B00001FA0090002800F06784009BA3634FF02A
:10A8C000FF330B9399460123B34607930D9A002A51
:10A8D00055DB04990E2952DCB74BBBF1000F03EB9B
:10A8E000C10393ED006B15DAB9F1000F12DC40F0F3
:10A8F000F282B1EE047B26EE077BB4EEC78BF1EE5D
:10A9000010FACA464E4600F26D82DDF800806FEA0A
:10A910000B0B70E288EE067BBDEEC77B009917EE4D
:10A92000103AB9F1010F03F13003B8EEC75B01F83B
:10A93000013BA5EE468B00F03483B2EE044B0123BD
:10A9400011E088EE067BBDEEC77B013317EE102ABF
:10A950004B4502F13002B8EEC75B01F8012BA5EEC2
:10A96000468B00F01E8328EE048BB5EE408BF1EE93
:10A9700010FAE6D1049B013304938946DCE0079B7F
:10A9800043B3019B012B40F37682089B09F1FF3A08
:10A99000534580F23F82089BCDF820A0AAEB03022A
:10A9A00017444FF0000AB9F1000FC0F22583069B4F
:10A9B00009934B44C844069301212046FDF74CFA05
:10A9C00006460CE07D4B009300980FB0BDEC028B67
:10A9D000BDE8F08F069BDDF820A0079E0993099B38
:10A9E0006BB1B8F1000F0ADD434506991A46A8BFBE
:10A9F0004246891A9B1A06910993A8EB0208089B04
:10AA000063B1079B002B00F0A782BAF1000F00F39F
:10AA10000482089BB3EB0A0240F0FF82012120462A
:10AA2000FDF71AFA002F824600F3AF80019B012B3D
:10AA300040F38781002308930120002F40F0B1806C
:10AA4000404410F01F0000F07A81C0F12002042A77
:10AA500000F3888040F0F681069B002B05DD294637
:10AA60001A462046FDF734FB0546B8F1000F05DD18
:10AA7000514642462046FDF72BFB82460A9B002B9F
:10AA800040F03F81B9F1000F40F32581079B002B77
:10AA900040F0A380049B01330493DDF8008001277C
:10AAA00007E0294600230A222046FDF733F9013743
:10AAB000054651462846FFF77BFCB94500F13000BA
:10AAC00008F8010BEDDCB9F1000F009ACCBFCB46C2
:10AAD0004FF0010B034693440027294601222046EC
:10AAE0000193FDF7F5FA51460546FDF769FB00288D
:10AAF00040F3AF811BF8013C009A0BF1FF3B04E0EF
:10AB00005A4500F0B1811BF8013D392B0BF10109C9
:10AB1000F6D001338BF8003051462046FDF7F0F8AF
:10AB200056B12FB1B74203D039462046FDF7E8F8B9
:10AB300031462046FDF7E4F829462046FDF7E0F8C7
:10AB4000002389F80030DDE904231A601B9B002BE9
:10AB50003FF4FEAC0098C3F800900FB0BDEC028B40
:10AB6000BDE8F08FC0F11C00069B03440693099BCF
:10AB70000344099380446FE7C2F1200206FA02F20F
:10AB800007EE102A09E5012663E501463A4620460C
:10AB9000FDF73EFA019B012B824640F3C58100235D
:10ABA0000893DAF810200AEB82021069FDF704F925
:10ABB000C0F1200044E700BFA8020020D406002016
:10ABC000314600230A222046FDF7A4F80B9B002BF8
:10ABD000064640F3CE8204979946099B002B05DD7B
:10ABE00031461A462046FDF773FA0646089B002BAD
:10ABF00040F0EB81B046029B009F03F001027B1EF8
:10AC00004B440893019B0A921343099351462846EB
:10AC1000FFF7CEFB314683462846FDF7D1FA424680
:10AC2000514681462046FDF7EDFAC26801460BF118
:10AC30003003002A42D1CDE906032846FDF7C0FAC9
:10AC4000069902902046FDF75BF8029A079B1AB915
:10AC50000999002900F07E82B9F1000FC0F28381CA
:10AC6000019949EA01090A9951EA090900F07B8131
:10AC7000002A00F3C681089A3B7007F10109974248
:10AC8000CB4600F0C481294600230A222046FDF766
:10AC900041F84645054631464FF000034FF00A02A1
:10ACA000204612D0FDF736F84146064600230A2218
:10ACB0002046FDF72FF84F468046A7E7204602932F
:10ACC000FDF71EF8029B0122C6E7FDF723F84F4669
:10ACD000064680469AE7019B022B71DC079B002BFE
:10ACE0007FF47BAF049B5146013328460493FFF762
:10ACF0005FFBDDF800B000F130030BF8013B0027EB
:10AD0000EBE651462846FDF75BFA0028BFF6BAAEDF
:10AD1000294600230A222046FCF7FCFF049B5F1E05
:10AD2000079B0546002B7FF44BAF0B9B002B40F39A
:10AD300018829946B1E6BC4B00930333A4E41C206F
:10AD400012E7DDE9020100287FF474AEC1F31302BB
:10AD5000002A00F0F480029B08936DE6012307931C
:10AD6000049B5B4403F10109B9F1010FCC460B933D
:10AD7000B8BF4FF0010C0021BCF1170FE1637FF762
:10AD8000BCAC01200422520002F1140363450146C9
:10AD900000F10100F7D9E163AFE401230793BBF1B0
:10ADA000000F52DDCDF82CB0D946DC46E3E7002396
:10ADB0000793D5E700230793F1E7DDF82C9004977C
:10ADC000B9F1000F7FF4A1AD51464B460522204654
:10ADD000FCF7A0FF014682462846FDF7F1F900285E
:10ADE0007FF793AD049B03F1010B009B3122984642
:10ADF00003F8012B009351462046FCF781FF0BF12D
:10AE00000103DDF800900493CDF80080002E7FF45C
:10AE10008FAE91E6A3EB0A0AC5E5314652462046BD
:10AE2000FDF7F6F82A46014606462046FDF742F8A9
:10AE3000294605462046FCF763FFEAE50220B0EE0E
:10AE4000485B81E4C0F13C008EE64FF0010BD9462F
:10AE50004FE403D1019BDB073FF54CAED9461BF80D
:10AE6000013D302BFAD057E6049B009A013304933E
:10AE70003123137050E6BAF1000F00F0238102F283
:10AE80003342069B09931344DDF820A006939044B7
:10AE900092E507EE900AB1EE0C5BB8EEE77BA6EE0A
:10AEA000075B15EE902A51EC150BA2F1507141ECA5
:10AEB000150BB1EE047B36EE477BB4EEC57BF1EEAD
:10AEC00010FA00F33781B1EE455BB4EEC57BF1EECD
:10AED00010FA7FF5FBAC4FF0000A564615E500F07E
:10AEE000F580049B51495A4202F00F0001EBC0016A
:10AEF00091ED006B121128EE066B00F04281B0EE6E
:10AF0000467B4B4900260220D30705D591ED005B17
:10AF10000130012627EE057B521001F10801F3D123
:10AF2000002E06FE076B1EE4029B002B7FF437AE5B
:10AF3000DDE90201C1F31302002A40F037813D4AE6
:10AF40000A40002A00F0FA80069B01330693012391
:10AF500008F1010808936FE52946089A2046FDF795
:10AF600057F805465AE5002A12DD294601222046F7
:10AF70000193FDF7ADF851460546FDF721F900288C
:10AF8000019B40F3E180392B00F0CA800BF13103C3
:10AF9000B94609F8013B049B013337460493464602
:10AFA000BAE538EE088BB4EEC68BF1EE10FA0ADC87
:10AFB000B4EE468BF1EE10FA7FF4DCAC17EE103AEB
:10AFC000D8077FF5D7AC009A54E471682046FCF7A7
:10AFD00071FE0746002800F0DE80336902339A00D4
:10AFE00006F10C010C30F9F76FF8394601222046C2
:10AFF000FDF76EF88046FEE5069BA3EB0903099377
:10B00000DAE4392B00F08C80B9460133C1E7049AA9
:10B0100001323746049246465FE529462046FCF752
:10B02000F7FF0546FAE400BF34060020A80200201E
:10B03000800200200000F07F5E4BFDEEC65B03EB5C
:10B04000C20C1CED023BB8EEE57B36EE477B41ECD3
:10B05000160B15EE901A23EE063B00983031012AAC
:10B0600000F8011B00F08380B2EE044B009B99189E
:10B0700027EE047BFDEEC76B16EE903A303300F8F6
:10B08000013B8142B8EEE65B37EE457BF0D1B6EE90
:10B09000006B33EE065BB4EEC75BF1EE10FA3FF5E2
:10B0A000E3AB36EE436BB4EEC76BF1EE10FA7FF70D
:10B0B0000DAC8946013919F8013C302BF9D0731CCD
:10B0C000049339E50C9AC2F13602DAE60220B0EEBA
:10B0D000486BFFF748BBB9F1000F3FF4DAAE0B9AAB
:10B0E000002A7FF7F3ABB2EE044B26EE046B01307F
:10B0F00007EE900A049BB8EEE75BB1EE0C7BA6EE80
:10B10000057B17EE90CA51EC170B5E1EACF1507127
:10B11000FFF747BB049B013304933123FFF7B1BB17
:10B12000049BBB4601330493392337460BF8013B9C
:10B130004646E1E44FF0000A564653E608927BE4A7
:10B14000731C04938946F7E47FF422AFDA077FF596
:10B150001FAF18E7392BE3D0B9F1000F3FF716AF57
:10B1600016E7019B022B3FF728AE0497BAE501468C
:10B170008DE7019B022B3FF720AEDDF82C90049762
:10B180002BE50220FFF7EFBA0B4B0C48002240F2F0
:10B19000AF11FFF7B1F8084B08483A4640F2EF21EB
:10B1A000FFF7AAF8064B0093FFF7D2B9029B08936A
:10B1B000F7E400BFA8020020B404002038060020F5
:10B1C0002806002070B5054684B05BB11C4669B105
:10B1D0000E4B2846D3F8E0602346B047431C0FD0FF
:10B1E00004B070BD00F582740029F1D1074A2346EE
:10B1F000D2F8E06028460A4601A9B047431CEFD1C7
:10B2000000228A2322602B6004B070BD940F0020BE
:10B2100010B582B0049CCDE900344FF0FF3301F04B
:10B22000C7FB02B010BD00BF0EB410B583B005ABB4
:10B23000064C53F8042B01930146206800F0C4F833
:10B2400003B0BDE8104003B0704700BF1C150020DC
:10B250002DE9F04F9368176883B09246002B70D0A9
:10B2600081468A6808680C46083743E0A38913F4CE
:10B27000906F2ED0D4E90416A0EB010806EB460629
:10B2800006EBD67608F1010076102844B04232462B
:10B2900084BF064632465B0537D511464846FBF764
:10B2A0006DF8019000283AD042462169F8F70CFF6A
:10B2B000A289019B22F4906242F08002A281A6EB57
:10B2C000080203EB08006661A260236120602E463D
:10B2D000A84642465946FCF775F9DAF80830A268E4
:10B2E0002068921B40445B1BA2602060CAF80830B3
:10B2F0003BB3083757E902B5002DFAD0AA421646EB
:10B300009046B3D92E46A846E3E74846FBF7F2FA43
:10B3100003460028D3D121694846FCF7AFFBA38937
:10B320000C2243F04003C9F800204FF0FF30A38106
:10B3300000220023CAF80820CAF8043003B0BDE890
:10B34000F08F00200023CAF8043003B0BDE8F08F6E
:10B350002DE9F84F4B6E9C0490462DD593681268EA
:10B3600043B38B46064602F1080959E9025A5FEADF
:10B370009A0715D0043D002401E0A7420ED055F8ED
:10B38000041F5A46304601F05BFA431C04F10104E5
:10B39000F3D10023C8E90133BDE8F88FD8F80830AD
:10B3A0002AF0030AA3EB0A03C8F8083009F10809D8
:10B3B000002BDAD10020ECE701F00CF80023C8E9FB
:10B3C0000133BDE8F88F00BF2DE9F04F2DED028B62
:10B3D000C5B00DF1500A834608EE101A164600213A
:10B3E000082250461C460793FCF768F9BBF1000F92
:10B3F00004D0DBF83430002B00F0A08618EE102AC1
:10B40000536EDB0740F11385B2F90C108AB2950434
:10B410000BD418EE103A41F4005199815B6E8AB258
:10B4200018EE101A23F400534B66100740F1058103
:10B4300018EE103A1B69002B00F0FF8002F01A038F
:10B440000A2B00F00A810023CDE91933CDE90D3331
:10B450001BAA0C93189291460B930593B046444651
:10B46000A84BD3F8E450FCF7ADF92246034612A9E5
:10B47000CDF800A05846A847002800F04581C0F24A
:10B480003981129A252A034601D01C44E8E7B4EB1F
:10B490000806054640F03C81002361788DF8433072
:10B4A00004F1010806934FF0FF371E462B2408F1E4
:10B4B0000108A1F120035A2B00F27881DFE813F094
:10B4C000B50276017601B0027601760176016A0056
:10B4D000760176017D028D0276018802970276015F
:10B4E00092025B005B005B005B005B005B005B004B
:10B4F0005B005B00760176017601760176017601CC
:10B500007601760176015C0284007601760176018F
:10B510007601760176017601760176017601E80002
:10B5200076017601760133027601DA027601760140
:10B530008B0576017601760176017601760176013A
:10B540007601760176015C0286007601760176014D
:10B55000CD0286007F007601C0027601FD02EA007E
:10B56000ED027F00760133027C00690576017601E9
:10B570006B0576017C00A1F13003002218F8011B55
:10B5800002EB820203EB4202A1F13003092BF5D951
:10B5900006928EE75846FEF71FFE43680D93184645
:10B5A000FCF7AEF90E9005465846FEF715FE836887
:10B5B0000B93002D40F0D68498F8001077E798F8A8
:10B5C000001046F0200672E746F01006B40640F17F
:10B5D0008E81079B073323F007031A46596852F8F8
:10B5E000083B07920A460029C0F27084791C00F0DB
:10B5F000A28526F08001039153EA020100F03F8406
:10B600000A2B72F1000180F0418530338DF80F3143
:10B61000039E012304930DF20F14049BBB42B8BF99
:10B620003B460393002308939DF84330002B00F022
:10B63000CB80039B01330393C6E018EE101A5846E3
:10B6400018EE105A01F040F8002840F05286AA89FE
:10B6500002F01A030A2B7FF4F6AE18EE101AB1F9B5
:10B660000E30002BFFF6EFAE4B6EDB0702D49705D2
:10B6700040F1128618EE101A23463246584600F062
:10B6800069FE0590059845B0BDEC028BBDE8F08FD2
:10B6900046F0100616F0200200F03681079B0733B3
:10B6A00023F0070319465A6851F8083B079126F41E
:10B6B00080610391002100208DF84300781C00F088
:10B6C0001082039820F0800653EA020040F00882BE
:10B6D000002F40F03885002940F0D583039B13F0FC
:10B6E0000103049300F0118430238DF80F310DF223
:10B6F0000F1492E7082200215046FBF7DFFF0123D9
:10B700001C44ADE6940F0020B4EB080605461BD0A0
:10B71000199B1A9A01333244072BC9E900861A9201
:10B7200019931CDD002A00F0A68318EE101A18AA3F
:10B730005846FFF70DFE20BB0DF16C09059B334405
:10B740000593002D7FF4A8AE1A9B002B40F0C18515
:10B7500018EE103A0022B3F90C30199215E009F1F5
:10B760000809EBE718EE101A18AA5846FFF7F0FD83
:10B77000002800F0A680089B1BB108995846FCF7EA
:10B780007DF918EE103AB3F90C3018EE102A526E0B
:10B7900012F0010F9AB200F0A080500600F1B285BD
:10B7A000059845B0BDEC028BBDE8F08F0029CBD0E9
:10B7B00000238DF843300123CDE903338DF8AC101D
:10B7C0002BAC002308931F4616F00203099302D006
:10B7D000039B0233039316F084030A9305D1069B5F
:10B7E000039A9D1A002D00F37B82DDE91903411CA9
:10B7F0009DF8432082B101220133C9F804200729B2
:10B800000DF14302CDE91913C9F8002000F34A8273
:10B81000084609F108090131099AE2B111AA023377
:10B82000C9F8002007294FF00202CDE91913C9F821
:10B83000042040F35082002B00F0438318EE101ACE
:10B8400018AA5846FFF784FD002894D1DDE91903B2
:10B850000DF16C09411C0A9A802A00F08481049A37
:10B86000BD1A002D00F3D781049AC9F80040134493
:10B870000729CDE91913C9F8042040F36E81002B84
:10B8800000F0758218EE101A18AA5846FFF760FDEE
:10B8900000287FF470AF1A9B0DF16C09750705D570
:10B8A000069A0399541A002C00F36B82DDE90521F6
:10B8B00003988142ACBF521812180592002B7FF4F6
:10B8C00051AF089900231993002900F04981584687
:10B8D000FCF7D4F80DF16C09C1E59C053FF55DAFAF
:10B8E00018EE104AA06DFCF709F8A28955E7F0069A
:10B8F000079A00F11F83710640F1198332F9043B66
:10B900000792DA1711466EE616F01003079940F019
:10B91000098316F0400000F001831A4651F8043BF9
:10B9200007919BB2C3E6079B1A4600238DF843306C
:10B93000134653F8044B0393002C00F01284532950
:10B9400000F0658316F0100540F061837B1C00F069
:10B95000B3843A4629462046FEF742FC0890002868
:10B9600000F09F84031B039A049323EAE3732F469A
:10B9700007920393089557E6432902D0F50640F154
:10B980002D83079D0822002116A82BACFBF796FEFD
:10B9900016AB55F8042B21465846FFF713FC034617
:10B9A0000133049000F0B384049B079523EAE3730A
:10B9B000039300238DF8433003E7079B53F8042BD0
:10B9C0000692002A80F29C82069A5242CDE9062312
:10B9D00098F8001046F0040669E598F800108DF814
:10B9E000434064E598F8001046F080065FE5424663
:10B9F00012F8011B2A2900F09684A1F13003092BCB
:10BA000090464FF000073FF654AD18F8011B07EBC6
:10BA1000870703EB4707A1F13003092BF5D948E568
:10BA200098F8001046F0010641E59DF84330002BE0
:10BA30007FF4C2AD202398F800108DF8433036E52E
:10BA400098F800106C2903BF98F8011046F0200602
:10BA500008F1010846F0100629E598F80010682959
:10BA600003BF98F8011046F4007608F1010846F08B
:10BA700040061CE546F010030393039B13F02002DD
:10BA800000F00682079B073323F0070319465A6824
:10BA900051F8083B079101210DE6079A46F0020391
:10BAA000039352F8043B079247F63002ADF8442066
:10BAB000B84A0C9202210022FDE5B70600F1488247
:10BAC000F50600F14683740600F1D583B00540F118
:10BAD0004083079B059953F8042B07931170BEE42C
:10BAE000039601293FF48CAD022944AC11D10C9886
:10BAF00003F00F011B09415C04F8011D43EA0273C6
:10BB0000120953EA0201F3D1039E44AB1B1B0493B9
:10BB100083E503F00701DB0843EA4273D2083031C2
:10BB200053EA0205204604F8011DF2D1039EF307F3
:10BB3000EBD53029E8D03023023804F8013C44AB7F
:10BB40001B1A039E0493044667E5049B1B94012281
:10BB50001C931A9319920DF16C0909F108099DE6DD
:10BB60000DF16C097BE4069A039D551B002D7FF7B0
:10BB700076AE102D40F3BB83099418EE104A07E00F
:10BB800000F1020C09F108091046103D102D1EDDD0
:10BB90008149C9F80010421C10331021072ACDE951
:10BBA0001923C9F80410EBDD18AA002B74D0214624
:10BBB00058460DF16C09FFF7CBFB00287FF4DBAD95
:10BBC000DDE91903103D102D00F1010CE0DC099CAA
:10BBD000714AC9F804502B44BCF1070FCDE919C3D1
:10BBE000C9F8002040F39481002B00F01F8318EE69
:10BBF000101A18AA5846FFF7ABFB00287FF4BBAD1C
:10BC0000049ADDE91903BD1A002D00F101010DF1BF
:10BC10006C097FF729AE102D29DD0994102718EE45
:10BC2000104A07E000F1020C09F108091046103D26
:10BC3000102D1ADD421C58491033072AC9E9001794
:10BC4000CDE91923EEDD18AA03B3214658460DF1BC
:10BC50006C09FFF77DFB00287FF48DADDDE919034A
:10BC6000103D102D00F1010CE4DC099C61464A4AAC
:10BC7000C9F804502B440729CDE91913C9F800204D
:10BC800000F3E78009F108090131EDE54FF0010CFF
:10BC900018460DF16C09CAE74FF0010C18460DF17A
:10BCA0006C0972E7002B00F0048118EE101A18AA34
:10BCB0005846FFF74DFB00287FF45DADDDE9190321
:10BCC0000DF16C09411CA7E5022311AA1C931B92DC
:10BCD00001210DF16C09084609F10809411CBAE57A
:10BCE000102D40F3E582DDE919130F94084618EE94
:10BCF000104A07E000F1020C09F108091046103D56
:10BD0000102D1DDD2549C9F80010421C10331021EB
:10BD1000072ACDE91923C9F80410EBDD18AA03B3EB
:10BD2000214658460DF16C09FFF712FB00287FF4FD
:10BD300022ADDDE91903103D102D00F1010CE1DC0D
:10BD40000F9C6046154AC9F804502B440728CDE9DA
:10BD50001903C9F8002000F3C18009F10809411C4A
:10BD600046E518464FF0010C0DF16C09C7E7760760
:10BD7000199353D5069A0399541A002C4EDD0DF1F0
:10BD80006C09102C40F3B082199918EE106A102536
:10BD90000DE000BFA4060020840A00200807002050
:10BDA000881C09F108091146103C102C1ADD4A1CA8
:10BDB000B3481033072AC9E90005CDE91923EFDD9F
:10BDC00018AA33B331465846FFF7C2FA00287FF469
:10BDD000D2ACDDE91913103C102C01F101000DF17A
:10BDE0006C09E4DCA64AC9F8044023440728CDE9DD
:10BDF0001903C9F800207FF759AD7BB118EE101A6E
:10BE000018AA5846FFF7A4FA00287FF4B4AC1A9B8E
:10BE10004CE5012019460DF16C09C5E7DDE9053255
:10BE200003998A42ACBF9B185B18059349E5B2F9A8
:10BE30000C108F0518EE103A8AB23FF5E8AA18EEFA
:10BE4000105A986DFBF758FDB5F90C108AB2FFF740
:10BE5000DEBA002B3FF479AE18EE101A18AA584635
:10BE6000FFF776FA00287FF486AC19991A9B013106
:10BE70000DF16C09F8E419920DF16C095EE4002FE4
:10BE80007FF4C3AB039E0027049744ACFFF7C5BB08
:10BE9000039B13F0100354D1039A12F0400000F0FA
:10BEA0006B8107991A4651F8043B07919BB2012117
:10BEB00001E4099A002A64D1184601210DF16C09A8
:10BEC000C9E4012118460DF16C09C4E45B4262EB40
:10BED000420203962D200121FFF7EEBB002B00F05C
:10BEE000888018EE101A18AA5846FFF731FA002871
:10BEF0007FF441ACDDE919030DF16C09411C77E4D5
:10BF000098F800100793FFF7D2BA44ACFFF785BB4F
:10BF100009F108090CF101016046A0E416F4007271
:10BF200040F0978151F8043B0791FFF7C0BBB30580
:10BF300000F1888152F8043B0792DA171146FFF7A7
:10BF400052BB079951F8043B07910121FFF7B3BB9E
:10BF5000079B059853F8041B0793C217C1E9000219
:10BF6000FFF77DBA0B9B002B3FF426AB0B9B1B7896
:10BF7000002B3FF421AB98F8001046F48066FFF7E1
:10BF800096BA022311AA1C931B9201200DF16C0991
:10BF9000A2E6039671E53B4B0C9316F0200259D0B4
:10BFA000079B073323F0070318465A6850F8083BED
:10BFB0000790F40709D553EA020006D08DF8451022
:10BFC000302146F002068DF8441026F4806103917A
:10BFD0000221FFF770BB2C4B0C93DEE7079B01217E
:10BFE00053F8042B03918DF8AC20079304912BACEC
:10BFF000DFE49DF84320002A40F03281099A002AAC
:10C000007FF462AE184601210DF16C0927E400218E
:10C01000082216A81394FBF751FB791C00F0BC8092
:10C02000002507942C460CE02BA95846FFF7CAF8C8
:10C03000421C204400F06B81B84208DC00F07081A3
:10C040000446139A525916AB0435002AECD10494D5
:10C05000079CAFE016F0100307980CD116F04004CF
:10C0600005D01A4650F8043B07909BB2A1E716F49E
:10C07000007240F0E18050F8043B079099E700BF60
:10C0800008070020A4060020B806002003990497A2
:10C0900044AC9E4608EE90BA01F480664FF0000C66
:10C0A000234606E0BEF10A0F72F1000239D3A6461C
:10C0B0002A46A6491EEB020040F100000F46A1FBF4
:10C0C000001424F0030101EB9401401ABEEB0001BF
:10C0D0004FF0CC3562F1000405FB01F507FB045578
:10C0E000A1FB07410D44052704F00101A1FB071B3B
:10C0F00009186408303103F8011C44EAC5740CF1D6
:10C10000010C013B6D08002ECCD00B9909786145DC
:10C11000C8D1BCF1FF0FC5D0BEF10A0F72F1000209
:10C120006CD21C4644AB1B1B049F039E049318EE69
:10C1300090BAFFF772BA0396FFF762BA5846FBF758
:10C1400075F9FFF75BB9012903967FF4CDACFFF7D2
:10C150005CBA079B059953F8042B11600793FFF70E
:10C160007EB9062F3B46039A794C079228BF0623D7
:10C1700004930393FFF725BB039B079913F4007205
:10C1800014BF51F8043B51F8043B07911CBF024611
:10C19000DBB20121FFF78FBA16AB009300231946DB
:10C1A00013AA5846FFF734F803460133049000F011
:10C1B000AE801394049B002B30D0632B63DC0023F0
:10C1C00008932BAC0822002116A8FBF777FA049DF0
:10C1D00016AB009313AA2B4621465846FFF718F8D2
:10C1E000854240F0AB80039B049A07930023A3543D
:10C1F0001F4622EAE2730393FFF716BA0E9A0D99CF
:10C200009B1A18460893FBF7ABFA0B99089B4A78E0
:10C210000AB101310B914FF0000C48E7039B0793E3
:10C22000049B03931F460893FFF7FEB901211846AC
:10C230000DF16C09FFF713BB50F8043B0790224641
:10C24000DBB2B6E612F9043B0792DA171146FFF7A4
:10C25000CAB951F8043B07910246DBB2FFF727BA8F
:10C2600001231C9301210DF143031B930DF16C0974
:10C270000B46FFF7CDBA079B059953F8042B07939C
:10C280001180FFF7ECB8591C5846FAF777F80446C6
:10C2900000283CD0089095E7886DFBF72FFBFFF74F
:10C2A000E9B9039B0793CDE90377089FFFF7BCB972
:10C2B00019981A9B013045E5039B07932046FBF72D
:10C2C0001FFB20EAE0732F46049003930895FFF7C5
:10C2D000ABB918EE101A18AA5846FFF739F800281B
:10C2E0003FF436AAFFF74DBA199801307AE58C462B
:10C2F0006EE46B6ED90705D4AB899A0502D4A86D9C
:10C30000FBF7FCFA4FF0FF330593FFF749BA18EE3D
:10C31000102AB2F90C3043F040039381FFF735BA8D
:10C32000079C049746E7079B98F8011053F8047B95
:10C330000793904647EAE777FFF7B9B818EE102A57
:10C34000938943F040039381FFF715BACDCCCCCC51
:10C35000CC06002070B50C468989ADF58E6D21F0B4
:10C360000201ADF81410616E1B91E189ADF8161051
:10C37000E1690991616A0B911CA9029106914FF440
:10C38000806106460491079118A80021CDE900328A
:10C390000891FBF7ADFADDE9003202A93046FFF75C
:10C3A00013F8051E07DB02A93046FDF7EBFE002857
:10C3B00018BF4FF0FF35BDF814305B0603D5A389D5
:10C3C00043F04003A3811898FBF794FA28460DF533
:10C3D0008E6D70BD9368002B00F085802DE9F04FC5
:10C3E000B1F90C300C461907804683B0174698B255
:10C3F00025D523691BB310F002033D682DD04FF003
:10C40000000ADFF8C0B25646B9465E45334652468A
:10C4100028BF5B464046002E52D0E169676AB847A4
:10C42000002856DDD9F808301B1A8244361AC9F89C
:10C430000830002BE9D1002003B0BDE8F08F214681
:10C44000404600F041F9002840F03881B4F90C3042
:10C450003D6898B210F00203D1D110F0010944D127
:10C460004E46009746B38205D4F808B040F1858067
:10C47000B3455A4600F2B48010F4906F40F0C1808A
:10C48000206801924946FBF79DF8A368019AA3EB47
:10C490000B012368A1601344B24623600026009A72
:10C4A0009368A3EB0A03D1449360002BC3D0B4F983
:10C4B0000C0080B2002ED6D1D5E900960835D1E720
:10C4C000D5E900A60835A0E721464046FDF75AFE0B
:10C4D00088B3B4F90C3043F040034FF0FF30A38130
:10C4E00003B0BDE8F08F002070471E46BA4699465B
:10C4F000184600951F4666B3002832D04A46D4E954
:10C5000004132068A568B24228BF3246884204D985
:10C5100005EB030B5A4500F3A780934264DCE16905
:10C52000656A3A464046A847B0F1000BD1DDB9EB49
:10C530000B09C9D00120DAF80830A3EB0B035F44E4
:10C54000A6EB0B06CAF80830002B3FF474AF002EA0
:10C55000D2D1009A5668134608320092002EF8D0C5
:10C560001F6832460A213846FDF73AFE002800F0DF
:10C570009C800130A0EB0709C0E72068236998423E
:10C5800016D86269B24213D86FF00043B34228BF95
:10C590003346E16993FBF2F3676A02FB03F340461B
:10C5A0004A46B847B0F1000A93DDA6EB0A0676E7E3
:10C5B000B345DA4628BFB24652464946FBF702F871
:10C5C000A3682268A3EB0A035244A3602260002BF5
:10C5D000EBD121464046FDF7D5FD0028E5D078E7B0
:10C5E0002068B34632464CE739460192FAF7EAFF33
:10C5F000019AA3689B1AA36023681344236093469F
:10C6000095E723682169A3EB010B636903EB430AF8
:10C610000AEBDA7A0BF101034FEA6A0A3344534515
:10C62000524684BF9A46524643052CD51146404691
:10C63000F9F7A4FE00283BD05A4621690190F7F78C
:10C6400043FDA289019B22F4906242F08002A28104
:10C6500003EB0B002361AAEB0B03C4F814A0A36047
:10C660002060B34632460CE739465A46FAF7AAFF2D
:10C6700023685B44236021464046FDF783FD002884
:10C680003FF455AF25E74046FAF734F90346002852
:10C69000DED121694046FBF7F1F9B4F90C300C22E8
:10C6A00023F08003C8F8002015E7721C914626E7A6
:10C6B0000C22B4F90C30C8F800200CE74FF0FF3022
:10C6C000BAE600BF00FCFF7F38B5314B1B6805465A
:10C6D0000C4613B15A6B002A4ED0B4F90C3018072F
:10C6E0009AB21CD5216929B312F0010007D00020AD
:10C6F000A06060694042A06139B1002038BD950753
:10C7000058BF6069A0600029F7D1120658BF0846DB
:10C71000F4D543F04003A3814FF0FF3038BDD1067C
:10C720002ED5520714D4216943F00803A3819AB28D
:10C730000029D9D102F42070B0F5007FD4D0214671
:10C74000284600F047F9B4F90C3021699AB2CBE7DA
:10C75000216B51B104F14002914204D02846FBF70D
:10C760008DF9B4F90C300022226321690022C4E95A
:10C77000001223F02403D7E71846FAF757FEACE778
:10C78000092243F040032A604FF0FF30A38138BDF7
:10C790001C1500202DE9F04782B0824688461446D9
:10C7A000FBF710F8012803D108F1FF33FE2B36D92F
:10C7B0000DF10409424604F15C0349465046FEF778
:10C7C00001FD421C064632D020B39DF804C000256E
:10C7D00009E023685A1C226083F800C00135B54285
:10C7E00018D219F801CFA368013B002BA360F0DA3F
:10C7F000A769BB4261462246504602DBBCF10A0FE4
:10C80000E7D100F053F9431CE8D10646304602B0A8
:10C81000BDE8F0874646304602B0BDE8F0875FFAD3
:10C8200088FC8DF804C006460DF10409CFE7A38902
:10C83000304643F04003A38102B0BDE8F08700BF5B
:10C8400030B5536E13F0010FB2F90C30144683B0BB
:10C8500005469AB201D198051CD5900406D4626EA3
:10C8600043F4005342F40052A381626622462846F4
:10C87000FFF790FF636EDA07054602D4A3899B0594
:10C8800002D5284603B030BDA06DFBF737F8284627
:10C8900003B030BDA06D0191FBF72EF8B4F90C3058
:10C8A00001999AB2D9E700BF2DE9F04F8BB0DDE9CD
:10C8B000158A149F0391814605921E46B8F1000F18
:10C8C0005CD0039B002B5ED0059B1D68002F6AD0B7
:10C8D000741E4EB3039B0493043D002601950BE0A8
:10C8E000039B2BBB019B1A68002A3AD0BC455CD243
:10C8F000013C631C664617D0D8F800300293019BB8
:10C90000DAF8E05053F8042F019307A9434648464C
:10C91000D8F804B0A847421C3AD000EB060CBC453E
:10C92000DED9029BC8E9003B30460BB0BDE8F08F72
:10C9300000280EDD049B019D18445A1E07A900F132
:10C94000FF3E11F8013B02F8013F7245F9D1019514
:10C950000490059B1A6804321A60019B1A68002A29
:10C96000C4D1039B0BB1059B1A600CF1FF3600226A
:10C970003046C8F800200BB0BDE8F08F039B00F5EF
:10C980008678002BA0D1059B4FF0FF371D689FE7ED
:10C9900006468A2100223046C9F80010C8F8002057
:10C9A0000BB0BDE8F08F3E46BEE76646BCE700BF71
:10C9B00010B584B0054C0698009007980190044883
:10C9C00000680294FFF770FF04B010BD940F0020C0
:10C9D0001C1500202DE9F0418B890C46990796B073
:10C9E00008D504F143030122C4E90432236016B0E0
:10C9F000BDE8F081B4F90E100029064625DB6A4631
:10CA000000F0ACF800281FDB019D05F47045A5F58A
:10CA10000055B5FA85F54FF480686D094FF400674D
:10CA200041463046F9F7AAFCE0B1B4F90C30C4F83D
:10CA3000148043F0800320602061A38135BB3B4319
:10CA4000A38116B0BDE8F081A38913F0800519D049
:10CA50004FF040080025414630462F46F9F78EFC3E
:10CA60000028E2D1B4F90C309A05C0D423F00303B6
:10CA700004F1430243F002030121C4E90421A3812C
:10CA80002260B4E74FF480682F46C9E7B4F90E106E
:10CA9000304600F079F810B9B4F90C30CFE7A3892B
:10CAA00023F0030343F001031BB2C8E7F8B50D46BA
:10CAB0001446064610B1436B002B4CD0B4F90C2041
:10CAC000A369A360170790B21BD52369CBB1EDB260
:10CAD00081042F4622D522686169D31A994229DD43
:10CAE0000133A1680139A160511C21601570626990
:10CAF0009A4227D0A389DB0701D50A2D22D03846D8
:10CB0000F8BD21463046FFF7DFFD08BBB4F90C2025
:10CB1000236990B2EDB281042F46DCD442F4005276
:10CB2000A281626E616922F4005262662268D31AA1
:10CB30009942D5DC21463046FDF724FB40B92268F6
:10CB40000123CEE721463046FDF71CFB0028D6D056
:10CB50004FF0FF37D3E7FAF769FCAFE770B50C4643
:10CB6000084D03460026204611461C462E60F7F766
:10CB700015FD431C00D070BD2B68002BFBD023603B
:10CB800070BD00BF7C1F002038B5074D0022044651
:10CB900008462A60F7F708FD431C00D038BD2B6813
:10CBA000002BFBD0236038BD7C1F0020000000005C
:10CBB0005FF800F0291700605FF800F07D1B00604F
:10CBC0005FF800F0D11B00600000000000000000D2
:04CBD000F8B500BFF5
:10CBD4000000000000000000000000000000000051
:10CBE4000000000000000000000000000000000041
:10CBF4000000000000000000000000000000000031
:10CC04000000000000000000000000000000000020
:10CC14000000000000000000000000000000000010
:10CC24000000000000000000000000000000000000
:10CC340000000000000000000000000000000000F0
:10CC440000000000000000000000000000000000E0
:10CC540000000000000000000000000000000000D0
:10CC640000000000000000000000000000000000C0
:10CC740000000000000000000000000000000000B0
:10CC840000000000000000000000000000000000A0
:10CC94000000000000000000000000000000000090
:10CCA4000000000000000000000000000000000080
:10CCB4000000000000000000000000000000000070
:10CCC4000000000000000000000000000000000060
:10CCD4000000000000000000000000000000000050
:10CCE4000000000000000000000000000000000040
:10CCF4000000000000000000000000000000000030
:10CD0400000000000000000000000000000000001F
:10CD1400000000000000000000000000000000000F
:10CD240000000000000000000000000000000000FF
:10CD340000000000000000000000000000000000EF
:10CD440000000000000000000000000000000000DF
:10CD540000000000000000000000000000000000CF
:10CD640000000000000000000000000000000000BF
:10CD740000000000000000000000000000000000AF
:10CD8400000000000000000000000000000000009F
:10CD9400000000000000000000000000000000008F
:10CDA400000000000000000000000000000000007F
:10CDB400000000000000000000000000000000006F
:10CDC400000000000000000000000000000000005F
:10CDD400000000000000000000000000000000004F
:10CDE400000000000000000000000000000000003F
:10CDF400000000000000000000000000000000002F
:10CE0400000000000000000000000000000000001E
:10CE1400000000000000000000000000000000000E
:10CE240000000000000000000000000000000000FE
:10CE340000000000000000000000000000000000EE
:10CE440000000000000000000000000000000000DE
:10CE54000080E03779C34143176E05B5B5B89346F2
:10CE6400F5F93FE9034F384D321D30F94877825ABE
:10CE74003CBF737FDD4F1575000000000000F03FDC
:10CE840000000000000024400000000000005940A1
:10CE94000000000000408F40000000000088C340F4
:10CEA40000000000006AF8400000000080842E4169
:10CEB40000000000D01263410000000084D79741B5
:10CEC4000000000065CDCD41000000205FA00242BB
:10CED400000000E876483742000000A2941A6D4230
:10CEE400000040E59C30A2420000901EC4BCD64223
:10CEF40000003426F56B0C430080E03779C34143CE
:10CF040000A0D8855734764300C84E676DC1AB4343
:10CF1400003D9160E458E143408CB5781DAF154461
:10CF240050EFE2D6E41A4B4492D54D06CFF080443C
:10CF3400F64AE1C7022DB544B49DD9794378EA4451
:10CF4400483624124533210F42301E0C3F2D1B0955
:10CF54003C2A180639271503473523114432200E7D
:10CF6400412F1D0B3E2C1A083B29170538261402A5
:10CF74004634221043311F0D402E1C0A3D2B190745
:10CF84003A28160437251301DB0F49BFE4CB1640BA
:10CF9400E4CB16C000000080DB0F4940DB0F49C022
:10CFA400256470696E313A25640000002C25647094
:10CFB400696E323A256400002C756E6C6F636B6584
:10CFC400643A25642C647A56616C75653A25642C40
:10CFD40064656C74613A25642C73696E63654D6F86
:10CFE40076653A256400000000000000000000009F
:10CFF400151C00000531000001310000FD30000067
:10D00400F9300000F5300000F1300000ED30000090
:10D014000000000000000000B5160000C516000066
:10D0240000000000000000001D1800004918000066
:10D03400D117000019180000D5170000E1170000EF
:10D04400011800002C2066756E6374696F6E3A20B7
:10D0540000000000617373657274696F6E2022258D
:10D064007322206661696C65643A2066696C652088
:10D07400222573222C206C696E6520256425732576
:10D08400730A000042616C6C6F632073756363659F
:10D0940065646564000000002F646174612F6A6533
:10D0A4006E6B696E732F776F726B73706163652F2C
:10D0B400474E552D746F6F6C636861696E2F617292
:10D0C4006D2D31312F7372632F6E65776C69622D0C
:10D0D40063796777696E2F6E65776C69622F6C6907
:10D0E40062632F7374646C69622F6D707265632E52
:10D0F4006300000000202020202020202020282859
:10D104002828282020202020202020202020202003
:10D114002020202020881010101010101010101043
:10D124001010101010040404040404040404041073
:10D134001010101010104141414141410101010101
:10D1440001010101010101010101010101010101CB
:10D1540010101010101042424242424202020202D7
:10D16400020202020202020202020202020202029B
:10D17400101010102000000000000000000000004B
:10D18400000000000000000000000000000000009B
:10D19400000000000000000000000000000000008B
:10D1A400000000000000000000000000000000007B
:10D1B400000000000000000000000000000000006B
:10D1C400000000000000000000000000000000005B
:10D1D400000000000000000000000000000000004B
:10D1E400000000000000000000000000000000003B
:10D1F4000000000000000000496E66696E697479E1
:10D20400000000004E614E002F646174612F6A6556
:10D214006E6B696E732F776F726B73706163652FBA
:10D22400474E552D746F6F6C636861696E2F617220
:10D234006D2D31312F7372632F6E65776C69622D9A
:10D2440063796777696E2F6E65776C69622F6C6995
:10D2540062632F7374646C69622F64746F612E63EC
:10D2640000000000494E4600696E66004E414E00C3
:10D274006E616E003031323334353637383961629D
:10D28400636465660000000030313233343536376C
:10D29400383941424344454600000000286E756C0D
:10D2A4006C290000300000003863ED3EDA0F493F7E
:10D2B4005E987B3FDA0FC93F6937AC31682122336E
:10D2C400B40F14336821A2332020202020202020F2
:10D2D400202020202020202020202020202020204A
:10D2E400202020202020202000000042C8801F4051
:10D2F400B8821F400800000000000042C4801F40A4
:10D30400B4821F400400000000C0004224801F407B
:10D3140014821F401000000000C0004228801F40FB
:10D3240018821F402000000000C000422C801F40D3
:10D334001C821F404000000000C0004234801F4097
:10D3440024821F40000100000040004264811F400D
:10D3540054831F40000400000040004280811F40AD
:10D3640070831F4000000200004000427C811F4087
:10D374006C831F40000001000040004268811F4090
:10D3840058831F4000080000004000423C811F40B9
:10D394002C831F40010000000040004244811F40D4
:10D3A40034831F40040000000040004240811F40BD
:10D3B40030831F40020000000040004248811F40AB
:10D3C40038831F40080000000000004204811F4011
:10D3D400F4821F40000004000000004208811F4046
:10D3E400F8821F40000008000000004218811F401E
:10D3F40008831F40000080000000004214811F4089
:10D4040004831F40000040000000004200811F40D0
:10D41400F0821F400000020000000042FC801F4018
:10D42400EC821F40000001000000004224811F40E4
:10D4340014831F40000000040000004228811F40A4
:10D4440018831F4000000008000000421C811F4098
:10D454000C831F40000000010000004220811F4097
:10D4640010831F400000000200000042EC801F40B7
:10D47400DC821F400010000000000042F0801F40CA
:10D48400E0821F40002000000000004234811F4061
:10D4940024831F40000000400000004238811F40E8
:10D4A40028831F40000000800080004294801F40B9
:10D4B40084821F400000040000C0004290801F408E
:10D4C40080821F400000008000800042A8801F402E
:10D4D40098821F400000800000800042A4801F400A
:10D4E40094821F4000004000004000426C811F40B5
:10D4F4005C831F400010000000C0004230801F40C9
:10D5040020821F408000000000800042C8811F402C
:10D51400B8831F400080000000800042C4811F4087
:10D52400B4831F400040000000800042C0811F40BF
:10D53400B0831F400020000000800042BC811F40D7
:10D54400AC831F400010000000800042D0811F40C7
:10D55400C0831F400000020000800042CC811F40B5
:10D56400BC831F40000001000500000019000000FA
:10D574007D00000007080C0B06050F000D0E0102CC
:10D58400838407080C0B06050F000D0E010283842B
:10D594002E0000004C435F434F4C4C415445000067
:10D5A4004C435F4354595045000000004C435F4DC9
:10D5B4004F4E4554415259004C435F4E554D4552D0
:10D5C400494300004C435F54494D45004C435F4D73
:10D5D40045535341474553000001000020150020E6
:10D5E4001200000000060000741E00600A00000023
:10D5F40000020000DC1D0060950000000007000030
:10D60400441D00609500000000030000401D006000
:10D614000000000001030904281D00600000000050
:10D624000203090434150020000000000303090468
:10D63400441500200000000000000000000000006D
:10D644000000000030303030303030303030303096
:10D6540030303030303030303030303030303030C6
:10D66400303030300000000000000000301E002088
:10D67400981E0020001F0020000000000000000091
:10D684000000000000000000000000000000000096
:10D694000000000000000000000000000000000086
:10D6A4000000000000000000000000000000000076
:10D6B4000000000000000000000000000000000066
:10D6C4000000000000000000000000000000000056
:10D6D4000000000000000000000000000000000046
:10D6E4000000000000000000000000000000000036
:10D6F4000000000000000000000000000000000026
:10D7040001000000000000000E33CDAB34126DE6C2
:10D71400ECDE05000B00000000000000000000002B
:10D7240000000000000000000000000000000000F5
:10D7340000000000000000000000000000000000E5
:10D7440000000000000000000000000000000000D5
:10D7540000000000000000000000000000000000C5
:10D7640000000000000000000000000000000000B5
:10D7740000000000000000000000000000000000A5
:10D7840000000000000000000029DE07007B9A175B
:10D794002004002000000000E80300000000000056
:10D7A4005804002000000000E8030000000000000E
:10D7B40000003F40C01C00600000000000000000AA
:10D7C4000000000000000000000000000000000055
:10D7D4000000000000000000000000000000000045
:10D7E4000000000000000000000000000000000035
:10D7F4000000000000000000000000000000000025
:10D804000000000000000000000000000000000014
:10D814000000000000000000000000000000000004
:10D8240000000000000000000000000000000000F4
:10D8340000000000000000000000000000000000E4
:10D8440000000000000000000000000000000000D4
:10D8540000000000000000000000000000000000C4
:10D8640000000000000000000000000000000000B4
:10D8740000000000000000000000000000000000A4
:10D884000000000000000000000000000000000094
:10D894000000000000000000000000000000000084
:10D8A4000000000000000000000000000000000074
:10D8B4000000000000000000000000000000000064
:10D8C4000000000000000000000000000000000054
:10D8D4000000000000000000000000000000000044
:10D8E4005804002000000000E803000000000000CD
:10D8F40000803F40701C0060000000000000000039
:10D904000000000000000000000000000000000013
:10D914000000000000000000000000000000000003
:10D9240000000000000000000000000000000000F3
:10D9340000000000000000000000000000000000E3
:10D9440000000000000000000000000000000000D3
:10D9540000000000000000000000000000000000C3
:10D9640000000000000000000000000000000000B3
:10D9740000000000000000000000000000000000A3
:10D984000000000000000000000000000000000093
:10D994000000000000000000000000000000000083
:10D9A4000000000000000000000000000000000073
:10D9B4000000000000000000000000000000000063
:10D9C4000000000000000000000000000000000053
:10D9D4000000000000000000000000000000000043
:10D9E4000000000000000000000000000000000033
:10D9F4000000000000000000000000000000000023
:10DA04000000000000000000000000000000000012
:10DA14000000000000000000000000000000000002
:10DA24005804002000000000E8030000000000008B
:10DA340000C03F40201C0060000000000000000007
:10DA440000000000000000000000000000000000D2
:10DA540000000000000000000000000000000000C2
:10DA640000000000000000000000000000000000B2
:10DA740000000000000000000000000000000000A2
:10DA84000000000000000000000000000000000092
:10DA94000000000000000000000000000000000082
:10DAA4000000000000000000000000000000000072
:10DAB4000000000000000000000000000000000062
:10DAC4000000000000000000000000000000000052
:10DAD4000000000000000000000000000000000042
:10DAE4000000000000000000000000000000000032
:10DAF4000000000000000000000000000000000022
:10DB04000000000000000000000000000000000011
:10DB14000000000000000000000000000000000001
:10DB240000000000000000000000000000000000F1
:10DB340000000000000000000000000000000000E1
:10DB440000000000000000000000000000000000D1
:10DB540000000000000000000000000000000000C1
:10DB6400A04420204300000000000000000000004A
:10DB740000000000000000000000000000000000A1
:10DB8400000000004300000000000000000000004E
:10DB94000000000000000000000000000000000081
:10DBA400000000004300000000000000000000002E
:10DBB4000000000000000000000000000000000061
:10DBC400000000004300000000000000000000000E
:10DBD4000000000000000000000000000000000041
:10DBE40000000000430000000000000000000000EE
:10DBF4000000000000000000000000000000000021
:10DC040000000000430000000000000000000000CD
:10DC14000000000000000000000000000000000000
:10DC240000000000430000000000000000000000AD
:10DC340000000000000000000000000000000000E0
:10DC440000000000AD650000095E00000000000057
:10DC540024050020C0090020800400208004002046
:10DC64008004002080040020800400208004002020
:10DC7400800400208004002080040020FFFFFFFFB8
:10DC8400FFFFFFFFFFFFFFFFFFFF00000100415305
:10DC940043494900000000000000000000000000AB
:10DCA40000000000000000000000000000004153DC
:10DCB400434949000000000000000000000000008B
:10DCC4000000000000000000000000000000000050
:10DCD40000000000000000000011002000110020DE
:10DCE400081100200811002010110020101100203C
:10DCF40018110020181100202011002020110020EC
:10DD0400281100202811002030110020301100209B
:10DD1400381100203811002040110020401100204B
:10DD240048110020481100205011002050110020FB
:10DD340058110020581100206011002060110020AB
:10DD4400681100206811002070110020701100205B
:10DD5400781100207811002080110020801100200B
:10DD640088110020881100209011002090110020BB
:10DD74009811002098110020A0110020A01100206B
:10DD8400A8110020A8110020B0110020B01100201B
:10DD9400B8110020B8110020C0110020C0110020CB
:10DDA400C8110020C8110020D0110020D01100207B
:10DDB400D8110020D8110020E0110020E01100202B
:10DDC400E8110020E8110020F0110020F0110020DB
:10DDD400F8110020F8110020001200200012002089
:10DDE4000812002008120020101200201012002037
:10DDF40018120020181200202012002020120020E7
:10DE04002812002028120020301200203012002096
:10DE14003812002038120020401200204012002046
:10DE240048120020481200205012002050120020F6
:10DE340058120020581200206012002060120020A6
:10DE44006812002068120020701200207012002056
:10DE54007812002078120020801200208012002006
:10DE640088120020881200209012002090120020B6
:10DE74009812002098120020A0120020A012002066
:10DE8400A8120020A8120020B0120020B012002016
:10DE9400B8120020B8120020C0120020C0120020C6
:10DEA400C8120020C8120020D0120020D012002076
:10DEB400D8120020D8120020E0120020E012002026
:10DEC400E8120020E8120020F0120020F0120020D6
:10DED400F8120020F8120020001300200013002084
:10DEE4000813002008130020101300201013002032
:10DEF40018130020181300202013002020130020E2
:10DF04002813002028130020301300203013002091
:10DF14003813002038130020401300204013002041
:10DF240048130020481300205013002050130020F1
:10DF340058130020581300206013002060130020A1
:10DF44006813002068130020701300207013002051
:10DF54007813002078130020801300208013002001
:10DF640088130020881300209013002090130020B1
:10DF74009813002098130020A0130020A013002061
:10DF8400A8130020A8130020B0130020B013002011
:10DF9400B8130020B8130020C0130020C0130020C1
:10DFA400C8130020C8130020D0130020D013002071
:10DFB400D8130020D8130020E0130020E013002021
:10DFC400E8130020E8130020F0130020F0130020D1
:10DFD400F8130020F813002000140020001400207F
:10DFE400081400200814002010140020101400202D
:10DFF40018140020181400202014002020140020DD
:10E00400281400202814002030140020301400208C
:10E01400381400203814002040140020401400203C
:10E0240048140020481400205014002050140020EC
:10E03400581400205814002060140020601400209C
:10E04400681400206814002070140020701400204C
:10E0540078140020781400208014002080140020FC
:10E0640088140020881400209014002090140020AC
:10E074009814002098140020A0140020A01400205C
:10E08400A8140020A8140020B0140020B01400200C
:10E09400B8140020B8140020C0140020C0140020BC
:10E0A400C8140020C8140020D0140020D01400206C
:10E0B400D8140020D8140020E0140020E01400201C
:10E0C400E8140020E8140020F0140020F0140020CC
:10E0D400F8140020F8140020FFFFFFFF00000200E6
:10E0E4000000000003000000301E0020980A0020F9
:10E0F40012010002EF020140C016890479020102F4
:10E104000301000010034F00740074006F007000DE
:10E114006F0074000C030000000000000000000009
:10E1240000000000000000000000010000000000EA
:10E1340000000000000000000000000000000000DB
:10E1440000000000000000000000000000000000CB
:10E1540000000000000000000000000000000000BB
:10E1640000000000000000000000000000000000AB
:10E17400000000000000000000000000000000009B
:10E18400000000000000000000000000000000008B
:10E19400000000000000000000000000000000007B
:10E1A400000000000000000000000000000000006B
:10E1B400000000000000000000000000000000005B
:10E1C400000000000000000000000000000000004B
:10E1D400000000000000000000000000000000003B
:10E1E400000000000000000000000000000000002B
:10E1F400000000000000000000000000000000001B
:10E20400000000000000000000000000000000000A
:10E2140000000000000000000000000000000000FA
:10E2240000000000000000000000000000000000EA
:10E2340000000000000000000000000000000000DA
:10E2440000000000000000000000000000000000CA
:10E2540000000000000000000000000000000000BA
:10E2640000000000000000000000000000000000AA
:10E27400000000000000000000000000000000009A
:10E28400000000000000000000000000000000008A
:10E29400000000000000000000000000000000007A
:10E2A400000000000000000000000000000000006A
:10E2B400000000000000000000000000000000005A
:10E2C400000000000000000000000000000000004A
:10E2D400000000000000000000000000000000003A
:10E2E400000000000000000000000000000000002A
:10E2F400000000000000000000000000000000001A
:10E304000000000000000000000000000000000009
:10E3140000000000000000000000000000000000F9
:10E3240000000000000000000000000000000000E9
:10E3340000000000000000000000000000000000D9
:10E3440000000000000000000000000000000000C9
:10E3540000000000000000000000000000000000B9
:10E3640000000000000000000000000000000000A9
:10E374000000000000000000000000000000000099
:10E384000000000000000000000000000000000089
:10E394000000000000000000000000000000000079
:10E3A4000000000000000000000000000000000069
:10E3B4000000000000000000000000000000000059
:10E3C4000000000000000000000000000000000049
:10E3D4000000000000000000000000000000000039
:10E3E4000000000000000000000000000000000029
:10E3F4000000000000000000000000000000000019
:10E404000000000000000000000000000000000008
:10E4140000000000000000000000000000000000F8
:10E4240000000000000000000000000000000000E8
:10E4340000000000000000000000000000000000D8
:10E4440000000000000000000000000000000000C8
:10E4540000000000000000000000000000000000B8
:10E4640000000000000000000000000000000000A8
:10E474000000000000000000000000000000000098
:10E484000000000000000000000000000000000088
:10E494000000000000000000000000000000000078
:10E4A4000000000000000000000000000000000068
:10E4B4000000000000000000000000000000000058
:10E4C4000000000000000000000000000000000048
:10E4D4000000000000000000000000000000000038
:10E4E4000000000000000000000000000000000028
:10E4F4000000000000000000000000000000000018
:10E504000000000000000000000000000000000007
:10E5140000000000000000000000000000000000F7
:10E5240000000000000000000000000000000000E7
:10E5340000000000000000000000000000000000D7
:10E5440000000000000000000000000000000000C7
:10E5540000000000000000000000000000000000B7
:10E5640000000000000000000000000000000000A7
:10E574000000000000000000000000000000000097
:10E584000000000000000000000000000000000087
:10E594000000000000000000000000000000000077
:10E5A4000000000000000000000000000000000067
:10E5B4000000000000000000000000000000000057
:10E5C4000000000000000000000000000000000047
:10E5D4000000000000000000000000000000000037
:10E5E4000000000000000000000000000000000027
:10E5F4000000000000000000000000000000000017
:10E604000000000000000000000000000000000006
:10E6140000000000000000000000000000000000F6
:10E6240000000000000000000000000000000000E6
:10E6340000000000000000000000000000000000D6
:10E6440000000000000000000000000000000000C6
:10E6540000000000000000000000000000000000B6
:10E6640000000000000000000000000000000000A6
:10E674000000000000000000000000000000000096
:10E684000000000000000000000000000000000086
:10E69400FFFFFFFFFFFFFFFFFFFFFFFFFFFFFFFF86
:10E6A400FFFFFFFFFFFFFFFFFFFFFFFFFFFFFFFF76
:10E6B400FFFFFFFFFFFFFFFFFFFFFFFFFFFFFFFF66
:10E6C400FFFFFFFFFFFFFFFFFFFFFFFFFFFFFFFF56
:10E6D400FFFFFFFFFFFFFFFFFFFFFFFFFFFFFFFF46
:10E6E400FFFFFFFFFFFFFFFFFFFFFFFFFFFFFFFF36
:10E6F400FFFFFFFFFFFFFFFFFFFFFFFFFFFFFFFF26
:10E70400FFFFFFFFFFFFFFFFFFFFFFFFFFFFFFFF15
:10E71400FFFFFFFFFFFFFFFFFFFFFFFFFFFFFFFF05
:10E72400FFFFFFFFFFFFFFFFFFFFFFFFFFFFFFFFF5
:10E73400FFFFFFFFFFFFFFFFFFFFFFFFFFFFFFFFE5
:10E74400FFFFFFFFFFFFFFFFFFFFFFFFFFFFFFFFD5
:10E75400FFFFFFFFFFFFFFFFFFFFFFFFFFFFFFFFC5
:10E76400FFFFFFFFFFFFFFFFFFFFFFFFFFFFFFFFB5
:10E77400FFFFFFFFFFFFFFFFFFFFFFFFFFFFFFFFA5
:10E78400FFFFFFFFFFFFFFFFFFFFFFFFFFFFFFFF95
:10E79400FFFFFFFFFFFFFFFFFFFFFFFFFFFFFFFF85
:10E7A400FFFFFFFFFFFFFFFFFFFFFFFFFFFFFFFF75
:10E7B400FFFFFFFFFFFFFFFFFFFFFFFFFFFFFFFF65
:10E7C400FFFFFFFFFFFFFFFFFFFFFFFFFFFFFFFF55
:10E7D400FFFFFFFFFFFFFFFFFFFFFFFFFFFFFFFF45
:10E7E400FFFFFFFFFFFFFFFFFFFFFFFFFFFFFFFF35
:10E7F400FFFFFFFFFFFFFFFFFFFFFFFF0000000021
:10E804000000000000000000000000000000000004
:10E8140000000000000000000000000000000000F4
:10E8240000000000000000000000000000000000E4
:10E8340000000000000000000000000000000000D4
:10E8440000000000000000000000000000000000C4
:10E8540000000000000000000000000000000000B4
:10E8640000000000000000000000000000000000A4
:10E874000000000000000000000000000000000094
:10E884000000000000000000000000000000000084
:10E894000000000000000000000000000000000074
:10E8A4000000000000000000000000000000000064
:10E8B4000000000000000000000000000000000054
:10E8C4000000000000000000000000000000000044
:10E8D4000000000000000000000000000000000034
:10E8E4000000000000000000000000000000000024
:10E8F4000000000000000000000000000000000014
:10E904000000000000000000000000000000000003
:10E9140000000000000000000000000000000000F3
:10E9240000000000000000000000000000000000E3
:10E9340000000000000000000000000000000000D3
:10E9440000000000000000000000000000000000C3
:10E9540000000000000000000000000000000000B3
:10E9640000000000000000000000000000000000A3
:10E974000000000000000000000000000000000093
:10E984000000000000000000000000000000000083
:10E994000000000000000000000000000000000073
:10E9A4000000000000000000000000000000000063
:10E9B4000000000000000000000000000000000053
:10E9C4000000000000000000000000000000000043
:10E9D4000000000000000000000000000000000033
:10E9E4000000000000000000000000000000000023
:10E9F4000000000000000000000000000000000013
:10EA04000000000000000000000000000000000002
:10EA140000000000000000000000000000000000F2
:10EA240000000000000000000000000000000000E2
:10EA340000000000000000000000000000000000D2
:10EA440000000000000000000000000000000000C2
:10EA540000000000000000000000000000000000B2
:10EA640000000000000000000000000000000000A2
:10EA74000000000000000000000000000000000092
:10EA84000000000000000000000000000000000082
:10EA94000000000000000000000000000000000072
:10EAA4000000000000000000000000000000000062
:10EAB4000000000000000000000000000000000052
:10EAC4000000000000000000000000000000000042
:10EAD4000000000000000000000000000000000032
:10EAE4000000000000000000000000000000000022
:10EAF4000000000000000000000000000000000012
:10EB04000000000000000000000000000000000001
:10EB140000000000000000000000000000000000F1
:10EB240000000000000000000000000000000000E1
:10EB340000000000000000000000000000000000D1
:10EB440000000000000000000000000000000000C1
:10EB540000000000000000000000000000000000B1
:10EB640000000000000000000000000000000000A1
:10EB74000000000000000000000000000000000091
:10EB84000000000000000000000000000000000081
:10EB94000000000000000000000000000000000071
:10EBA4000000000000000000000000000000000061
:10EBB4000000000000000000000000000000000051
:10EBC4000000000000000000000000000000000041
:10EBD4000000000000000000000000000000000031
:10EBE4000000000000000000000000000000000021
:10EBF4000000000000000000000000000000000011
:10EC04000000000000000000000000000000000000
:10EC140000000000000000000000000000000000F0
:10EC240000000000000000000000000000000000E0
:10EC340000000000000000000000000000000000D0
:10EC440000000000000000000000000000000000C0
:10EC540000000000000000000000000000000000B0
:10EC640000000000000000000000000000000000A0
:10EC74000000000000000000000000000000000090
:10EC84000000000000000000000000000000000080
:10EC94000000000000000000000000000000000070
:10ECA4000000000000000000000000000000000060
:10ECB4000000000000000000000000000000000050
:10ECC4000000000000000000000000000000000040
:10ECD4000000000000000000000000000000000030
:10ECE4000000000000000000000000000000000020
:10ECF4000000000000000000000000000000000010
:10ED040000000000000000000000000000000000FF
:10ED140000000000000000000000000000000000EF
:10ED240000000000000000000000000000000000DF
:10ED340000000000000000000000000000000000CF
:10ED440000000000000000000000000000000000BF
:10ED540000000000000000000000000000000000AF
:10ED6400000000000000000000000000000000009F
:10ED7400000000000000000000000000000000008F
:10ED8400000000000000000000000000000000007F
:10ED9400000000000000000000000000000000006F
:10EDA400000000000000000000000000000000005F
:10EDB400000000000000000000000000000000004F
:10EDC400000000000000000000000000000000003F
:10EDD400000000000000000000000000000000002F
:10EDE400000000000000000000000000000000001F
:10EDF400000000000000000000000000000000000F
:10EE040000000000000000000000000000000000FE
:10EE140000000000000000000000000000000000EE
:10EE240000000000000000000000000000000000DE
:10EE340000000000000000000000000000000000CE
:10EE440000000000000000000000000000000000BE
:10EE540000000000000000000000000000000000AE
:10EE6400000000000000000000000000000000009E
:10EE7400000000000000000000000000000000008E
:10EE8400000000000000000000000000000000007E
:10EE9400000000000000000000000000000000006E
:10EEA400000000000000000000000000000000005E
:10EEB400000000000000000000000000000000004E
:10EEC400000000000000000000000000000000003E
:10EED400000000000000000000000000000000002E
:10EEE400000000000000000000000000000000001E
:10EEF400000000000000000000000000000000000E
:10EF040000000000000000000000000000000000FD
:10EF140000000000000000000000000000000000ED
:10EF240000000000000000000000000000000000DD
:10EF340000000000000000000000000000000000CD
:10EF440000000000000000000000000000000000BD
:10EF540000000000000000000000000000000000AD
:10EF6400000000000000000000000000000000009D
:10EF7400000000000000000000000000000000008D
:10EF8400000000000000000000000000000000007D
:10EF9400000000000000000000000000000000006D
:10EFA400000000000000000000000000000000005D
:10EFB400000000000000000000000000000000004D
:10EFC400000000000000000000000000000000003D
:10EFD400000000000000000000000000000000002D
:10EFE400000000000000000000000000000000001D
:10EFF400000000000000000000000000000000000D
:10F0040000000000000000000000000000000000FC
:10F0140000000000000000000000000000000000EC
:10F0240000000000000000000000000000000000DC
:10F0340000000000000000000000000000000000CC
:10F0440000000000000000000000000000000000BC
:10F0540000000000000000000000000000000000AC
:10F06400000000000000000000000000000000009C
:10F07400000000000000000000000000000000008C
:10F08400000000000000000000000000000000007C
:10F09400000000000000000000000000000000006C
:10F0A400000000000000000000000000000000005C
:10F0B400000000000000000000000000000000004C
:10F0C400000000000000000000000000000000003C
:10F0D400000000000000000000000000000000002C
:10F0E400000000000000000000000000000000001C
:10F0F400000000000000000000000000000000000C
:10F1040000000000000000000000000000000000FB
:10F1140000000000000000000000000000000000EB
:10F1240000000000000000000000000000000000DB
:10F1340000000000000000000000000000000000CB
:10F1440000000000000000000000000000000000BB
:10F1540000000000000000000000000000000000AB
:10F16400000000000000000000000000000000009B
:10F17400000000000000000000000000000000008B
:10F18400000000000000000000000000000000007B
:10F19400000000000000000000000000000000006B
:10F1A400000000000000000000000000000000005B
:10F1B400000000000000000000000000000000004B
:10F1C400000000000000000000000000000000003B
:10F1D400000000000000000000000000000000002B
:10F1E400000000000000000000000000000000001B
:10F1F400000000000000000000000000000000000B
:10F2040000000000000000000000000000000000FA
:10F2140000000000000000000000000000000000EA
:10F2240000000000000000000000000000000000DA
:10F2340000000000000000000000000000000000CA
:10F2440000000000000000000000000000000000BA
:10F2540000000000000000000000000000000000AA
:10F26400000000000000000000000000000000009A
:10F27400000000000000000000000000000000008A
:10F28400000000000000000000000000000000007A
:10F29400000000000000000000000000000000006A
:10F2A400000000000000000000000000000000005A
:10F2B400000000000000000000000000000000004A
:10F2C400000000000000000000000000000000003A
:10F2D400000000000000000000000000000000002A
:10F2E400000000000000000000000000000000001A
:10F2F400000000000000000000000000000000000A
:10F3040000000000000000000000000000000000F9
:10F3140000000000000000000000000000000000E9
:10F3240000000000000000000000000000000000D9
:10F3340000000000000000000000000000000000C9
:10F3440000000000000000000000000000000000B9
:10F3540000000000000000000000000000000000A9
:10F364000000000000000000000000000000000099
:10F374000000000000000000000000000000000089
:10F384000000000000000000000000000000000079
:10F394000000000000000000000000000000000069
:10F3A4000000000000000000000000000000000059
:10F3B4000000000000000000000000000000000049
:10F3C4000000000000000000000000000000000039
:10F3D4000000000000000000000000000000000029
:10F3E4000000000000000000000000000000000019
:0CF3F4000000000000000000000000000D
:040000056000100087
:00000001FF
