
C:\Users\andrew\AppData\Local\arduino\sketches\27C96EE07E58A1C9BAB4BF5AC9CD5EE9/ottopot_wash_buttons_SC.ino.elf:     file format elf32-littlearm


Disassembly of section .text.code:

60001400 <memory_copy>:
	if (dest == dest_end) return;
	do {
		*dest++ = *src++;
	} while (dest < dest_end);
#else
	asm volatile(
60001400:	4282      	cmp	r2, r0
60001402:	d005      	beq.n	60001410 <memory_copy+0x10>
60001404:	f851 3b04 	ldr.w	r3, [r1], #4
60001408:	f840 3b04 	str.w	r3, [r0], #4
6000140c:	4282      	cmp	r2, r0
6000140e:	d8f9      	bhi.n	60001404 <memory_copy+0x4>
	"	cmp	%[end], %[dest]		\n"
	"	bhi.n	1b			\n"
	"2:					\n"
	: [dest] "+r" (dest), [src] "+r" (src) : [end] "r" (dest_end) : "r3", "memory");
#endif
}
60001410:	4770      	bx	lr
60001412:	bf00      	nop

60001414 <memory_clear.constprop.0>:
#if 0
	while (dest < dest_end) {
		*dest++ = 0;
	}
#else
	asm volatile(
60001414:	4a04      	ldr	r2, [pc, #16]	; (60001428 <memory_clear.constprop.0+0x14>)
60001416:	4905      	ldr	r1, [pc, #20]	; (6000142c <memory_clear.constprop.0+0x18>)
60001418:	f04f 0300 	mov.w	r3, #0
6000141c:	f842 3b04 	str.w	r3, [r2], #4
60001420:	4291      	cmp	r1, r2
60001422:	d8fb      	bhi.n	6000141c <memory_clear.constprop.0+0x8>
	"1:	str.w	r3, [%[dest]], #4	\n"
	"	cmp	%[end], %[dest]		\n"
	"	bhi.n	1b			\n"
	: [dest] "+r" (dest) : [end] "r" (dest_end) : "r3", "memory");
#endif
}
60001424:	4770      	bx	lr
60001426:	bf00      	nop
60001428:	20000ec0 	.word	0x20000ec0
6000142c:	20002020 	.word	0x20002020

60001430 <ResetHandler2>:
{
60001430:	b580      	push	{r7, lr}
	__asm__ volatile("dsb":::"memory");
60001432:	f3bf 8f4f 	dsb	sy
	startup_early_hook(); // must be in FLASHMEM, as ITCM is not yet initialized!
60001436:	f000 f9d5 	bl	600017e4 <startup_default_early_hook>
	CCM_ANALOG_PFD_480 = usb_pfd;
6000143a:	4c53      	ldr	r4, [pc, #332]	; (60001588 <ResetHandler2+0x158>)
	PMU_MISC0_SET = 1<<3; //Use bandgap-based bias currents for best performance (Page 1175)
6000143c:	4b53      	ldr	r3, [pc, #332]	; (6000158c <ResetHandler2+0x15c>)
6000143e:	2008      	movs	r0, #8
	CCM_ANALOG_PFD_528 = sys_pfd;
60001440:	4953      	ldr	r1, [pc, #332]	; (60001590 <ResetHandler2+0x160>)
	PMU_MISC0_SET = 1<<3; //Use bandgap-based bias currents for best performance (Page 1175)
60001442:	f8c3 0154 	str.w	r0, [r3, #340]	; 0x154
	memory_copy(&_stext, &_stextload, &_etext);
60001446:	4a53      	ldr	r2, [pc, #332]	; (60001594 <ResetHandler2+0x164>)
	CCM_ANALOG_PFD_528 = sys_pfd;
60001448:	f8c3 1100 	str.w	r1, [r3, #256]	; 0x100
	memory_copy(&_stext, &_stextload, &_etext);
6000144c:	4852      	ldr	r0, [pc, #328]	; (60001598 <ResetHandler2+0x168>)
	CCM_ANALOG_PFD_480 = usb_pfd;
6000144e:	f8c3 40f0 	str.w	r4, [r3, #240]	; 0xf0
	memory_copy(&_stext, &_stextload, &_etext);
60001452:	4952      	ldr	r1, [pc, #328]	; (6000159c <ResetHandler2+0x16c>)
60001454:	f7ff ffd4 	bl	60001400 <memory_copy>
	memory_copy(&_sdata, &_sdataload, &_edata);
60001458:	4a51      	ldr	r2, [pc, #324]	; (600015a0 <ResetHandler2+0x170>)
6000145a:	4952      	ldr	r1, [pc, #328]	; (600015a4 <ResetHandler2+0x174>)
6000145c:	4852      	ldr	r0, [pc, #328]	; (600015a8 <ResetHandler2+0x178>)
6000145e:	f7ff ffcf 	bl	60001400 <memory_copy>
	memory_clear(&_sbss, &_ebss);
60001462:	4c52      	ldr	r4, [pc, #328]	; (600015ac <ResetHandler2+0x17c>)
60001464:	f7ff ffd6 	bl	60001414 <memory_clear.constprop.0>
	SCB_CPACR = 0x00F00000;
60001468:	f44f 0070 	mov.w	r0, #15728640	; 0xf00000
6000146c:	f04f 21e0 	mov.w	r1, #3758153728	; 0xe000e000
	for (i=0; i < NVIC_NUM_INTERRUPTS + 16; i++) _VectorsRam[i] = &unused_interrupt_vector;
60001470:	2300      	movs	r3, #0
60001472:	4a4f      	ldr	r2, [pc, #316]	; (600015b0 <ResetHandler2+0x180>)
	SCB_CPACR = 0x00F00000;
60001474:	f8c1 0d88 	str.w	r0, [r1, #3464]	; 0xd88
	for (i=0; i < NVIC_NUM_INTERRUPTS + 16; i++) _VectorsRam[i] = &unused_interrupt_vector;
60001478:	f844 2023 	str.w	r2, [r4, r3, lsl #2]
6000147c:	3301      	adds	r3, #1
6000147e:	2bb0      	cmp	r3, #176	; 0xb0
60001480:	d1fa      	bne.n	60001478 <ResetHandler2+0x48>
60001482:	4b4c      	ldr	r3, [pc, #304]	; (600015b4 <ResetHandler2+0x184>)
	for (i=0; i < NVIC_NUM_INTERRUPTS; i++) NVIC_SET_PRIORITY(i, 128);
60001484:	2180      	movs	r1, #128	; 0x80
60001486:	4a4c      	ldr	r2, [pc, #304]	; (600015b8 <ResetHandler2+0x188>)
60001488:	f803 1b01 	strb.w	r1, [r3], #1
6000148c:	4293      	cmp	r3, r2
6000148e:	d1fb      	bne.n	60001488 <ResetHandler2+0x58>
	SCB_VTOR = (uint32_t)_VectorsRam;
60001490:	f04f 25e0 	mov.w	r5, #3758153728	; 0xe000e000
	CCM_CSCMR1 = (CCM_CSCMR1 & ~CCM_CSCMR1_PERCLK_PODF(0x3F)) | CCM_CSCMR1_PERCLK_CLK_SEL;
60001494:	4f49      	ldr	r7, [pc, #292]	; (600015bc <ResetHandler2+0x18c>)
	IOMUXC_GPR_GPR26 = 0xFFFFFFFF;
60001496:	4a4a      	ldr	r2, [pc, #296]	; (600015c0 <ResetHandler2+0x190>)
60001498:	f04f 31ff 	mov.w	r1, #4294967295
	SCB_VTOR = (uint32_t)_VectorsRam;
6000149c:	f8c5 4d08 	str.w	r4, [r5, #3336]	; 0xd08
	SYST_CVR = 0;
600014a0:	2600      	movs	r6, #0
	SCB_SHCSR |= SCB_SHCSR_MEMFAULTENA | SCB_SHCSR_BUSFAULTENA | SCB_SHCSR_USGFAULTENA;
600014a2:	f8d5 3d24 	ldr.w	r3, [r5, #3364]	; 0xd24
600014a6:	f443 23e0 	orr.w	r3, r3, #458752	; 0x70000
600014aa:	f8c5 3d24 	str.w	r3, [r5, #3364]	; 0xd24
	CCM_CSCMR1 = (CCM_CSCMR1 & ~CCM_CSCMR1_PERCLK_PODF(0x3F)) | CCM_CSCMR1_PERCLK_CLK_SEL;
600014ae:	69fb      	ldr	r3, [r7, #28]
600014b0:	f023 037f 	bic.w	r3, r3, #127	; 0x7f
600014b4:	f043 0340 	orr.w	r3, r3, #64	; 0x40
600014b8:	61fb      	str	r3, [r7, #28]
	CCM_CSCDR1 = (CCM_CSCDR1 & ~CCM_CSCDR1_UART_CLK_PODF(0x3F)) | CCM_CSCDR1_UART_CLK_SEL;
600014ba:	6a7b      	ldr	r3, [r7, #36]	; 0x24
600014bc:	f023 037f 	bic.w	r3, r3, #127	; 0x7f
600014c0:	f043 0340 	orr.w	r3, r3, #64	; 0x40
600014c4:	627b      	str	r3, [r7, #36]	; 0x24
	IOMUXC_GPR_GPR26 = 0xFFFFFFFF;
600014c6:	6691      	str	r1, [r2, #104]	; 0x68
	IOMUXC_GPR_GPR27 = 0xFFFFFFFF;
600014c8:	66d1      	str	r1, [r2, #108]	; 0x6c
	IOMUXC_GPR_GPR28 = 0xFFFFFFFF;
600014ca:	6711      	str	r1, [r2, #112]	; 0x70
	IOMUXC_GPR_GPR29 = 0xFFFFFFFF;
600014cc:	6751      	str	r1, [r2, #116]	; 0x74
	configure_cache();
600014ce:	f000 f991 	bl	600017f4 <configure_cache>
	_VectorsRam[14] = pendablesrvreq_isr;
600014d2:	4b3c      	ldr	r3, [pc, #240]	; (600015c4 <ResetHandler2+0x194>)
	SYST_RVR = (SYSTICK_EXT_FREQ / 1000) - 1;
600014d4:	2263      	movs	r2, #99	; 0x63
	systick_cycle_count = ARM_DWT_CYCCNT; // compiled 0, corrected w/1st systick
600014d6:	493c      	ldr	r1, [pc, #240]	; (600015c8 <ResetHandler2+0x198>)
	_VectorsRam[14] = pendablesrvreq_isr;
600014d8:	63a3      	str	r3, [r4, #56]	; 0x38
	_VectorsRam[15] = systick_isr;
600014da:	4b3c      	ldr	r3, [pc, #240]	; (600015cc <ResetHandler2+0x19c>)
600014dc:	63e3      	str	r3, [r4, #60]	; 0x3c
	SYST_CSR = SYST_CSR_TICKINT | SYST_CSR_ENABLE;
600014de:	2303      	movs	r3, #3
	SYST_RVR = (SYSTICK_EXT_FREQ / 1000) - 1;
600014e0:	616a      	str	r2, [r5, #20]
	SCB_SHPR3 = 0x20200000;  // Systick, pendablesrvreq_isr = priority 32;
600014e2:	4a3b      	ldr	r2, [pc, #236]	; (600015d0 <ResetHandler2+0x1a0>)
	SYST_CVR = 0;
600014e4:	61ae      	str	r6, [r5, #24]
	SYST_CSR = SYST_CSR_TICKINT | SYST_CSR_ENABLE;
600014e6:	612b      	str	r3, [r5, #16]
	SCB_SHPR3 = 0x20200000;  // Systick, pendablesrvreq_isr = priority 32;
600014e8:	f8c5 2d20 	str.w	r2, [r5, #3360]	; 0xd20
	ARM_DEMCR |= ARM_DEMCR_TRCENA;
600014ec:	f8d5 2dfc 	ldr.w	r2, [r5, #3580]	; 0xdfc
	ARM_DWT_CTRL |= ARM_DWT_CTRL_CYCCNTENA; // turn on cycle counter
600014f0:	4b38      	ldr	r3, [pc, #224]	; (600015d4 <ResetHandler2+0x1a4>)
	ARM_DEMCR |= ARM_DEMCR_TRCENA;
600014f2:	f042 7280 	orr.w	r2, r2, #16777216	; 0x1000000
600014f6:	f8c5 2dfc 	str.w	r2, [r5, #3580]	; 0xdfc
	ARM_DWT_CTRL |= ARM_DWT_CTRL_CYCCNTENA; // turn on cycle counter
600014fa:	681a      	ldr	r2, [r3, #0]
600014fc:	f042 0201 	orr.w	r2, r2, #1
60001500:	601a      	str	r2, [r3, #0]
	systick_cycle_count = ARM_DWT_CYCCNT; // compiled 0, corrected w/1st systick
60001502:	685b      	ldr	r3, [r3, #4]
60001504:	600b      	str	r3, [r1, #0]
	usb_pll_start();	
60001506:	f000 f9ff 	bl	60001908 <usb_pll_start>
	set_arm_clock(F_CPU);
6000150a:	4833      	ldr	r0, [pc, #204]	; (600015d8 <ResetHandler2+0x1a8>)
6000150c:	f000 fb70 	bl	60001bf0 <__set_arm_clock_veneer>
	CCM_CCGR1 |= CCM_CCGR1_PIT(CCM_CCGR_ON);
60001510:	6ef9      	ldr	r1, [r7, #108]	; 0x6c
	PIT_MCR = 0;
60001512:	4b32      	ldr	r3, [pc, #200]	; (600015dc <ResetHandler2+0x1ac>)
	if (!(SNVS_LPCR & SNVS_LPCR_SRTC_ENV)) {
60001514:	4a32      	ldr	r2, [pc, #200]	; (600015e0 <ResetHandler2+0x1b0>)
	CCM_CCGR1 |= CCM_CCGR1_PIT(CCM_CCGR_ON);
60001516:	f441 5140 	orr.w	r1, r1, #12288	; 0x3000
6000151a:	66f9      	str	r1, [r7, #108]	; 0x6c
	PIT_MCR = 0;
6000151c:	601e      	str	r6, [r3, #0]
	PIT_TCTRL0 = 0;
6000151e:	f8c3 6108 	str.w	r6, [r3, #264]	; 0x108
	PIT_TCTRL1 = 0;
60001522:	f8c3 6118 	str.w	r6, [r3, #280]	; 0x118
	PIT_TCTRL2 = 0;
60001526:	f8c3 6128 	str.w	r6, [r3, #296]	; 0x128
	PIT_TCTRL3 = 0;
6000152a:	f8c3 6138 	str.w	r6, [r3, #312]	; 0x138
	if (!(SNVS_LPCR & SNVS_LPCR_SRTC_ENV)) {
6000152e:	6b93      	ldr	r3, [r2, #56]	; 0x38
60001530:	07db      	lsls	r3, r3, #31
60001532:	d408      	bmi.n	60001546 <ResetHandler2+0x116>
		SNVS_LPSRTCMR = 1546300800u >> 17;
60001534:	f642 6315 	movw	r3, #11797	; 0x2e15
		SNVS_LPSRTCLR = 1546300800u << 15;
60001538:	492a      	ldr	r1, [pc, #168]	; (600015e4 <ResetHandler2+0x1b4>)
6000153a:	6551      	str	r1, [r2, #84]	; 0x54
		SNVS_LPSRTCMR = 1546300800u >> 17;
6000153c:	6513      	str	r3, [r2, #80]	; 0x50
		SNVS_LPCR |= SNVS_LPCR_SRTC_ENV;
6000153e:	6b93      	ldr	r3, [r2, #56]	; 0x38
60001540:	f043 0301 	orr.w	r3, r3, #1
60001544:	6393      	str	r3, [r2, #56]	; 0x38
	SNVS_HPCR |= SNVS_HPCR_RTC_EN | SNVS_HPCR_HP_TS;
60001546:	4a26      	ldr	r2, [pc, #152]	; (600015e0 <ResetHandler2+0x1b0>)
60001548:	4c27      	ldr	r4, [pc, #156]	; (600015e8 <ResetHandler2+0x1b8>)
6000154a:	6893      	ldr	r3, [r2, #8]
6000154c:	f043 1301 	orr.w	r3, r3, #65537	; 0x10001
60001550:	6093      	str	r3, [r2, #8]
	analog_init();
60001552:	f000 f91d 	bl	60001790 <analog_init>
	pwm_init();
60001556:	f000 fb47 	bl	60001be8 <__pwm_init_veneer>
	tempmon_init();
6000155a:	f000 fa03 	bl	60001964 <tempmon_init>
	startup_middle_hook();
6000155e:	f000 f943 	bl	600017e8 <startup_default_middle_hook>
// Returns the number of milliseconds since your program started running.
// This 32 bit number will roll back to zero after about 49.7 days.  For a
// simpler way to build delays or timeouts, consider using elapsedMillis.
static inline uint32_t millis(void)
{
	return systick_millis_count;
60001562:	6823      	ldr	r3, [r4, #0]
	while (millis() < TEENSY_INIT_USB_DELAY_BEFORE) ; // wait
60001564:	2b13      	cmp	r3, #19
60001566:	d9fc      	bls.n	60001562 <ResetHandler2+0x132>
	usb_init();
60001568:	f000 fa94 	bl	60001a94 <usb_init>
6000156c:	6823      	ldr	r3, [r4, #0]
	while (millis() < TEENSY_INIT_USB_DELAY_AFTER + TEENSY_INIT_USB_DELAY_BEFORE) ; // wait
6000156e:	f5b3 7f96 	cmp.w	r3, #300	; 0x12c
60001572:	d3fb      	bcc.n	6000156c <ResetHandler2+0x13c>
	startup_debug_reset();
60001574:	f000 f93c 	bl	600017f0 <startup_debug_reset>
	startup_late_hook();
60001578:	f000 f938 	bl	600017ec <startup_default_late_hook>
	__libc_init_array();
6000157c:	f000 fb30 	bl	60001be0 <____libc_init_array_veneer>
	main();
60001580:	f000 fb46 	bl	60001c10 <__main_veneer>
	while (1) asm("WFI");
60001584:	bf30      	wfi
60001586:	e7fd      	b.n	60001584 <ResetHandler2+0x154>
60001588:	13110d0c 	.word	0x13110d0c
6000158c:	400d8000 	.word	0x400d8000
60001590:	2018101b 	.word	0x2018101b
60001594:	00004500 	.word	0x00004500
60001598:	00000000 	.word	0x00000000
6000159c:	60001e38 	.word	0x60001e38
600015a0:	20000ec0 	.word	0x20000ec0
600015a4:	6000633c 	.word	0x6000633c
600015a8:	20000000 	.word	0x20000000
600015ac:	20000c00 	.word	0x20000c00
600015b0:	00002389 	.word	0x00002389
600015b4:	e000e400 	.word	0xe000e400
600015b8:	e000e4a0 	.word	0xe000e4a0
600015bc:	400fc000 	.word	0x400fc000
600015c0:	400ac000 	.word	0x400ac000
600015c4:	00003a09 	.word	0x00003a09
600015c8:	20001e44 	.word	0x20001e44
600015cc:	00003a0d 	.word	0x00003a0d
600015d0:	20200000 	.word	0x20200000
600015d4:	e0001000 	.word	0xe0001000
600015d8:	23c34600 	.word	0x23c34600
600015dc:	40084000 	.word	0x40084000
600015e0:	400d4000 	.word	0x400d4000
600015e4:	56c00000 	.word	0x56c00000
600015e8:	20001e48 	.word	0x20001e48

600015ec <ResetHandler>:
	IOMUXC_GPR_GPR17 = (uint32_t)&_flexram_bank_config;
600015ec:	4b05      	ldr	r3, [pc, #20]	; (60001604 <ResetHandler+0x18>)
	IOMUXC_GPR_GPR14 = 0x00AA0000;
600015ee:	f44f 012a 	mov.w	r1, #11141120	; 0xaa0000
	IOMUXC_GPR_GPR17 = (uint32_t)&_flexram_bank_config;
600015f2:	4a05      	ldr	r2, [pc, #20]	; (60001608 <ResetHandler+0x1c>)
	IOMUXC_GPR_GPR16 = 0x00200007;
600015f4:	4805      	ldr	r0, [pc, #20]	; (6000160c <ResetHandler+0x20>)
	IOMUXC_GPR_GPR17 = (uint32_t)&_flexram_bank_config;
600015f6:	645a      	str	r2, [r3, #68]	; 0x44
	IOMUXC_GPR_GPR16 = 0x00200007;
600015f8:	6418      	str	r0, [r3, #64]	; 0x40
	__asm__ volatile("mov sp, %0" : : "r" ((uint32_t)&_estack) : "memory");
600015fa:	4a05      	ldr	r2, [pc, #20]	; (60001610 <ResetHandler+0x24>)
	IOMUXC_GPR_GPR14 = 0x00AA0000;
600015fc:	6399      	str	r1, [r3, #56]	; 0x38
	__asm__ volatile("mov sp, %0" : : "r" ((uint32_t)&_estack) : "memory");
600015fe:	4695      	mov	sp, r2
	ResetHandler2();
60001600:	f7ff ff16 	bl	60001430 <ResetHandler2>
60001604:	400ac000 	.word	0x400ac000
60001608:	aaaaaaab 	.word	0xaaaaaaab
6000160c:	00200007 	.word	0x00200007
60001610:	20078000 	.word	0x20078000

60001614 <TwoWire::configSDApin(unsigned char)>:
	sda_pin_index_ = newindex;
}

FLASHMEM void TwoWire::configSDApin(uint8_t i)
{
	*(portControlRegister(hardware.sda_pins[i].pin)) = PINCONFIG;
60001614:	6943      	ldr	r3, [r0, #20]
60001616:	4a0a      	ldr	r2, [pc, #40]	; (60001640 <TwoWire::configSDApin(unsigned char)+0x2c>)
60001618:	eb03 1001 	add.w	r0, r3, r1, lsl #4
{
6000161c:	b410      	push	{r4}
	*(portControlRegister(hardware.sda_pins[i].pin)) = PINCONFIG;
6000161e:	7a03      	ldrb	r3, [r0, #8]
60001620:	4c08      	ldr	r4, [pc, #32]	; (60001644 <TwoWire::configSDApin(unsigned char)+0x30>)
60001622:	eb02 1303 	add.w	r3, r2, r3, lsl #4
	*(portConfigRegister(hardware.sda_pins[i].pin)) = hardware.sda_pins[i].mux_val;
60001626:	e9d3 3201 	ldrd	r3, r2, [r3, #4]
	*(portControlRegister(hardware.sda_pins[i].pin)) = PINCONFIG;
6000162a:	6014      	str	r4, [r2, #0]
	*(portConfigRegister(hardware.sda_pins[i].pin)) = hardware.sda_pins[i].mux_val;
6000162c:	68c2      	ldr	r2, [r0, #12]
6000162e:	601a      	str	r2, [r3, #0]
	if (hardware.sda_pins[i].select_input_register) {
60001630:	6903      	ldr	r3, [r0, #16]
60001632:	b10b      	cbz	r3, 60001638 <TwoWire::configSDApin(unsigned char)+0x24>
		*(hardware.sda_pins[i].select_input_register) = hardware.sda_pins[i].select_val;
60001634:	6942      	ldr	r2, [r0, #20]
60001636:	601a      	str	r2, [r3, #0]
	}
}
60001638:	f85d 4b04 	ldr.w	r4, [sp], #4
6000163c:	4770      	bx	lr
6000163e:	bf00      	nop
60001640:	20000334 	.word	0x20000334
60001644:	0001f861 	.word	0x0001f861

60001648 <TwoWire::setSDA(unsigned char)>:
	if (pin == hardware.sda_pins[sda_pin_index_].pin) return;
60001648:	6943      	ldr	r3, [r0, #20]
6000164a:	7e02      	ldrb	r2, [r0, #24]
6000164c:	eb03 1202 	add.w	r2, r3, r2, lsl #4
60001650:	f892 c008 	ldrb.w	ip, [r2, #8]
60001654:	458c      	cmp	ip, r1
60001656:	d01c      	beq.n	60001692 <TwoWire::setSDA(unsigned char)+0x4a>
		uint32_t sda_pin = hardware.sda_pins[newindex].pin;
60001658:	7a1a      	ldrb	r2, [r3, #8]
		if (sda_pin == 255) return;
6000165a:	2aff      	cmp	r2, #255	; 0xff
6000165c:	d019      	beq.n	60001692 <TwoWire::setSDA(unsigned char)+0x4a>
		if (sda_pin == pin) break;
6000165e:	4291      	cmp	r1, r2
FLASHMEM void TwoWire::setSDA(uint8_t pin) {
60001660:	b510      	push	{r4, lr}
60001662:	4604      	mov	r4, r0
		if (sda_pin == pin) break;
60001664:	d016      	beq.n	60001694 <TwoWire::setSDA(unsigned char)+0x4c>
		if (sda_pin == 255) return;
60001666:	7e1a      	ldrb	r2, [r3, #24]
60001668:	2aff      	cmp	r2, #255	; 0xff
6000166a:	d006      	beq.n	6000167a <TwoWire::setSDA(unsigned char)+0x32>
6000166c:	2101      	movs	r1, #1
	if ((hardware.clock_gate_register & hardware.clock_gate_mask)) {
6000166e:	e9d3 2300 	ldrd	r2, r3, [r3]
60001672:	6812      	ldr	r2, [r2, #0]
60001674:	421a      	tst	r2, r3
60001676:	d101      	bne.n	6000167c <TwoWire::setSDA(unsigned char)+0x34>
	sda_pin_index_ = newindex;
60001678:	7621      	strb	r1, [r4, #24]
}
6000167a:	bd10      	pop	{r4, pc}
		*(portConfigRegister(hardware.sda_pins[sda_pin_index_].pin)) = 5;
6000167c:	4b06      	ldr	r3, [pc, #24]	; (60001698 <TwoWire::setSDA(unsigned char)+0x50>)
6000167e:	2205      	movs	r2, #5
		configSDApin(newindex);
60001680:	4620      	mov	r0, r4
		*(portConfigRegister(hardware.sda_pins[sda_pin_index_].pin)) = 5;
60001682:	eb03 130c 	add.w	r3, r3, ip, lsl #4
60001686:	685b      	ldr	r3, [r3, #4]
60001688:	601a      	str	r2, [r3, #0]
		configSDApin(newindex);
6000168a:	f7ff ffc3 	bl	60001614 <TwoWire::configSDApin(unsigned char)>
	sda_pin_index_ = newindex;
6000168e:	7621      	strb	r1, [r4, #24]
60001690:	e7f3      	b.n	6000167a <TwoWire::setSDA(unsigned char)+0x32>
60001692:	4770      	bx	lr
		if (sda_pin == pin) break;
60001694:	2100      	movs	r1, #0
60001696:	e7ea      	b.n	6000166e <TwoWire::setSDA(unsigned char)+0x26>
60001698:	20000334 	.word	0x20000334

6000169c <TwoWire::configSCLpin(unsigned char)>:
	scl_pin_index_ = newindex;
}

FLASHMEM void TwoWire::configSCLpin(uint8_t i)
{
	*(portControlRegister(hardware.scl_pins[i].pin)) = PINCONFIG;
6000169c:	6943      	ldr	r3, [r0, #20]
6000169e:	4a0a      	ldr	r2, [pc, #40]	; (600016c8 <TwoWire::configSCLpin(unsigned char)+0x2c>)
600016a0:	eb03 1001 	add.w	r0, r3, r1, lsl #4
{
600016a4:	b410      	push	{r4}
	*(portControlRegister(hardware.scl_pins[i].pin)) = PINCONFIG;
600016a6:	f890 3028 	ldrb.w	r3, [r0, #40]	; 0x28
600016aa:	4c08      	ldr	r4, [pc, #32]	; (600016cc <TwoWire::configSCLpin(unsigned char)+0x30>)
600016ac:	eb02 1303 	add.w	r3, r2, r3, lsl #4
	*(portConfigRegister(hardware.scl_pins[i].pin)) = hardware.scl_pins[i].mux_val;
600016b0:	e9d3 3201 	ldrd	r3, r2, [r3, #4]
	*(portControlRegister(hardware.scl_pins[i].pin)) = PINCONFIG;
600016b4:	6014      	str	r4, [r2, #0]
	*(portConfigRegister(hardware.scl_pins[i].pin)) = hardware.scl_pins[i].mux_val;
600016b6:	6ac2      	ldr	r2, [r0, #44]	; 0x2c
600016b8:	601a      	str	r2, [r3, #0]
	if (hardware.scl_pins[i].select_input_register) {
600016ba:	6b03      	ldr	r3, [r0, #48]	; 0x30
600016bc:	b10b      	cbz	r3, 600016c2 <TwoWire::configSCLpin(unsigned char)+0x26>
		*(hardware.scl_pins[i].select_input_register) = hardware.scl_pins[i].select_val;
600016be:	6b42      	ldr	r2, [r0, #52]	; 0x34
600016c0:	601a      	str	r2, [r3, #0]
	}
}
600016c2:	f85d 4b04 	ldr.w	r4, [sp], #4
600016c6:	4770      	bx	lr
600016c8:	20000334 	.word	0x20000334
600016cc:	0001f861 	.word	0x0001f861

600016d0 <TwoWire::setSCL(unsigned char)>:
	if (pin == hardware.scl_pins[scl_pin_index_].pin) return;
600016d0:	6943      	ldr	r3, [r0, #20]
600016d2:	7e42      	ldrb	r2, [r0, #25]
600016d4:	eb03 1202 	add.w	r2, r3, r2, lsl #4
600016d8:	f892 c028 	ldrb.w	ip, [r2, #40]	; 0x28
600016dc:	458c      	cmp	ip, r1
600016de:	d01e      	beq.n	6000171e <TwoWire::setSCL(unsigned char)+0x4e>
		uint32_t scl_pin = hardware.scl_pins[newindex].pin;
600016e0:	f893 2028 	ldrb.w	r2, [r3, #40]	; 0x28
		if (scl_pin == 255) return;
600016e4:	2aff      	cmp	r2, #255	; 0xff
600016e6:	d01a      	beq.n	6000171e <TwoWire::setSCL(unsigned char)+0x4e>
		if (scl_pin == pin) break;
600016e8:	4291      	cmp	r1, r2
FLASHMEM void TwoWire::setSCL(uint8_t pin) {
600016ea:	b510      	push	{r4, lr}
600016ec:	4604      	mov	r4, r0
		if (scl_pin == pin) break;
600016ee:	d017      	beq.n	60001720 <TwoWire::setSCL(unsigned char)+0x50>
		if (scl_pin == 255) return;
600016f0:	f893 2038 	ldrb.w	r2, [r3, #56]	; 0x38
600016f4:	2aff      	cmp	r2, #255	; 0xff
600016f6:	d006      	beq.n	60001706 <TwoWire::setSCL(unsigned char)+0x36>
600016f8:	2101      	movs	r1, #1
	if ((hardware.clock_gate_register & hardware.clock_gate_mask)) {
600016fa:	e9d3 2300 	ldrd	r2, r3, [r3]
600016fe:	6812      	ldr	r2, [r2, #0]
60001700:	421a      	tst	r2, r3
60001702:	d101      	bne.n	60001708 <TwoWire::setSCL(unsigned char)+0x38>
	scl_pin_index_ = newindex;
60001704:	7661      	strb	r1, [r4, #25]
}
60001706:	bd10      	pop	{r4, pc}
		*(portConfigRegister(hardware.scl_pins[scl_pin_index_].pin)) = 5;
60001708:	4b06      	ldr	r3, [pc, #24]	; (60001724 <TwoWire::setSCL(unsigned char)+0x54>)
6000170a:	2205      	movs	r2, #5
		configSCLpin(newindex);
6000170c:	4620      	mov	r0, r4
		*(portConfigRegister(hardware.scl_pins[scl_pin_index_].pin)) = 5;
6000170e:	eb03 130c 	add.w	r3, r3, ip, lsl #4
60001712:	685b      	ldr	r3, [r3, #4]
60001714:	601a      	str	r2, [r3, #0]
		configSCLpin(newindex);
60001716:	f7ff ffc1 	bl	6000169c <TwoWire::configSCLpin(unsigned char)>
	scl_pin_index_ = newindex;
6000171a:	7661      	strb	r1, [r4, #25]
6000171c:	e7f3      	b.n	60001706 <TwoWire::setSCL(unsigned char)+0x36>
6000171e:	4770      	bx	lr
		if (scl_pin == pin) break;
60001720:	2100      	movs	r1, #0
60001722:	e7ea      	b.n	600016fa <TwoWire::setSCL(unsigned char)+0x2a>
60001724:	20000334 	.word	0x20000334

60001728 <TwoWire::begin()>:
	CCM_CSCDR2 = (CCM_CSCDR2 & ~CCM_CSCDR2_LPI2C_CLK_PODF(63)) | CCM_CSCDR2_LPI2C_CLK_SEL;
60001728:	4916      	ldr	r1, [pc, #88]	; (60001784 <TwoWire::begin()+0x5c>)
	hardware.clock_gate_register |= hardware.clock_gate_mask;
6000172a:	6942      	ldr	r2, [r0, #20]
	CCM_CSCDR2 = (CCM_CSCDR2 & ~CCM_CSCDR2_LPI2C_CLK_PODF(63)) | CCM_CSCDR2_LPI2C_CLK_SEL;
6000172c:	6b8b      	ldr	r3, [r1, #56]	; 0x38
6000172e:	f423 037c 	bic.w	r3, r3, #16515072	; 0xfc0000
60001732:	f443 2380 	orr.w	r3, r3, #262144	; 0x40000
{
60001736:	b570      	push	{r4, r5, r6, lr}
	CCM_CSCDR2 = (CCM_CSCDR2 & ~CCM_CSCDR2_LPI2C_CLK_PODF(63)) | CCM_CSCDR2_LPI2C_CLK_SEL;
60001738:	638b      	str	r3, [r1, #56]	; 0x38
{
6000173a:	4604      	mov	r4, r0
	if (frequency < 400000) {
		// 100 kHz
		port->MCCR0 = LPI2C_MCCR0_CLKHI(55) | LPI2C_MCCR0_CLKLO(59) |
			LPI2C_MCCR0_DATAVD(25) | LPI2C_MCCR0_SETHOLD(40);
		port->MCFGR1 = LPI2C_MCFGR1_PRESCALE(1);
		port->MCFGR2 = LPI2C_MCFGR2_FILTSDA(5) | LPI2C_MCFGR2_FILTSCL(5) |
6000173c:	4d12      	ldr	r5, [pc, #72]	; (60001788 <TwoWire::begin()+0x60>)
	hardware.clock_gate_register |= hardware.clock_gate_mask;
6000173e:	e9d2 1300 	ldrd	r1, r3, [r2]
60001742:	680a      	ldr	r2, [r1, #0]
60001744:	431a      	orrs	r2, r3
	IMXRT_LPI2C_t* port = (IMXRT_LPI2C_t*)portAddr;
60001746:	6903      	ldr	r3, [r0, #16]
	hardware.clock_gate_register |= hardware.clock_gate_mask;
60001748:	600a      	str	r2, [r1, #0]
	port->MCR = LPI2C_MCR_RST;
6000174a:	2202      	movs	r2, #2
	port->MCR = 0;
6000174c:	2100      	movs	r1, #0
	port->MCR = LPI2C_MCR_RST;
6000174e:	611a      	str	r2, [r3, #16]
		port->MCCR0 = LPI2C_MCCR0_CLKHI(55) | LPI2C_MCCR0_CLKLO(59) |
60001750:	4a0e      	ldr	r2, [pc, #56]	; (6000178c <TwoWire::begin()+0x64>)
	port->MCR = 0;
60001752:	6119      	str	r1, [r3, #16]
		port->MCCR0 = LPI2C_MCCR0_CLKHI(55) | LPI2C_MCCR0_CLKLO(59) |
60001754:	649a      	str	r2, [r3, #72]	; 0x48
		port->MCFGR1 = LPI2C_MCFGR1_PRESCALE(1);
60001756:	2201      	movs	r2, #1
60001758:	625a      	str	r2, [r3, #36]	; 0x24
		port->MCFGR2 = LPI2C_MCFGR2_FILTSDA(5) | LPI2C_MCFGR2_FILTSCL(5) |
6000175a:	629d      	str	r5, [r3, #40]	; 0x28
			LPI2C_MCFGR2_BUSIDLE(3000); // idle timeout 250 us
		port->MCFGR3 = LPI2C_MCFGR3_PINLOW(CLOCK_STRETCH_TIMEOUT * 12 / 256 + 1);
6000175c:	f44f 3530 	mov.w	r5, #180224	; 0x2c000
60001760:	62dd      	str	r5, [r3, #44]	; 0x2c
			LPI2C_MCFGR2_BUSIDLE(2400); // idle timeout 100 us
		port->MCFGR3 = LPI2C_MCFGR3_PINLOW(CLOCK_STRETCH_TIMEOUT * 24 / 256 + 1);
	}
	port->MCCR1 = port->MCCR0;
	port->MCFGR0 = 0;
	port->MFCR = LPI2C_MFCR_RXWATER(1) | LPI2C_MFCR_TXWATER(1);
60001762:	f04f 1501 	mov.w	r5, #65537	; 0x10001
	port->MCCR1 = port->MCCR0;
60001766:	6c9e      	ldr	r6, [r3, #72]	; 0x48
60001768:	651e      	str	r6, [r3, #80]	; 0x50
	port->MCFGR0 = 0;
6000176a:	6219      	str	r1, [r3, #32]
	port->MFCR = LPI2C_MFCR_RXWATER(1) | LPI2C_MFCR_TXWATER(1);
6000176c:	659d      	str	r5, [r3, #88]	; 0x58
	port->MCR = LPI2C_MCR_MEN;
6000176e:	611a      	str	r2, [r3, #16]
	configSDApin(sda_pin_index_); // Setup SDA register
60001770:	7e01      	ldrb	r1, [r0, #24]
60001772:	f7ff ff4f 	bl	60001614 <TwoWire::configSDApin(unsigned char)>
	configSCLpin(scl_pin_index_); // setup SCL register
60001776:	7e61      	ldrb	r1, [r4, #25]
60001778:	4620      	mov	r0, r4
}
6000177a:	e8bd 4070 	ldmia.w	sp!, {r4, r5, r6, lr}
	configSCLpin(scl_pin_index_); // setup SCL register
6000177e:	f7ff bf8d 	b.w	6000169c <TwoWire::configSCLpin(unsigned char)>
60001782:	bf00      	nop
60001784:	400fc000 	.word	0x400fc000
60001788:	05050bb8 	.word	0x05050bb8
6000178c:	1928373b 	.word	0x1928373b

60001790 <analog_init>:
{
	uint32_t mode, avg=0;

	printf("analogInit\n");

	CCM_CCGR1 |= CCM_CCGR1_ADC1(CCM_CCGR_ON);
60001790:	4b10      	ldr	r3, [pc, #64]	; (600017d4 <analog_init+0x44>)
		mode |= ADC_CFG_ADIV(0) | ADC_CFG_ADICLK(0); // use IPG
	}
#endif
	//ADC1
	ADC1_CFG = mode | ADC_CFG_ADHSC;
	ADC1_GC = avg | ADC_GC_CAL;		// begin cal
60001792:	20a0      	movs	r0, #160	; 0xa0
	ADC1_CFG = mode | ADC_CFG_ADHSC;
60001794:	4a10      	ldr	r2, [pc, #64]	; (600017d8 <analog_init+0x48>)
	CCM_CCGR1 |= CCM_CCGR1_ADC1(CCM_CCGR_ON);
60001796:	6ed9      	ldr	r1, [r3, #108]	; 0x6c
60001798:	f441 3140 	orr.w	r1, r1, #196608	; 0x30000
{
6000179c:	b410      	push	{r4}
	CCM_CCGR1 |= CCM_CCGR1_ADC1(CCM_CCGR_ON);
6000179e:	66d9      	str	r1, [r3, #108]	; 0x6c
	ADC1_CFG = mode | ADC_CFG_ADHSC;
600017a0:	f240 6437 	movw	r4, #1591	; 0x637
	CCM_CCGR1 |= CCM_CCGR1_ADC2(CCM_CCGR_ON);
600017a4:	6ed9      	ldr	r1, [r3, #108]	; 0x6c
600017a6:	f441 7140 	orr.w	r1, r1, #768	; 0x300
600017aa:	66d9      	str	r1, [r3, #108]	; 0x6c
	ADC1_CFG = mode | ADC_CFG_ADHSC;
600017ac:	6454      	str	r4, [r2, #68]	; 0x44
	ADC1_GC = avg | ADC_GC_CAL;		// begin cal
600017ae:	6490      	str	r0, [r2, #72]	; 0x48
	calibrating = 1;
	while (ADC1_GC & ADC_GC_CAL) {
600017b0:	6c93      	ldr	r3, [r2, #72]	; 0x48
600017b2:	061b      	lsls	r3, r3, #24
600017b4:	d4fc      	bmi.n	600017b0 <analog_init+0x20>
		//yield();
	}
	calibrating = 0;
	//ADC2
	ADC2_CFG = mode | ADC_CFG_ADHSC;
600017b6:	4a09      	ldr	r2, [pc, #36]	; (600017dc <analog_init+0x4c>)
600017b8:	f240 6137 	movw	r1, #1591	; 0x637
	ADC2_GC = avg | ADC_GC_CAL;		// begin cal
600017bc:	23a0      	movs	r3, #160	; 0xa0
	ADC2_CFG = mode | ADC_CFG_ADHSC;
600017be:	6451      	str	r1, [r2, #68]	; 0x44
	ADC2_GC = avg | ADC_GC_CAL;		// begin cal
600017c0:	6493      	str	r3, [r2, #72]	; 0x48
	calibrating = 1;
	while (ADC2_GC & ADC_GC_CAL) {
600017c2:	6c93      	ldr	r3, [r2, #72]	; 0x48
600017c4:	f013 0380 	ands.w	r3, r3, #128	; 0x80
600017c8:	d1fb      	bne.n	600017c2 <analog_init+0x32>
		//yield();
	}
	calibrating = 0;
600017ca:	4a05      	ldr	r2, [pc, #20]	; (600017e0 <analog_init+0x50>)
600017cc:	7013      	strb	r3, [r2, #0]
}
600017ce:	f85d 4b04 	ldr.w	r4, [sp], #4
600017d2:	4770      	bx	lr
600017d4:	400fc000 	.word	0x400fc000
600017d8:	400c4000 	.word	0x400c4000
600017dc:	400c8000 	.word	0x400c8000
600017e0:	20001fd9 	.word	0x20001fd9

600017e4 <startup_default_early_hook>:
FLASHMEM void startup_default_early_hook(void) {}
600017e4:	4770      	bx	lr
600017e6:	bf00      	nop

600017e8 <startup_default_middle_hook>:
600017e8:	4770      	bx	lr
600017ea:	bf00      	nop

600017ec <startup_default_late_hook>:
600017ec:	4770      	bx	lr
600017ee:	bf00      	nop

600017f0 <startup_debug_reset>:
FLASHMEM void startup_debug_reset(void) { __asm__ volatile("nop"); }
600017f0:	bf00      	nop
600017f2:	4770      	bx	lr

600017f4 <configure_cache>:
{
600017f4:	b410      	push	{r4}
	SCB_MPU_CTRL = 0; // turn off MPU
600017f6:	f04f 23e0 	mov.w	r3, #3758153728	; 0xe000e000
600017fa:	2100      	movs	r1, #0
	SCB_MPU_RBAR = 0x00000000 | REGION(i++); //https://developer.arm.com/docs/146793866/10/why-does-the-cortex-m7-initiate-axim-read-accesses-to-memory-addresses-that-do-not-fall-under-a-defined-mpu-region
600017fc:	2410      	movs	r4, #16
	SCB_MPU_RASR = SCB_MPU_RASR_TEX(0) | NOACCESS | NOEXEC | SIZE_4G;
600017fe:	4832      	ldr	r0, [pc, #200]	; (600018c8 <configure_cache+0xd4>)
	SCB_MPU_CTRL = 0; // turn off MPU
60001800:	f8c3 1d94 	str.w	r1, [r3, #3476]	; 0xd94
	SCB_MPU_RBAR = 0x00000000 | REGION(i++); //https://developer.arm.com/docs/146793866/10/why-does-the-cortex-m7-initiate-axim-read-accesses-to-memory-addresses-that-do-not-fall-under-a-defined-mpu-region
60001804:	f8c3 4d9c 	str.w	r4, [r3, #3484]	; 0xd9c
	SCB_MPU_RBAR = 0x00000000 | REGION(i++); // ITCM
60001808:	2411      	movs	r4, #17
	SCB_MPU_RASR = SCB_MPU_RASR_TEX(0) | NOACCESS | NOEXEC | SIZE_4G;
6000180a:	f8c3 0da0 	str.w	r0, [r3, #3488]	; 0xda0
	SCB_MPU_RASR = MEM_NOCACHE | READONLY | SIZE_512K;
6000180e:	482f      	ldr	r0, [pc, #188]	; (600018cc <configure_cache+0xd8>)
	SCB_MPU_RBAR = 0x00000000 | REGION(i++); // ITCM
60001810:	f8c3 4d9c 	str.w	r4, [r3, #3484]	; 0xd9c
	SCB_MPU_RBAR = 0x00000000 | REGION(i++); // trap NULL pointer deref
60001814:	2412      	movs	r4, #18
	SCB_MPU_RASR = MEM_NOCACHE | READONLY | SIZE_512K;
60001816:	f8c3 0da0 	str.w	r0, [r3, #3488]	; 0xda0
	SCB_MPU_RASR =  DEV_NOCACHE | NOACCESS | SIZE_32B;
6000181a:	482d      	ldr	r0, [pc, #180]	; (600018d0 <configure_cache+0xdc>)
	SCB_MPU_RBAR = 0x00000000 | REGION(i++); // trap NULL pointer deref
6000181c:	f8c3 4d9c 	str.w	r4, [r3, #3484]	; 0xd9c
	SCB_MPU_RBAR = ((uint32_t)&_ebss) | REGION(i++); // trap stack overflow
60001820:	4a2c      	ldr	r2, [pc, #176]	; (600018d4 <configure_cache+0xe0>)
	SCB_MPU_RASR =  DEV_NOCACHE | NOACCESS | SIZE_32B;
60001822:	f8c3 0da0 	str.w	r0, [r3, #3488]	; 0xda0
	SCB_MPU_RBAR = 0x00200000 | REGION(i++); // Boot ROM
60001826:	4c2c      	ldr	r4, [pc, #176]	; (600018d8 <configure_cache+0xe4>)
	SCB_MPU_RBAR = ((uint32_t)&_ebss) | REGION(i++); // trap stack overflow
60001828:	f042 0215 	orr.w	r2, r2, #21
	SCB_MPU_RASR = MEM_CACHE_WT | READONLY | SIZE_128K;
6000182c:	482b      	ldr	r0, [pc, #172]	; (600018dc <configure_cache+0xe8>)
	SCB_MPU_RBAR = 0x00200000 | REGION(i++); // Boot ROM
6000182e:	f8c3 4d9c 	str.w	r4, [r3, #3484]	; 0xd9c
	SCB_MPU_RASR = MEM_CACHE_WT | READONLY | SIZE_128K;
60001832:	f8c3 0da0 	str.w	r0, [r3, #3488]	; 0xda0
	SCB_MPU_RBAR = 0x20000000 | REGION(i++); // DTCM
60001836:	4c2a      	ldr	r4, [pc, #168]	; (600018e0 <configure_cache+0xec>)
	SCB_MPU_RASR = MEM_NOCACHE | READWRITE | NOEXEC | SIZE_512K;
60001838:	482a      	ldr	r0, [pc, #168]	; (600018e4 <configure_cache+0xf0>)
	SCB_MPU_RBAR = 0x20000000 | REGION(i++); // DTCM
6000183a:	f8c3 4d9c 	str.w	r4, [r3, #3484]	; 0xd9c
	SCB_MPU_RASR = MEM_NOCACHE | READWRITE | NOEXEC | SIZE_512K;
6000183e:	f8c3 0da0 	str.w	r0, [r3, #3488]	; 0xda0
	SCB_MPU_RASR = SCB_MPU_RASR_TEX(0) | NOACCESS | NOEXEC | SIZE_32B;
60001842:	4c29      	ldr	r4, [pc, #164]	; (600018e8 <configure_cache+0xf4>)
	SCB_MPU_RBAR = ((uint32_t)&_ebss) | REGION(i++); // trap stack overflow
60001844:	f8c3 2d9c 	str.w	r2, [r3, #3484]	; 0xd9c
	SCB_MPU_RBAR = 0x20200000 | REGION(i++); // RAM (AXI bus)
60001848:	4828      	ldr	r0, [pc, #160]	; (600018ec <configure_cache+0xf8>)
	SCB_MPU_RASR = MEM_CACHE_WBWA | READWRITE | NOEXEC | SIZE_1M;
6000184a:	4a29      	ldr	r2, [pc, #164]	; (600018f0 <configure_cache+0xfc>)
	SCB_MPU_RASR = SCB_MPU_RASR_TEX(0) | NOACCESS | NOEXEC | SIZE_32B;
6000184c:	f8c3 4da0 	str.w	r4, [r3, #3488]	; 0xda0
	SCB_MPU_RBAR = 0x20200000 | REGION(i++); // RAM (AXI bus)
60001850:	f8c3 0d9c 	str.w	r0, [r3, #3484]	; 0xd9c
	SCB_MPU_RASR = MEM_CACHE_WBWA | READWRITE | NOEXEC | SIZE_1M;
60001854:	f8c3 2da0 	str.w	r2, [r3, #3488]	; 0xda0
	SCB_MPU_RASR = DEV_NOCACHE | READWRITE | NOEXEC | SIZE_64M;
60001858:	f502 22a0 	add.w	r2, r2, #327680	; 0x50000
	SCB_MPU_RBAR = 0x40000000 | REGION(i++); // Peripherals
6000185c:	4c25      	ldr	r4, [pc, #148]	; (600018f4 <configure_cache+0x100>)
	SCB_MPU_RASR = DEV_NOCACHE | READWRITE | NOEXEC | SIZE_64M;
6000185e:	320c      	adds	r2, #12
	SCB_MPU_RBAR = 0x60000000 | REGION(i++); // QSPI Flash
60001860:	4825      	ldr	r0, [pc, #148]	; (600018f8 <configure_cache+0x104>)
	SCB_MPU_RBAR = 0x40000000 | REGION(i++); // Peripherals
60001862:	f8c3 4d9c 	str.w	r4, [r3, #3484]	; 0xd9c
	SCB_MPU_RASR = DEV_NOCACHE | READWRITE | NOEXEC | SIZE_64M;
60001866:	f8c3 2da0 	str.w	r2, [r3, #3488]	; 0xda0
	SCB_MPU_RASR = MEM_CACHE_WBWA | READONLY | SIZE_16M;
6000186a:	4a24      	ldr	r2, [pc, #144]	; (600018fc <configure_cache+0x108>)
	SCB_MPU_RBAR = 0x60000000 | REGION(i++); // QSPI Flash
6000186c:	f8c3 0d9c 	str.w	r0, [r3, #3484]	; 0xd9c
	SCB_MPU_RASR = MEM_CACHE_WBWA | READONLY | SIZE_16M;
60001870:	f8c3 2da0 	str.w	r2, [r3, #3488]	; 0xda0
	SCB_MPU_RASR = MEM_CACHE_WBWA | READWRITE | NOEXEC | SIZE_32M;
60001874:	f102 6240 	add.w	r2, r2, #201326592	; 0xc000000
	SCB_MPU_RBAR = 0x70000000 | REGION(i++); // FlexSPI2
60001878:	4c21      	ldr	r4, [pc, #132]	; (60001900 <configure_cache+0x10c>)
	SCB_MPU_RASR = MEM_CACHE_WBWA | READWRITE | NOEXEC | SIZE_32M;
6000187a:	3202      	adds	r2, #2
	SCB_MPU_RBAR = 0x80000000 | REGION(i++); // SEMC: SDRAM, NAND, SRAM, etc
6000187c:	4821      	ldr	r0, [pc, #132]	; (60001904 <configure_cache+0x110>)
	SCB_MPU_RBAR = 0x70000000 | REGION(i++); // FlexSPI2
6000187e:	f8c3 4d9c 	str.w	r4, [r3, #3484]	; 0xd9c
	SCB_MPU_RASR = MEM_CACHE_WBWA | READWRITE | NOEXEC | SIZE_32M;
60001882:	f8c3 2da0 	str.w	r2, [r3, #3488]	; 0xda0
	SCB_MPU_RASR = MEM_CACHE_WBWA | READWRITE | NOEXEC | SIZE_1G;
60001886:	320a      	adds	r2, #10
	SCB_MPU_RBAR = 0x80000000 | REGION(i++); // SEMC: SDRAM, NAND, SRAM, etc
60001888:	f8c3 0d9c 	str.w	r0, [r3, #3484]	; 0xd9c
	SCB_MPU_RASR = MEM_CACHE_WBWA | READWRITE | NOEXEC | SIZE_1G;
6000188c:	f8c3 2da0 	str.w	r2, [r3, #3488]	; 0xda0
	asm("nop"); // allow a few cycles for bus writes before enable MPU
60001890:	bf00      	nop
	asm("nop");
60001892:	bf00      	nop
	asm("nop");
60001894:	bf00      	nop
	asm("nop");
60001896:	bf00      	nop
	asm("nop");
60001898:	bf00      	nop
	SCB_MPU_CTRL = SCB_MPU_CTRL_ENABLE;
6000189a:	2201      	movs	r2, #1
6000189c:	f8c3 2d94 	str.w	r2, [r3, #3476]	; 0xd94
	asm("dsb");
600018a0:	f3bf 8f4f 	dsb	sy
	asm("isb");
600018a4:	f3bf 8f6f 	isb	sy
	SCB_CACHE_ICIALLU = 0;
600018a8:	f8c3 1f50 	str.w	r1, [r3, #3920]	; 0xf50
	asm("dsb");
600018ac:	f3bf 8f4f 	dsb	sy
	asm("isb");
600018b0:	f3bf 8f6f 	isb	sy
	SCB_CCR |= (SCB_CCR_IC | SCB_CCR_DC);
600018b4:	f8d3 2d14 	ldr.w	r2, [r3, #3348]	; 0xd14
}
600018b8:	f85d 4b04 	ldr.w	r4, [sp], #4
	SCB_CCR |= (SCB_CCR_IC | SCB_CCR_DC);
600018bc:	f442 3240 	orr.w	r2, r2, #196608	; 0x30000
600018c0:	f8c3 2d14 	str.w	r2, [r3, #3348]	; 0xd14
}
600018c4:	4770      	bx	lr
600018c6:	bf00      	nop
600018c8:	1000003f 	.word	0x1000003f
600018cc:	07080025 	.word	0x07080025
600018d0:	00100009 	.word	0x00100009
600018d4:	20002020 	.word	0x20002020
600018d8:	00200013 	.word	0x00200013
600018dc:	07020021 	.word	0x07020021
600018e0:	20000014 	.word	0x20000014
600018e4:	13080025 	.word	0x13080025
600018e8:	10000009 	.word	0x10000009
600018ec:	20200016 	.word	0x20200016
600018f0:	130b0027 	.word	0x130b0027
600018f4:	40000017 	.word	0x40000017
600018f8:	60000018 	.word	0x60000018
600018fc:	070b002f 	.word	0x070b002f
60001900:	70000019 	.word	0x70000019
60001904:	8000001a 	.word	0x8000001a

60001908 <usb_pll_start>:
{
60001908:	b4f0      	push	{r4, r5, r6, r7}
		uint32_t n = CCM_ANALOG_PLL_USB1; // pg 759
6000190a:	4a15      	ldr	r2, [pc, #84]	; (60001960 <usb_pll_start+0x58>)
			CCM_ANALOG_PLL_USB1_SET = CCM_ANALOG_PLL_USB1_EN_USB_CLKS;
6000190c:	2740      	movs	r7, #64	; 0x40
			CCM_ANALOG_PLL_USB1_CLR = CCM_ANALOG_PLL_USB1_BYPASS;
6000190e:	f44f 3180 	mov.w	r1, #65536	; 0x10000
			CCM_ANALOG_PLL_USB1_SET = CCM_ANALOG_PLL_USB1_POWER;
60001912:	f44f 5680 	mov.w	r6, #4096	; 0x1000
			CCM_ANALOG_PLL_USB1_SET = CCM_ANALOG_PLL_USB1_ENABLE;
60001916:	f44f 5500 	mov.w	r5, #8192	; 0x2000
			CCM_ANALOG_PLL_USB1_CLR = 0xC000;			// bypass 24 MHz
6000191a:	f44f 4440 	mov.w	r4, #49152	; 0xc000
			CCM_ANALOG_PLL_USB1_CLR = CCM_ANALOG_PLL_USB1_POWER |	// power down
6000191e:	f243 0042 	movw	r0, #12354	; 0x3042
		uint32_t n = CCM_ANALOG_PLL_USB1; // pg 759
60001922:	6913      	ldr	r3, [r2, #16]
		if (n & CCM_ANALOG_PLL_USB1_DIV_SELECT) {
60001924:	f013 0f02 	tst.w	r3, #2
60001928:	d10e      	bne.n	60001948 <usb_pll_start+0x40>
		if (!(n & CCM_ANALOG_PLL_USB1_ENABLE)) {
6000192a:	f413 5f00 	tst.w	r3, #8192	; 0x2000
6000192e:	d00f      	beq.n	60001950 <usb_pll_start+0x48>
		if (!(n & CCM_ANALOG_PLL_USB1_POWER)) {
60001930:	f413 5f80 	tst.w	r3, #4096	; 0x1000
60001934:	d00e      	beq.n	60001954 <usb_pll_start+0x4c>
		if (!(n & CCM_ANALOG_PLL_USB1_LOCK)) {
60001936:	2b00      	cmp	r3, #0
60001938:	daf3      	bge.n	60001922 <usb_pll_start+0x1a>
		if (n & CCM_ANALOG_PLL_USB1_BYPASS) {
6000193a:	f413 3f80 	tst.w	r3, #65536	; 0x10000
6000193e:	d10b      	bne.n	60001958 <usb_pll_start+0x50>
		if (!(n & CCM_ANALOG_PLL_USB1_EN_USB_CLKS)) {
60001940:	065b      	lsls	r3, r3, #25
60001942:	d50b      	bpl.n	6000195c <usb_pll_start+0x54>
}
60001944:	bcf0      	pop	{r4, r5, r6, r7}
60001946:	4770      	bx	lr
			CCM_ANALOG_PLL_USB1_CLR = 0xC000;			// bypass 24 MHz
60001948:	6194      	str	r4, [r2, #24]
			CCM_ANALOG_PLL_USB1_SET = CCM_ANALOG_PLL_USB1_BYPASS;	// bypass
6000194a:	6151      	str	r1, [r2, #20]
			CCM_ANALOG_PLL_USB1_CLR = CCM_ANALOG_PLL_USB1_POWER |	// power down
6000194c:	6190      	str	r0, [r2, #24]
			continue;
6000194e:	e7e8      	b.n	60001922 <usb_pll_start+0x1a>
			CCM_ANALOG_PLL_USB1_SET = CCM_ANALOG_PLL_USB1_ENABLE;
60001950:	6155      	str	r5, [r2, #20]
			continue;
60001952:	e7e6      	b.n	60001922 <usb_pll_start+0x1a>
			CCM_ANALOG_PLL_USB1_SET = CCM_ANALOG_PLL_USB1_POWER;
60001954:	6156      	str	r6, [r2, #20]
			continue;
60001956:	e7e4      	b.n	60001922 <usb_pll_start+0x1a>
			CCM_ANALOG_PLL_USB1_CLR = CCM_ANALOG_PLL_USB1_BYPASS;
60001958:	6191      	str	r1, [r2, #24]
			continue;
6000195a:	e7e2      	b.n	60001922 <usb_pll_start+0x1a>
			CCM_ANALOG_PLL_USB1_SET = CCM_ANALOG_PLL_USB1_EN_USB_CLKS;
6000195c:	6157      	str	r7, [r2, #20]
			continue;
6000195e:	e7e0      	b.n	60001922 <usb_pll_start+0x1a>
60001960:	400d8000 	.word	0x400d8000

60001964 <tempmon_init>:
  uint32_t calibrationData;
  uint32_t roomCount;
  uint32_t tempCodeVal;
      
  //first power on the temperature sensor - no register change
  TEMPMON_TEMPSENSE0 &= ~0x1U;
60001964:	4a3f      	ldr	r2, [pc, #252]	; (60001a64 <tempmon_init+0x100>)

  //set monitoring frequency - no register change
  TEMPMON_TEMPSENSE1 = (((uint32_t)(((uint32_t)(frequency)) << 0U)) & 0xFFFFU);
60001966:	2003      	movs	r0, #3
  
  //read calibration data - this works
  calibrationData = HW_OCOTP_ANA1;
60001968:	493f      	ldr	r1, [pc, #252]	; (60001a68 <tempmon_init+0x104>)
    s_hotTemp = (uint32_t)(calibrationData & 0xFFU) >> 0x00U;
    s_hotCount = (uint32_t)(calibrationData & 0xFFF00U) >> 0X08U;
    roomCount = (uint32_t)(calibrationData & 0xFFF00000U) >> 0x14U;
    s_hot_ROOM = (float) (s_hotTemp) - 25.0f;
6000196a:	eef3 5a09 	vmov.f32	s11, #57	; 0x41c80000  25.0
  TEMPMON_TEMPSENSE0 &= ~0x1U;
6000196e:	f8d2 3080 	ldr.w	r3, [r2, #128]	; 0x80
  
  //Start temp monitoring
  TEMPMON_TEMPSENSE0 |= 0x2U;   //starts temp monitoring

  //PANIC shutdown:
  NVIC_SET_PRIORITY(IRQ_TEMPERATURE_PANIC, 0);
60001972:	f04f 0c00 	mov.w	ip, #0
  tempCodeVal = ((float)s_hotCount + ((float)s_hotTemp - highAlarmTemp) * s_roomC_hotC / s_hot_ROOM);
60001976:	ed9f 6a3d 	vldr	s12, [pc, #244]	; 60001a6c <tempmon_init+0x108>
  TEMPMON_TEMPSENSE0 &= ~0x1U;
6000197a:	f023 0301 	bic.w	r3, r3, #1
  tempCodeVal = ((float)s_hotCount + ((float)s_hotTemp - panicAlarmTemp) * s_roomC_hotC / s_hot_ROOM);
6000197e:	ed9f 5a3c 	vldr	s10, [pc, #240]	; 60001a70 <tempmon_init+0x10c>
{
60001982:	b430      	push	{r4, r5}
  TEMPMON_TEMPSENSE0 &= ~0x1U;
60001984:	f8c2 3080 	str.w	r3, [r2, #128]	; 0x80
  TEMPMON_TEMPSENSE1 = (((uint32_t)(((uint32_t)(frequency)) << 0U)) & 0xFFFFU);
60001988:	f8c2 0090 	str.w	r0, [r2, #144]	; 0x90
  calibrationData = HW_OCOTP_ANA1;
6000198c:	f8d1 10e0 	ldr.w	r1, [r1, #224]	; 0xe0
    s_hotTemp = (uint32_t)(calibrationData & 0xFFU) >> 0x00U;
60001990:	4d38      	ldr	r5, [pc, #224]	; (60001a74 <tempmon_init+0x110>)
60001992:	b2cb      	uxtb	r3, r1
    s_hotCount = (uint32_t)(calibrationData & 0xFFF00U) >> 0X08U;
60001994:	4c38      	ldr	r4, [pc, #224]	; (60001a78 <tempmon_init+0x114>)
    s_hot_ROOM = (float) (s_hotTemp) - 25.0f;
60001996:	4839      	ldr	r0, [pc, #228]	; (60001a7c <tempmon_init+0x118>)
    s_hotTemp = (uint32_t)(calibrationData & 0xFFU) >> 0x00U;
60001998:	602b      	str	r3, [r5, #0]
    s_hot_ROOM = (float) (s_hotTemp) - 25.0f;
6000199a:	ee07 3a90 	vmov	s15, r3
    roomCount = (uint32_t)(calibrationData & 0xFFF00000U) >> 0x14U;
6000199e:	0d0b      	lsrs	r3, r1, #20
    s_hotCount = (uint32_t)(calibrationData & 0xFFF00U) >> 0X08U;
600019a0:	f3c1 210b 	ubfx	r1, r1, #8, #12
    s_hot_ROOM = (float) (s_hotTemp) - 25.0f;
600019a4:	eef8 7ae7 	vcvt.f32.s32	s15, s15
    roomCount = (uint32_t)(calibrationData & 0xFFF00000U) >> 0x14U;
600019a8:	ee06 3a90 	vmov	s13, r3
    s_roomC_hotC = (float) roomCount - (float) s_hotCount;
600019ac:	ee07 1a10 	vmov	s14, r1
600019b0:	4b33      	ldr	r3, [pc, #204]	; (60001a80 <tempmon_init+0x11c>)
600019b2:	eeb8 7ac7 	vcvt.f32.s32	s14, s14
    s_hotCount = (uint32_t)(calibrationData & 0xFFF00U) >> 0X08U;
600019b6:	6021      	str	r1, [r4, #0]
    s_roomC_hotC = (float) roomCount - (float) s_hotCount;
600019b8:	eef8 6ae6 	vcvt.f32.s32	s13, s13
    TEMPMON_TEMPSENSE2 |= (((uint32_t)(((uint32_t)(tempCodeVal)) << 16U)) & 0xFFF0000U);
600019bc:	4931      	ldr	r1, [pc, #196]	; (60001a84 <tempmon_init+0x120>)
  tempCodeVal = ((float)s_hotCount + ((float)s_hotTemp - highAlarmTemp) * s_roomC_hotC / s_hot_ROOM);
600019be:	ee37 6ac6 	vsub.f32	s12, s15, s12
  tempCodeVal = ((float)s_hotCount + ((float)s_hotTemp - panicAlarmTemp) * s_roomC_hotC / s_hot_ROOM);
600019c2:	ee37 5ac5 	vsub.f32	s10, s15, s10
    s_roomC_hotC = (float) roomCount - (float) s_hotCount;
600019c6:	ee76 6ac7 	vsub.f32	s13, s13, s14
    s_hot_ROOM = (float) (s_hotTemp) - 25.0f;
600019ca:	ee77 7ae5 	vsub.f32	s15, s15, s11
  tempCodeVal = ((float)s_hotCount + ((float)s_hotTemp - highAlarmTemp) * s_roomC_hotC / s_hot_ROOM);
600019ce:	ee26 6a26 	vmul.f32	s12, s12, s13
    s_roomC_hotC = (float) roomCount - (float) s_hotCount;
600019d2:	edc3 6a00 	vstr	s13, [r3]
  tempCodeVal = ((float)s_hotCount + ((float)s_hotTemp - panicAlarmTemp) * s_roomC_hotC / s_hot_ROOM);
600019d6:	ee25 5a26 	vmul.f32	s10, s10, s13
    TEMPMON_TEMPSENSE0 |= (((uint32_t)(((uint32_t)(tempCodeVal)) << 20U)) & 0xFFF00000U);
600019da:	f8d2 3080 	ldr.w	r3, [r2, #128]	; 0x80
  tempCodeVal = ((float)s_hotCount + ((float)s_hotTemp - lowAlarmTemp) * s_roomC_hotC / s_hot_ROOM);
600019de:	ee67 4aa6 	vmul.f32	s9, s15, s13
    s_hot_ROOM = (float) (s_hotTemp) - 25.0f;
600019e2:	edc0 7a00 	vstr	s15, [r0]
  tempCodeVal = ((float)s_hotCount + ((float)s_hotTemp - highAlarmTemp) * s_roomC_hotC / s_hot_ROOM);
600019e6:	eec6 5a27 	vdiv.f32	s11, s12, s15
  NVIC_SET_PRIORITY(IRQ_TEMPERATURE_PANIC, 0);
600019ea:	4827      	ldr	r0, [pc, #156]	; (60001a88 <tempmon_init+0x124>)
  tempCodeVal = ((float)s_hotCount + ((float)s_hotTemp - panicAlarmTemp) * s_roomC_hotC / s_hot_ROOM);
600019ec:	ee85 6a27 	vdiv.f32	s12, s10, s15
  tempCodeVal = ((float)s_hotCount + ((float)s_hotTemp - lowAlarmTemp) * s_roomC_hotC / s_hot_ROOM);
600019f0:	eec4 6aa7 	vdiv.f32	s13, s9, s15
  tempCodeVal = ((float)s_hotCount + ((float)s_hotTemp - highAlarmTemp) * s_roomC_hotC / s_hot_ROOM);
600019f4:	ee75 5a87 	vadd.f32	s11, s11, s14
600019f8:	eefc 5ae5 	vcvt.u32.f32	s11, s11
  tempCodeVal = ((float)s_hotCount + ((float)s_hotTemp - panicAlarmTemp) * s_roomC_hotC / s_hot_ROOM);
600019fc:	ee36 6a07 	vadd.f32	s12, s12, s14
    TEMPMON_TEMPSENSE0 |= (((uint32_t)(((uint32_t)(tempCodeVal)) << 20U)) & 0xFFF00000U);
60001a00:	ee15 4a90 	vmov	r4, s11
  tempCodeVal = ((float)s_hotCount + ((float)s_hotTemp - panicAlarmTemp) * s_roomC_hotC / s_hot_ROOM);
60001a04:	eebc 6ac6 	vcvt.u32.f32	s12, s12
    TEMPMON_TEMPSENSE0 |= (((uint32_t)(((uint32_t)(tempCodeVal)) << 20U)) & 0xFFF00000U);
60001a08:	ea43 5304 	orr.w	r3, r3, r4, lsl #20
  tempCodeVal = ((float)s_hotCount + ((float)s_hotTemp - lowAlarmTemp) * s_roomC_hotC / s_hot_ROOM);
60001a0c:	ee76 7a87 	vadd.f32	s15, s13, s14
    TEMPMON_TEMPSENSE0 |= (((uint32_t)(((uint32_t)(tempCodeVal)) << 20U)) & 0xFFF00000U);
60001a10:	f8c2 3080 	str.w	r3, [r2, #128]	; 0x80
    TEMPMON_TEMPSENSE2 |= (((uint32_t)(((uint32_t)(tempCodeVal)) << 16U)) & 0xFFF0000U);
60001a14:	ee16 3a10 	vmov	r3, s12
60001a18:	f8d2 4190 	ldr.w	r4, [r2, #400]	; 0x190
  tempCodeVal = ((float)s_hotCount + ((float)s_hotTemp - lowAlarmTemp) * s_roomC_hotC / s_hot_ROOM);
60001a1c:	eefc 7ae7 	vcvt.u32.f32	s15, s15
    TEMPMON_TEMPSENSE2 |= (((uint32_t)(((uint32_t)(tempCodeVal)) << 16U)) & 0xFFF0000U);
60001a20:	ea01 4103 	and.w	r1, r1, r3, lsl #16
60001a24:	4321      	orrs	r1, r4
  tempCodeVal = ((float)s_hotCount + ((float)s_hotTemp - lowAlarmTemp) * s_roomC_hotC / s_hot_ROOM);
60001a26:	ee17 3a90 	vmov	r3, s15
    TEMPMON_TEMPSENSE2 |= (((uint32_t)(((uint32_t)(tempCodeVal)) << 16U)) & 0xFFF0000U);
60001a2a:	f8c2 1190 	str.w	r1, [r2, #400]	; 0x190
    TEMPMON_TEMPSENSE2 |= (((uint32_t)(((uint32_t)(tempCodeVal)) << 0U)) & 0xFFFU);
60001a2e:	f3c3 030b 	ubfx	r3, r3, #0, #12
60001a32:	f8d2 1190 	ldr.w	r1, [r2, #400]	; 0x190
60001a36:	430b      	orrs	r3, r1
static inline void attachInterruptVector(IRQ_NUMBER_t irq, void (*function)(void)) __attribute__((always_inline, unused));
static inline void attachInterruptVector(IRQ_NUMBER_t irq, void (*function)(void)) { _VectorsRam[irq + 16] = function; asm volatile("": : :"memory"); }
#else
extern void (* volatile _VectorsRam[NVIC_NUM_INTERRUPTS+16])(void);
static inline void attachInterruptVector(enum IRQ_NUMBER_t irq, void (*function)(void)) __attribute__((always_inline, unused));
static inline void attachInterruptVector(enum IRQ_NUMBER_t irq, void (*function)(void)) { _VectorsRam[irq + 16] = function; asm volatile("": : :"memory"); }
60001a38:	4914      	ldr	r1, [pc, #80]	; (60001a8c <tempmon_init+0x128>)
60001a3a:	f8c2 3190 	str.w	r3, [r2, #400]	; 0x190
  TEMPMON_TEMPSENSE0 |= 0x2U;   //starts temp monitoring
60001a3e:	f8d2 3080 	ldr.w	r3, [r2, #128]	; 0x80
60001a42:	f043 0302 	orr.w	r3, r3, #2
60001a46:	f8c2 3080 	str.w	r3, [r2, #128]	; 0x80
60001a4a:	4b11      	ldr	r3, [pc, #68]	; (60001a90 <tempmon_init+0x12c>)
  NVIC_SET_PRIORITY(IRQ_TEMPERATURE_PANIC, 0);
60001a4c:	f880 c040 	strb.w	ip, [r0, #64]	; 0x40
60001a50:	f8c1 3140 	str.w	r3, [r1, #320]	; 0x140
  attachInterruptVector(IRQ_TEMPERATURE_PANIC, &Panic_Temp_isr);
  NVIC_ENABLE_IRQ(IRQ_TEMPERATURE_PANIC);
60001a54:	f04f 23e0 	mov.w	r3, #3758153728	; 0xe000e000
60001a58:	2201      	movs	r2, #1
}
60001a5a:	bc30      	pop	{r4, r5}
  NVIC_ENABLE_IRQ(IRQ_TEMPERATURE_PANIC);
60001a5c:	f8c3 2108 	str.w	r2, [r3, #264]	; 0x108
}
60001a60:	4770      	bx	lr
60001a62:	bf00      	nop
60001a64:	400d8100 	.word	0x400d8100
60001a68:	401f4400 	.word	0x401f4400
60001a6c:	42aa0000 	.word	0x42aa0000
60001a70:	42b40000 	.word	0x42b40000
60001a74:	20001e04 	.word	0x20001e04
60001a78:	20001e00 	.word	0x20001e00
60001a7c:	20001e08 	.word	0x20001e08
60001a80:	20001e0c 	.word	0x20001e0c
60001a84:	0fff0000 	.word	0x0fff0000
60001a88:	e000e400 	.word	0xe000e400
60001a8c:	20000c00 	.word	0x20000c00
60001a90:	00002515 	.word	0x00002515

60001a94 <usb_init>:
FLASHMEM void usb_init(void)
{
	// TODO: only enable when VBUS detected
	// TODO: return to low power mode when VBUS removed
	// TODO: protect PMU access with MPU
	PMU_REG_3P0 = PMU_REG_3P0_OUTPUT_TRG(0x0F) | PMU_REG_3P0_BO_OFFSET(6)
60001a94:	4b31      	ldr	r3, [pc, #196]	; (60001b5c <usb_init+0xc8>)
60001a96:	f640 7261 	movw	r2, #3937	; 0xf61
{
60001a9a:	b510      	push	{r4, lr}
	PMU_REG_3P0 = PMU_REG_3P0_OUTPUT_TRG(0x0F) | PMU_REG_3P0_BO_OFFSET(6)
60001a9c:	f8c3 2120 	str.w	r2, [r3, #288]	; 0x120

	CCM_CCGR6 |= CCM_CCGR6_USBOH3(CCM_CCGR_ON); // turn on clocks to USB peripheral
	
	printf("BURSTSIZE=%08lX\n", USB1_BURSTSIZE);
	//USB1_BURSTSIZE = USB_BURSTSIZE_TXPBURST(4) | USB_BURSTSIZE_RXPBURST(4);
	USB1_BURSTSIZE = 0x0404;
60001aa0:	f240 4404 	movw	r4, #1028	; 0x404
	usb_init_serialnumber();
60001aa4:	f000 f8ac 	bl	60001c00 <__usb_init_serialnumber_veneer>
	CCM_CCGR6 |= CCM_CCGR6_USBOH3(CCM_CCGR_ON); // turn on clocks to USB peripheral
60001aa8:	4a2d      	ldr	r2, [pc, #180]	; (60001b60 <usb_init+0xcc>)
	USB1_BURSTSIZE = 0x0404;
60001aaa:	492e      	ldr	r1, [pc, #184]	; (60001b64 <usb_init+0xd0>)
	CCM_CCGR6 |= CCM_CCGR6_USBOH3(CCM_CCGR_ON); // turn on clocks to USB peripheral
60001aac:	f8d2 3080 	ldr.w	r3, [r2, #128]	; 0x80
	//printf("USB1_USBMODE=%08lX\n", USB1_USBMODE);

	// turn on PLL3, wait for 480 MHz lock?
	// turn on CCM clock gates?  CCGR6[CG0]
#if 1
	if ((USBPHY1_PWD & (USBPHY_PWD_RXPWDRX | USBPHY_PWD_RXPWDDIFF | USBPHY_PWD_RXPWD1PT1
60001ab0:	482d      	ldr	r0, [pc, #180]	; (60001b68 <usb_init+0xd4>)
	CCM_CCGR6 |= CCM_CCGR6_USBOH3(CCM_CCGR_ON); // turn on clocks to USB peripheral
60001ab2:	f043 0303 	orr.w	r3, r3, #3
60001ab6:	f8c2 3080 	str.w	r3, [r2, #128]	; 0x80
	if ((USBPHY1_PWD & (USBPHY_PWD_RXPWDRX | USBPHY_PWD_RXPWDDIFF | USBPHY_PWD_RXPWD1PT1
60001aba:	4b2c      	ldr	r3, [pc, #176]	; (60001b6c <usb_init+0xd8>)
	USB1_BURSTSIZE = 0x0404;
60001abc:	f8c1 4160 	str.w	r4, [r1, #352]	; 0x160
	if ((USBPHY1_PWD & (USBPHY_PWD_RXPWDRX | USBPHY_PWD_RXPWDDIFF | USBPHY_PWD_RXPWD1PT1
60001ac0:	6802      	ldr	r2, [r0, #0]
60001ac2:	421a      	tst	r2, r3
60001ac4:	d103      	bne.n	60001ace <usb_init+0x3a>
	  | USBPHY_PWD_RXPWDENV | USBPHY_PWD_TXPWDV2I | USBPHY_PWD_TXPWDIBIAS
	  | USBPHY_PWD_TXPWDFS)) || (USB1_USBMODE & USB_USBMODE_CM_MASK)) {
60001ac6:	f8d1 31a8 	ldr.w	r3, [r1, #424]	; 0x1a8
60001aca:	079a      	lsls	r2, r3, #30
60001acc:	d01b      	beq.n	60001b06 <usb_init+0x72>
		// USB controller is turned on from previous use
		// reset needed to turn it off & start from clean slate
		USBPHY1_CTRL_SET = USBPHY_CTRL_SFTRST; // USBPHY1_CTRL page 3292
		USB1_USBCMD |= USB_USBCMD_RST; // reset controller
60001ace:	4a25      	ldr	r2, [pc, #148]	; (60001b64 <usb_init+0xd0>)
		USBPHY1_CTRL_SET = USBPHY_CTRL_SFTRST; // USBPHY1_CTRL page 3292
60001ad0:	f04f 4100 	mov.w	r1, #2147483648	; 0x80000000
60001ad4:	4b24      	ldr	r3, [pc, #144]	; (60001b68 <usb_init+0xd4>)
60001ad6:	6359      	str	r1, [r3, #52]	; 0x34
		USB1_USBCMD |= USB_USBCMD_RST; // reset controller
60001ad8:	f8d2 3140 	ldr.w	r3, [r2, #320]	; 0x140
60001adc:	f043 0302 	orr.w	r3, r3, #2
60001ae0:	f8c2 3140 	str.w	r3, [r2, #320]	; 0x140
		int count=0;
		while (USB1_USBCMD & USB_USBCMD_RST) count++;
60001ae4:	f8d2 3140 	ldr.w	r3, [r2, #320]	; 0x140
60001ae8:	079b      	lsls	r3, r3, #30
60001aea:	d4fb      	bmi.n	60001ae4 <usb_init+0x50>
		NVIC_CLEAR_PENDING(IRQ_USB1);
60001aec:	f44f 3000 	mov.w	r0, #131072	; 0x20000
60001af0:	f04f 21e0 	mov.w	r1, #3758153728	; 0xe000e000
		USBPHY1_CTRL_CLR = USBPHY_CTRL_SFTRST; // reset PHY
60001af4:	4b1c      	ldr	r3, [pc, #112]	; (60001b68 <usb_init+0xd4>)
60001af6:	f04f 4200 	mov.w	r2, #2147483648	; 0x80000000
		NVIC_CLEAR_PENDING(IRQ_USB1);
60001afa:	f8c1 028c 	str.w	r0, [r1, #652]	; 0x28c
		//printf("USBPHY1_PWD=%08lX\n", USBPHY1_PWD);
		//printf("USBPHY1_TX=%08lX\n", USBPHY1_TX);
		//printf("USBPHY1_RX=%08lX\n", USBPHY1_RX);
		//printf("USBPHY1_CTRL=%08lX\n", USBPHY1_CTRL);
		//printf("USB1_USBMODE=%08lX\n", USB1_USBMODE);
		delay(25);
60001afe:	2019      	movs	r0, #25
		USBPHY1_CTRL_CLR = USBPHY_CTRL_SFTRST; // reset PHY
60001b00:	639a      	str	r2, [r3, #56]	; 0x38
		delay(25);
60001b02:	f000 f879 	bl	60001bf8 <__delay_veneer>
	// ENDPTFLUSH	pg 3247
	// ENDPTSTAT	pg 3247
	// ENDPTCOMPLETE   3248
	// ENDPTCTRL0	pg 3249

	USBPHY1_CTRL_CLR = USBPHY_CTRL_CLKGATE;
60001b06:	4a18      	ldr	r2, [pc, #96]	; (60001b68 <usb_init+0xd4>)
60001b08:	f04f 4080 	mov.w	r0, #1073741824	; 0x40000000
	USBPHY1_PWD = 0;
	//printf("USBPHY1_PWD=%08lX\n", USBPHY1_PWD);
	//printf("USBPHY1_CTRL=%08lX\n", USBPHY1_CTRL);

	USB1_USBMODE = USB_USBMODE_CM(2) | USB_USBMODE_SLOM;
60001b0c:	4c15      	ldr	r4, [pc, #84]	; (60001b64 <usb_init+0xd0>)
	USBPHY1_PWD = 0;
60001b0e:	2100      	movs	r1, #0
	USBPHY1_CTRL_CLR = USBPHY_CTRL_CLKGATE;
60001b10:	6390      	str	r0, [r2, #56]	; 0x38
	USB1_USBMODE = USB_USBMODE_CM(2) | USB_USBMODE_SLOM;
60001b12:	200a      	movs	r0, #10
	memset(endpoint_queue_head, 0, sizeof(endpoint_queue_head));
60001b14:	4b16      	ldr	r3, [pc, #88]	; (60001b70 <usb_init+0xdc>)
	USBPHY1_PWD = 0;
60001b16:	6011      	str	r1, [r2, #0]
	memset(endpoint_queue_head, 0, sizeof(endpoint_queue_head));
60001b18:	f44f 7220 	mov.w	r2, #640	; 0x280
	USB1_USBMODE = USB_USBMODE_CM(2) | USB_USBMODE_SLOM;
60001b1c:	f8c4 01a8 	str.w	r0, [r4, #424]	; 0x1a8
	memset(endpoint_queue_head, 0, sizeof(endpoint_queue_head));
60001b20:	4618      	mov	r0, r3
60001b22:	f000 f871 	bl	60001c08 <__memset_veneer>
	endpoint_queue_head[0].config = (64 << 16) | (1 << 15);
	endpoint_queue_head[1].config = (64 << 16);
60001b26:	f44f 0280 	mov.w	r2, #4194304	; 0x400000
	memset(endpoint_queue_head, 0, sizeof(endpoint_queue_head));
60001b2a:	4603      	mov	r3, r0
	endpoint_queue_head[0].config = (64 << 16) | (1 << 15);
60001b2c:	f44f 0081 	mov.w	r0, #4227072	; 0x408000
	USB1_ENDPOINTLISTADDR = (uint32_t)&endpoint_queue_head;
	//  Recommended: enable all device interrupts including: USBINT, USBERRINT,
	// Port Change Detect, USB Reset Received, DCSuspend.
	USB1_USBINTR = USB_USBINTR_UE | USB_USBINTR_UEE | /* USB_USBINTR_PCE | */
60001b30:	f240 1143 	movw	r1, #323	; 0x143
	endpoint_queue_head[0].config = (64 << 16) | (1 << 15);
60001b34:	6018      	str	r0, [r3, #0]
	USB1_ENDPOINTLISTADDR = (uint32_t)&endpoint_queue_head;
60001b36:	f8c4 3158 	str.w	r3, [r4, #344]	; 0x158
	endpoint_queue_head[1].config = (64 << 16);
60001b3a:	641a      	str	r2, [r3, #64]	; 0x40
60001b3c:	4b0d      	ldr	r3, [pc, #52]	; (60001b74 <usb_init+0xe0>)
60001b3e:	4a0e      	ldr	r2, [pc, #56]	; (60001b78 <usb_init+0xe4>)
	USB1_USBINTR = USB_USBINTR_UE | USB_USBINTR_UEE | /* USB_USBINTR_PCE | */
60001b40:	f8c4 1148 	str.w	r1, [r4, #328]	; 0x148
60001b44:	f8c3 2204 	str.w	r2, [r3, #516]	; 0x204
		USB_USBINTR_URE | USB_USBINTR_SLE;
	//_VectorsRam[IRQ_USB1+16] = &usb_isr;
	attachInterruptVector(IRQ_USB1, &usb_isr);
	NVIC_ENABLE_IRQ(IRQ_USB1);
60001b48:	f04f 22e0 	mov.w	r2, #3758153728	; 0xe000e000
60001b4c:	f44f 3100 	mov.w	r1, #131072	; 0x20000
	//printf("USB1_ENDPTCTRL0=%08lX\n", USB1_ENDPTCTRL0);
	//printf("USB1_ENDPTCTRL1=%08lX\n", USB1_ENDPTCTRL1);
	//printf("USB1_ENDPTCTRL2=%08lX\n", USB1_ENDPTCTRL2);
	//printf("USB1_ENDPTCTRL3=%08lX\n", USB1_ENDPTCTRL3);
	USB1_USBCMD = USB_USBCMD_RS;
60001b50:	2301      	movs	r3, #1
	NVIC_ENABLE_IRQ(IRQ_USB1);
60001b52:	f8c2 110c 	str.w	r1, [r2, #268]	; 0x10c
	USB1_USBCMD = USB_USBCMD_RS;
60001b56:	f8c4 3140 	str.w	r3, [r4, #320]	; 0x140
	//transfer_log_head = 0;
	//transfer_log_count = 0;
	//USB1_PORTSC1 |= USB_PORTSC1_PFSC; // force 12 Mbit/sec
}
60001b5a:	bd10      	pop	{r4, pc}
60001b5c:	400d8000 	.word	0x400d8000
60001b60:	400fc000 	.word	0x400fc000
60001b64:	402e0000 	.word	0x402e0000
60001b68:	400d9000 	.word	0x400d9000
60001b6c:	001e1c00 	.word	0x001e1c00
60001b70:	20000000 	.word	0x20000000
60001b74:	20000c00 	.word	0x20000c00
60001b78:	00002735 	.word	0x00002735

60001b7c <_reboot_Teensyduino_>:


FLASHMEM __attribute__((noinline)) void _reboot_Teensyduino_(void)
{
60001b7c:	b508      	push	{r3, lr}
	if (!(HW_OCOTP_CFG5 & 0x02)) {
60001b7e:	4b0e      	ldr	r3, [pc, #56]	; (60001bb8 <_reboot_Teensyduino_+0x3c>)
60001b80:	6e1b      	ldr	r3, [r3, #96]	; 0x60
60001b82:	079b      	lsls	r3, r3, #30
60001b84:	d400      	bmi.n	60001b88 <_reboot_Teensyduino_+0xc>
		asm("bkpt #251"); // run bootloader
60001b86:	befb      	bkpt	0x00fb
	} else {
		__disable_irq(); // secure mode NXP ROM reboot
60001b88:	b672      	cpsid	i
		USB1_USBCMD = 0;
60001b8a:	4b0c      	ldr	r3, [pc, #48]	; (60001bbc <_reboot_Teensyduino_+0x40>)
60001b8c:	2000      	movs	r0, #0
		IOMUXC_GPR_GPR16 = 0x00200003;
60001b8e:	4a0c      	ldr	r2, [pc, #48]	; (60001bc0 <_reboot_Teensyduino_+0x44>)
		USB1_USBCMD = 0;
60001b90:	f8c3 0140 	str.w	r0, [r3, #320]	; 0x140
		// TODO: wipe all RAM for security
		__asm__ volatile("mov sp, %0" : : "r" (0x20201000) : );
60001b94:	f103 4360 	add.w	r3, r3, #3758096384	; 0xe0000000
		IOMUXC_GPR_GPR16 = 0x00200003;
60001b98:	490a      	ldr	r1, [pc, #40]	; (60001bc4 <_reboot_Teensyduino_+0x48>)
		__asm__ volatile("mov sp, %0" : : "r" (0x20201000) : );
60001b9a:	f5a3 235f 	sub.w	r3, r3, #913408	; 0xdf000
		IOMUXC_GPR_GPR16 = 0x00200003;
60001b9e:	6411      	str	r1, [r2, #64]	; 0x40
		__asm__ volatile("mov sp, %0" : : "r" (0x20201000) : );
60001ba0:	469d      	mov	sp, r3
		__asm__ volatile("dsb":::"memory");
60001ba2:	f3bf 8f4f 	dsb	sy
		volatile uint32_t * const p = (uint32_t *)0x20208000;
		*p = 0xEB120000;
		((void (*)(volatile void *))(*(uint32_t *)(*(uint32_t *)0x0020001C + 8)))(p);
60001ba6:	f44f 1300 	mov.w	r3, #2097152	; 0x200000
		*p = 0xEB120000;
60001baa:	4807      	ldr	r0, [pc, #28]	; (60001bc8 <_reboot_Teensyduino_+0x4c>)
60001bac:	4a07      	ldr	r2, [pc, #28]	; (60001bcc <_reboot_Teensyduino_+0x50>)
		((void (*)(volatile void *))(*(uint32_t *)(*(uint32_t *)0x0020001C + 8)))(p);
60001bae:	69db      	ldr	r3, [r3, #28]
		*p = 0xEB120000;
60001bb0:	6002      	str	r2, [r0, #0]
		((void (*)(volatile void *))(*(uint32_t *)(*(uint32_t *)0x0020001C + 8)))(p);
60001bb2:	689b      	ldr	r3, [r3, #8]
60001bb4:	4798      	blx	r3
	}
	__builtin_unreachable();
60001bb6:	bf00      	nop
60001bb8:	401f4400 	.word	0x401f4400
60001bbc:	402e0000 	.word	0x402e0000
60001bc0:	400ac000 	.word	0x400ac000
60001bc4:	00200003 	.word	0x00200003
60001bc8:	20208000 	.word	0x20208000
60001bcc:	eb120000 	.word	0xeb120000

60001bd0 <_init>:
60001bd0:	b5f8      	push	{r3, r4, r5, r6, r7, lr}
60001bd2:	bf00      	nop
60001bd4:	bcf8      	pop	{r3, r4, r5, r6, r7}
60001bd6:	bc08      	pop	{r3}
60001bd8:	469e      	mov	lr, r3
60001bda:	4770      	bx	lr
60001bdc:	0000      	movs	r0, r0
	...

60001be0 <____libc_init_array_veneer>:
60001be0:	f85f f000 	ldr.w	pc, [pc]	; 60001be4 <____libc_init_array_veneer+0x4>
60001be4:	00004499 	.word	0x00004499

60001be8 <__pwm_init_veneer>:
60001be8:	f85f f000 	ldr.w	pc, [pc]	; 60001bec <__pwm_init_veneer+0x4>
60001bec:	00002295 	.word	0x00002295

60001bf0 <__set_arm_clock_veneer>:
60001bf0:	f85f f000 	ldr.w	pc, [pc]	; 60001bf4 <__set_arm_clock_veneer+0x4>
60001bf4:	00001c01 	.word	0x00001c01

60001bf8 <__delay_veneer>:
60001bf8:	f85f f000 	ldr.w	pc, [pc]	; 60001bfc <__delay_veneer+0x4>
60001bfc:	00001ef1 	.word	0x00001ef1

60001c00 <__usb_init_serialnumber_veneer>:
60001c00:	f85f f000 	ldr.w	pc, [pc]	; 60001c04 <__usb_init_serialnumber_veneer+0x4>
60001c04:	00002e31 	.word	0x00002e31

60001c08 <__memset_veneer>:
60001c08:	f85f f000 	ldr.w	pc, [pc]	; 60001c0c <__memset_veneer+0x4>
60001c0c:	000043f5 	.word	0x000043f5

60001c10 <__main_veneer>:
60001c10:	f85f f000 	ldr.w	pc, [pc]	; 60001c14 <__main_veneer+0x4>
60001c14:	000020d5 	.word	0x000020d5

60001c18 <__frame_dummy_init_array_entry>:
60001c18:	00000045 00001259                       E...Y...

Disassembly of section .text.itcm:

00000000 <_stext>:
	...

00000020 <register_tm_clones>:
{
        char *prev = __brkval;
        if (incr != 0) {
                if (prev + incr > (char *)&_heap_end) {
                        errno = ENOMEM;
                        return (void *)-1;
      20:	4805      	ldr	r0, [pc, #20]	; (38 <_teensy_model_identifier+0x14>)
      22:	4b06      	ldr	r3, [pc, #24]	; (3c <_teensy_model_identifier+0x18>)
                        errno = ENOMEM;
      24:	1a1b      	subs	r3, r3, r0
                }
                __brkval = prev + incr;
        }
        return prev;
}
      26:	0fd9      	lsrs	r1, r3, #31
      28:	eb01 01a3 	add.w	r1, r1, r3, asr #2
      2c:	1049      	asrs	r1, r1, #1
      2e:	d002      	beq.n	36 <_teensy_model_identifier+0x12>
      30:	4b03      	ldr	r3, [pc, #12]	; (40 <_teensy_model_identifier+0x1c>)
      32:	b103      	cbz	r3, 36 <_teensy_model_identifier+0x12>
  static const uint8_t UNSTABLE_STATE  = 0b00000010;
  static const uint8_t CHANGED_STATE   = 0b00000100;

private:
  inline void changeState();
  inline void setStateFlag(const uint8_t flag)    {state |= flag;}
      34:	4718      	bx	r3
      36:	4770      	bx	lr
      38:	20000ec0 	.word	0x20000ec0
      3c:	20000ec0 	.word	0x20000ec0
      40:	00000000 	.word	0x00000000

00000044 <frame_dummy>:
	// start the SRTC
	SNVS_LPCR |= SNVS_LPCR_SRTC_ENV;
	while (!(SNVS_LPCR & SNVS_LPCR_SRTC_ENV)); // wait
	// start the RTC and sync it to the SRTC
	SNVS_HPCR |= SNVS_HPCR_RTC_EN | SNVS_HPCR_HP_TS;
}
      44:	b508      	push	{r3, lr}
      46:	4b05      	ldr	r3, [pc, #20]	; (5c <frame_dummy+0x18>)

static void usb_endpoint_config(endpoint_t *qh, uint32_t config, void (*callback)(transfer_t *))
{
	memset(qh, 0, sizeof(endpoint_t));
	qh->config = config;
	qh->next = 1; // Terminate bit = 1
      48:	b11b      	cbz	r3, 52 <frame_dummy+0xe>
      4a:	4905      	ldr	r1, [pc, #20]	; (60 <frame_dummy+0x1c>)
{
	if (mult < 1 || mult > 3) return;
	uint32_t config = (packet_size << 16) | (mult << 30);
	if (ep < 2 || ep > NUM_ENDPOINTS) return;
	usb_endpoint_config(endpoint_queue_head + ep * 2 + 1, config, cb);
	if (cb) endpointN_notify_mask |= (1 << (ep + 16));
      4c:	4805      	ldr	r0, [pc, #20]	; (64 <frame_dummy+0x20>)
      4e:	f3af 8000 	nop.w
      52:	e8bd 4008 	ldmia.w	sp!, {r3, lr}
      56:	f7ff bfe3 	b.w	20 <register_tm_clones>
      5a:	bf00      	nop
      5c:	00000000 	.word	0x00000000
}
      60:	20001338 	.word	0x20001338
      64:	60008000 	.word	0x60008000

00000068 <EndlessPotentiometer::EndlessPotentiometer()>:
#include <stdio.h>
#include <stdlib.h>

static const int HALF_POT_VALUE = (MAX_POT_VALUE >> 1);

EndlessPotentiometer::EndlessPotentiometer() {
      68:	2200      	movs	r2, #0
      6a:	2100      	movs	r1, #0
      6c:	b410      	push	{r4}
      6e:	f640 74ff 	movw	r4, #4095	; 0xfff
      72:	6041      	str	r1, [r0, #4]
      74:	60c2      	str	r2, [r0, #12]
      76:	6244      	str	r4, [r0, #36]	; 0x24
      78:	6101      	str	r1, [r0, #16]
  valueA = 0;
  valueB = 0;
  valueChanged = 0;
  value = 0;
}
      7a:	f85d 4b04 	ldr.w	r4, [sp], #4
  valueChanged = 0;
      7e:	6082      	str	r2, [r0, #8]
  value = 0;
      80:	6002      	str	r2, [r0, #0]
EndlessPotentiometer::EndlessPotentiometer() {
      82:	e9c0 2207 	strd	r2, r2, [r0, #28]
  valueB = 0;
      86:	e9c0 2205 	strd	r2, r2, [r0, #20]
}
      8a:	4770      	bx	lr
{
	MillisTimer *timer = listActive;
	while (timer) {
		if (timer->_ms > 0) {
			timer->_ms--;
			break;
      8c:	0000      	movs	r0, r0
	...

00000090 <EndlessPotentiometer::updateValues(int, int)>:
      90:	f2a2 73ff 	subw	r3, r2, #2047	; 0x7ff
void LEDRingSmall::LEDRingSmall_Set_RGB(uint8_t led_n, uint32_t color) {

  writeRegister8(issi_led_map[0][led_n], ((color >> 16) & 0xFF));
  writeRegister8(issi_led_map[1][led_n], ((color >> 8) & 0xFF));
  writeRegister8(issi_led_map[2][led_n], (color & 0xFF));
}
      94:	ee00 3a90 	vmov	s1, r3
	void beginTransmission(int address) {
		beginTransmission((uint8_t)address);
	}
	uint8_t endTransmission(uint8_t sendStop);
	uint8_t endTransmission(void) {
		return endTransmission(1);
      98:	f2a1 73ff 	subw	r3, r1, #2047	; 0x7ff
      9c:	e92d 41f0 	stmdb	sp!, {r4, r5, r6, r7, r8, lr}
	}
	//printf(" div=%lu, scale=%lu\n", newdiv, prescale);
	p->MCTRL |= FLEXPWM_MCTRL_CLDOK(mask);
	p->SM[submodule].CTRL = FLEXPWM_SMCTRL_FULL | FLEXPWM_SMCTRL_PRSC(prescale);
	p->SM[submodule].VAL1 = newdiv - 1;
	p->SM[submodule].VAL0 = (p->SM[submodule].VAL0 * newdiv) / olddiv;
      a0:	ee00 3a10 	vmov	s0, r3
	p->SM[submodule].VAL3 = (p->SM[submodule].VAL3 * newdiv) / olddiv;
      a4:	eef8 0ae0 	vcvt.f32.s32	s1, s1
      a8:	4605      	mov	r5, r0
      aa:	460c      	mov	r4, r1
      ac:	eeb8 0ac0 	vcvt.f32.s32	s0, s0
      b0:	4616      	mov	r6, r2
	p->SM[submodule].VAL5 = (p->SM[submodule].VAL5 * newdiv) / olddiv;
      b2:	e9d0 8705 	ldrd	r8, r7, [r0, #20]
      b6:	e9c0 1205 	strd	r1, r2, [r0, #20]
      ba:	e9c0 8707 	strd	r8, r7, [r0, #28]
      be:	f003 fcf9 	bl	3ab4 <atan2f>
	p->MCTRL |= FLEXPWM_MCTRL_LDOK(mask);
      c2:	eeb7 7ac0 	vcvt.f64.f32	d7, s0
      c6:	6829      	ldr	r1, [r5, #0]
      c8:	ed9f 4b3f 	vldr	d4, [pc, #252]	; 1c8 <EndlessPotentiometer::updateValues(int, int)+0x138>
      cc:	ed9f 6b40 	vldr	d6, [pc, #256]	; 1d0 <EndlessPotentiometer::updateValues(int, int)+0x140>
}
      d0:	ed9f 5b41 	vldr	d5, [pc, #260]	; 1d8 <EndlessPotentiometer::updateValues(int, int)+0x148>
	while (newdiv > 65535 && prescale < 7) {
      d4:	ee37 7b04 	vadd.f64	d7, d7, d4
      d8:	ee27 7b06 	vmul.f64	d7, d7, d6
	} else if (length == 1) {
                usb_midi_write_packed(0x06 | cable | (data[0] << 8) | (0xF7 << 16));
	} else {
                usb_midi_write_packed(0x05 | cable | (0xF7 << 8));
	}
}
      dc:	ee87 6b05 	vdiv.f64	d6, d7, d5
      e0:	eefd 7bc6 	vcvt.s32.f64	s15, d6
                usb_midi_write_packed(0x06 | cable | (data[0] << 8) | (0xF7 << 16));
      e4:	ee17 3a90 	vmov	r3, s15
	if (!usb_configuration) return;
      e8:	1a5a      	subs	r2, r3, r1
                usb_midi_write_packed(0x06 | cable | (data[0] << 8) | (0xF7 << 16));
      ea:	ea82 70e2 	eor.w	r0, r2, r2, asr #31
      ee:	eba0 70e2 	sub.w	r0, r0, r2, asr #31
}
      f2:	f5b0 6f00 	cmp.w	r0, #2048	; 0x800
      f6:	db04      	blt.n	102 <EndlessPotentiometer::updateValues(int, int)+0x72>
      f8:	2a00      	cmp	r2, #0
      fa:	dd5b      	ble.n	1b4 <EndlessPotentiometer::updateValues(int, int)+0x124>
      fc:	f601 71ff 	addw	r1, r1, #4095	; 0xfff
     100:	1a5a      	subs	r2, r3, r1
     102:	edd5 6a01 	vldr	s13, [r5, #4]
     106:	eba4 0108 	sub.w	r1, r4, r8
     10a:	eeb6 6a00 	vmov.f32	s12, #96	; 0x3f000000  0.5
     10e:	ee70 6a66 	vsub.f32	s13, s0, s13
{
	uint32_t sent=0;
	const uint8_t *data = (const uint8_t *)buffer;

	if (!usb_configuration) return 0;
	while (size > 0) {
     112:	ee07 1a90 	vmov	s15, r1
			size = 0;
			timer_start_oneshot();
		}
		tx_noautoflush = 0;
	}
	return sent;
     116:	1bf1      	subs	r1, r6, r7
     118:	eef8 7ae7 	vcvt.f32.s32	s15, s15
     11c:	eeb7 5ae6 	vcvt.f64.f32	d5, s13
     120:	ee07 1a10 	vmov	s14, r1
     124:	ed9f 4b28 	vldr	d4, [pc, #160]	; 1c8 <EndlessPotentiometer::updateValues(int, int)+0x138>
     128:	eeb8 7ac7 	vcvt.f32.s32	s14, s14
     12c:	eef0 7ae7 	vabs.f32	s15, s15
     130:	eeb4 5bc4 	vcmpe.f64	d5, d4
     134:	eeb0 7ac7 	vabs.f32	s14, s14
     138:	eef1 fa10 	vmrs	APSR_nzcv, fpscr
#endif

#ifndef __CORRECT_ISO_CPP11_MATH_H_PROTO_FP
  constexpr float
  fmin(float __x, float __y)
  { return __builtin_fminf(__x, __y); }
     13c:	fec7 7ac7 	vminnm.f32	s15, s15, s14
     140:	ee67 7a86 	vmul.f32	s15, s15, s12

  // Direction comes from a *wrapped* angle delta. atan2 wraps at ±pi, so a
  // plain (angle < prevAngle) comparison negates one forward sample per
  // revolution (and drifts DC over many turns).
  float dAngle = angle - this->prevAngle;
  if (dAngle > M_PI)
     144:	dd07      	ble.n	156 <EndlessPotentiometer::updateValues(int, int)+0xc6>
    dAngle -= 2.0f * M_PI;
     146:	ed9f 6b24 	vldr	d6, [pc, #144]	; 1d8 <EndlessPotentiometer::updateValues(int, int)+0x148>
     14a:	ee35 5b46 	vsub.f64	d5, d5, d6
     14e:	eef7 6bc5 	vcvt.f32.f64	s13, d5
  if (dAngle < -M_PI)
     152:	eeb7 5ae6 	vcvt.f64.f32	d5, s13
     156:	ed9f 4b22 	vldr	d4, [pc, #136]	; 1e0 <EndlessPotentiometer::updateValues(int, int)+0x150>
     15a:	eeb4 5bc4 	vcmpe.f64	d5, d4
     15e:	eef1 fa10 	vmrs	APSR_nzcv, fpscr
     162:	d505      	bpl.n	170 <EndlessPotentiometer::updateValues(int, int)+0xe0>
    dAngle += 2.0f * M_PI;
     164:	ed9f 6b1c 	vldr	d6, [pc, #112]	; 1d8 <EndlessPotentiometer::updateValues(int, int)+0x148>
     168:	ee35 5b06 	vadd.f64	d5, d5, d6
     16c:	eef7 6bc5 	vcvt.f32.f64	s13, d5
  if (dAngle < 0.0f)
     170:	eef5 6ac0 	vcmpe.f32	s13, #0.0
    linear_delta = linear_delta * -1.0;
  this->flinearDelta += linear_delta;
     174:	ed95 7a04 	vldr	s14, [r5, #16]
  if (dAngle < 0.0f)
     178:	eef1 fa10 	vmrs	APSR_nzcv, fpscr
    linear_delta = linear_delta * -1.0;
     17c:	bf48      	it	mi
     17e:	eef1 7a67 	vnegmi.f32	s15, s15
  this->flinearDelta += linear_delta;
     182:	ee77 7a87 	vadd.f32	s15, s15, s14

  if (this->flinearDelta < 0) {
     186:	eef5 7ac0 	vcmpe.f32	s15, #0.0
     18a:	eef1 fa10 	vmrs	APSR_nzcv, fpscr
     18e:	d416      	bmi.n	1be <EndlessPotentiometer::updateValues(int, int)+0x12e>
  { return __builtin_floorf(__x); }
     190:	febb 7a67 	vrintm.f32	s14, s15
    linearDelta = ceil(this->flinearDelta);
  } else {
    linearDelta = floor(this->flinearDelta);
     194:	eebd 7ac7 	vcvt.s32.f32	s14, s14
  }
  // Subtract the emitted integer instead of resetting — keeps the fractional
  // remainder so slow movement isn't progressively lost.
  this->flinearDelta -= linearDelta;
     198:	eef8 6ac7 	vcvt.f32.s32	s13, s14
     19c:	ed85 7a03 	vstr	s14, [r5, #12]

  // This is all just for debugging and “compatibility” — the actual value to use is this->linearDelta.
  valueChanged = delta;
     1a0:	60aa      	str	r2, [r5, #8]
  value = newValue;
     1a2:	602b      	str	r3, [r5, #0]
  this->flinearDelta -= linearDelta;
     1a4:	ee77 7ae6 	vsub.f32	s15, s15, s13
  this->prevAngle = angle;
     1a8:	ed85 0a01 	vstr	s0, [r5, #4]
  this->flinearDelta -= linearDelta;
     1ac:	edc5 7a04 	vstr	s15, [r5, #16]
}
     1b0:	e8bd 81f0 	ldmia.w	sp!, {r4, r5, r6, r7, r8, pc}
      delta = (this->value - newValue - MAX_POT_VALUE) * -1;
     1b4:	1ac9      	subs	r1, r1, r3
     1b6:	f640 72ff 	movw	r2, #4095	; 0xfff
     1ba:	1a52      	subs	r2, r2, r1
      adelta = abs(delta);
     1bc:	e7a1      	b.n	102 <EndlessPotentiometer::updateValues(int, int)+0x72>
  { return __builtin_ceilf(__x); }
     1be:	feba 7a67 	vrintp.f32	s14, s15
    linearDelta = ceil(this->flinearDelta);
     1c2:	eebd 7ac7 	vcvt.s32.f32	s14, s14
     1c6:	e7e7      	b.n	198 <EndlessPotentiometer::updateValues(int, int)+0x108>
     1c8:	54442d18 	.word	0x54442d18
     1cc:	400921fb 	.word	0x400921fb
     1d0:	00000000 	.word	0x00000000
     1d4:	40affe00 	.word	0x40affe00
     1d8:	54442d18 	.word	0x54442d18
     1dc:	401921fb 	.word	0x401921fb
     1e0:	54442d18 	.word	0x54442d18
     1e4:	c00921fb 	.word	0xc00921fb

000001e8 <LEDRingSmall::LEDRingSmall(unsigned char)>:
LEDRingSmall::LEDRingSmall(uint8_t add) { _add = add; }
     1e8:	b538      	push	{r3, r4, r5, lr}
     1ea:	4604      	mov	r4, r0
     1ec:	460d      	mov	r5, r1
     1ee:	2248      	movs	r2, #72	; 0x48
     1f0:	4903      	ldr	r1, [pc, #12]	; (200 <LEDRingSmall::LEDRingSmall(unsigned char)+0x18>)
     1f2:	f001 ff77 	bl	20e4 <memcpy>
     1f6:	4620      	mov	r0, r4
     1f8:	f884 5048 	strb.w	r5, [r4, #72]	; 0x48
     1fc:	bd38      	pop	{r3, r4, r5, pc}
     1fe:	bf00      	nop
     200:	20000280 	.word	0x20000280

00000204 <LEDRingSmall::LEDRingSmall_Set_BLUE(unsigned char, unsigned char)>:
void LEDRingSmall::LEDRingSmall_Set_GREEN(uint8_t led_n, uint8_t color) {

  writeRegister8(issi_led_map[1][led_n], color);
}

void LEDRingSmall::LEDRingSmall_Set_BLUE(uint8_t led_n, uint8_t color) {
     204:	b570      	push	{r4, r5, r6, lr}
		txBuffer[0] = (address << 1);
     206:	f890 3048 	ldrb.w	r3, [r0, #72]	; 0x48

  writeRegister8(issi_led_map[2][led_n], color);
     20a:	4401      	add	r1, r0
     20c:	4c0c      	ldr	r4, [pc, #48]	; (240 <LEDRingSmall::LEDRingSmall_Set_BLUE(unsigned char, unsigned char)+0x3c>)
void LEDRingSmall::LEDRingSmall_Set_BLUE(uint8_t led_n, uint8_t color) {
     20e:	4616      	mov	r6, r2
		transmitting = 1;
     210:	2501      	movs	r5, #1
		txBuffer[0] = (address << 1);
     212:	005b      	lsls	r3, r3, #1
  writeRegister8(issi_led_map[2][led_n], color);
     214:	f891 1030 	ldrb.w	r1, [r1, #48]	; 0x30
  writeRegister8(ISSI3746_COMMANDREGISTER, b);
}

void LEDRingSmall::writeRegister8(uint8_t reg, uint8_t data) {
  Wire.beginTransmission(_add);
  Wire.write(reg);
     218:	4620      	mov	r0, r4
     21a:	f884 30a5 	strb.w	r3, [r4, #165]	; 0xa5
		transmitting = 1;
     21e:	f884 5130 	strb.w	r5, [r4, #304]	; 0x130
		txBufferLength = 1;
     222:	f884 512f 	strb.w	r5, [r4, #303]	; 0x12f
     226:	f001 fa67 	bl	16f8 <TwoWire::write(unsigned char)>
  Wire.write(data);
     22a:	4631      	mov	r1, r6
     22c:	4620      	mov	r0, r4
     22e:	f001 fa63 	bl	16f8 <TwoWire::write(unsigned char)>
		return endTransmission(1);
     232:	4629      	mov	r1, r5
     234:	4620      	mov	r0, r4
}
     236:	e8bd 4070 	ldmia.w	sp!, {r4, r5, r6, lr}
     23a:	f001 bb35 	b.w	18a8 <TwoWire::endTransmission(unsigned char)>
     23e:	bf00      	nop
     240:	2000065c 	.word	0x2000065c

00000244 <LEDRingSmall::LEDRingSmall_Set_RED(unsigned char, unsigned char)>:
void LEDRingSmall::LEDRingSmall_Set_RED(uint8_t led_n, uint8_t color) {
     244:	b570      	push	{r4, r5, r6, lr}
		txBuffer[0] = (address << 1);
     246:	f890 3048 	ldrb.w	r3, [r0, #72]	; 0x48
     24a:	4616      	mov	r6, r2
     24c:	4c0b      	ldr	r4, [pc, #44]	; (27c <LEDRingSmall::LEDRingSmall_Set_RED(unsigned char, unsigned char)+0x38>)
		transmitting = 1;
     24e:	2501      	movs	r5, #1
		txBuffer[0] = (address << 1);
     250:	005b      	lsls	r3, r3, #1
  writeRegister8(issi_led_map[0][led_n], color);
     252:	5c41      	ldrb	r1, [r0, r1]
  Wire.write(reg);
     254:	4620      	mov	r0, r4
		transmitting = 1;
     256:	f884 5130 	strb.w	r5, [r4, #304]	; 0x130
		txBuffer[0] = (address << 1);
     25a:	f884 30a5 	strb.w	r3, [r4, #165]	; 0xa5
		txBufferLength = 1;
     25e:	f884 512f 	strb.w	r5, [r4, #303]	; 0x12f
     262:	f001 fa49 	bl	16f8 <TwoWire::write(unsigned char)>
  Wire.write(data);
     266:	4631      	mov	r1, r6
     268:	4620      	mov	r0, r4
     26a:	f001 fa45 	bl	16f8 <TwoWire::write(unsigned char)>
		return endTransmission(1);
     26e:	4629      	mov	r1, r5
     270:	4620      	mov	r0, r4
}
     272:	e8bd 4070 	ldmia.w	sp!, {r4, r5, r6, lr}
     276:	f001 bb17 	b.w	18a8 <TwoWire::endTransmission(unsigned char)>
     27a:	bf00      	nop
     27c:	2000065c 	.word	0x2000065c

00000280 <LEDRingSmall::LEDRingSmall_Set_GREEN(unsigned char, unsigned char)>:
void LEDRingSmall::LEDRingSmall_Set_GREEN(uint8_t led_n, uint8_t color) {
     280:	b570      	push	{r4, r5, r6, lr}
		txBuffer[0] = (address << 1);
     282:	f890 3048 	ldrb.w	r3, [r0, #72]	; 0x48
  writeRegister8(issi_led_map[1][led_n], color);
     286:	4401      	add	r1, r0
     288:	4c0b      	ldr	r4, [pc, #44]	; (2b8 <LEDRingSmall::LEDRingSmall_Set_GREEN(unsigned char, unsigned char)+0x38>)
void LEDRingSmall::LEDRingSmall_Set_GREEN(uint8_t led_n, uint8_t color) {
     28a:	4616      	mov	r6, r2
		transmitting = 1;
     28c:	2501      	movs	r5, #1
		txBuffer[0] = (address << 1);
     28e:	005b      	lsls	r3, r3, #1
  writeRegister8(issi_led_map[1][led_n], color);
     290:	7e09      	ldrb	r1, [r1, #24]
  Wire.write(reg);
     292:	4620      	mov	r0, r4
     294:	f884 30a5 	strb.w	r3, [r4, #165]	; 0xa5
		transmitting = 1;
     298:	f884 5130 	strb.w	r5, [r4, #304]	; 0x130
		txBufferLength = 1;
     29c:	f884 512f 	strb.w	r5, [r4, #303]	; 0x12f
     2a0:	f001 fa2a 	bl	16f8 <TwoWire::write(unsigned char)>
  Wire.write(data);
     2a4:	4631      	mov	r1, r6
     2a6:	4620      	mov	r0, r4
     2a8:	f001 fa26 	bl	16f8 <TwoWire::write(unsigned char)>
		return endTransmission(1);
     2ac:	4629      	mov	r1, r5
     2ae:	4620      	mov	r0, r4
}
     2b0:	e8bd 4070 	ldmia.w	sp!, {r4, r5, r6, lr}
     2b4:	f001 baf8 	b.w	18a8 <TwoWire::endTransmission(unsigned char)>
     2b8:	2000065c 	.word	0x2000065c

000002bc <LEDRingSmall::LEDRingSmall_PWM_MODE()>:
void LEDRingSmall::LEDRingSmall_PWM_MODE(void) { selectBank(ISSI3746_PAGE0); }
     2bc:	b570      	push	{r4, r5, r6, lr}
     2be:	4606      	mov	r6, r0
		transmitting = 1;
     2c0:	2501      	movs	r5, #1
		txBuffer[0] = (address << 1);
     2c2:	4c16      	ldr	r4, [pc, #88]	; (31c <LEDRingSmall::LEDRingSmall_PWM_MODE()+0x60>)
  Wire.write(reg);
     2c4:	21fe      	movs	r1, #254	; 0xfe
     2c6:	f896 3048 	ldrb.w	r3, [r6, #72]	; 0x48
     2ca:	4620      	mov	r0, r4
		transmitting = 1;
     2cc:	f884 5130 	strb.w	r5, [r4, #304]	; 0x130
		txBuffer[0] = (address << 1);
     2d0:	40ab      	lsls	r3, r5
		txBufferLength = 1;
     2d2:	f884 512f 	strb.w	r5, [r4, #303]	; 0x12f
		txBuffer[0] = (address << 1);
     2d6:	f884 30a5 	strb.w	r3, [r4, #165]	; 0xa5
     2da:	f001 fa0d 	bl	16f8 <TwoWire::write(unsigned char)>
  Wire.write(data);
     2de:	21c5      	movs	r1, #197	; 0xc5
     2e0:	4620      	mov	r0, r4
     2e2:	f001 fa09 	bl	16f8 <TwoWire::write(unsigned char)>
		return endTransmission(1);
     2e6:	4629      	mov	r1, r5
     2e8:	4620      	mov	r0, r4
     2ea:	f001 fadd 	bl	18a8 <TwoWire::endTransmission(unsigned char)>
		txBuffer[0] = (address << 1);
     2ee:	f896 3048 	ldrb.w	r3, [r6, #72]	; 0x48
  Wire.write(reg);
     2f2:	21fd      	movs	r1, #253	; 0xfd
     2f4:	4620      	mov	r0, r4
     2f6:	40ab      	lsls	r3, r5
		transmitting = 1;
     2f8:	f884 5130 	strb.w	r5, [r4, #304]	; 0x130
		txBufferLength = 1;
     2fc:	f884 512f 	strb.w	r5, [r4, #303]	; 0x12f
		txBuffer[0] = (address << 1);
     300:	f884 30a5 	strb.w	r3, [r4, #165]	; 0xa5
     304:	f001 f9f8 	bl	16f8 <TwoWire::write(unsigned char)>
  Wire.write(data);
     308:	2100      	movs	r1, #0
     30a:	4620      	mov	r0, r4
     30c:	f001 f9f4 	bl	16f8 <TwoWire::write(unsigned char)>
		return endTransmission(1);
     310:	4629      	mov	r1, r5
     312:	4620      	mov	r0, r4
void LEDRingSmall::LEDRingSmall_PWM_MODE(void) { selectBank(ISSI3746_PAGE0); }
     314:	e8bd 4070 	ldmia.w	sp!, {r4, r5, r6, lr}
     318:	f001 bac6 	b.w	18a8 <TwoWire::endTransmission(unsigned char)>
     31c:	2000065c 	.word	0x2000065c

00000320 <LEDRingSmall::LEDRingSmall_PWMFrequencyEnable(unsigned char)>:
void LEDRingSmall::LEDRingSmall_PWMFrequencyEnable(uint8_t PWMenable) {
     320:	b5f8      	push	{r3, r4, r5, r6, r7, lr}
		transmitting = 1;
     322:	2501      	movs	r5, #1
		txBuffer[0] = (address << 1);
     324:	f890 3048 	ldrb.w	r3, [r0, #72]	; 0x48
     328:	4c20      	ldr	r4, [pc, #128]	; (3ac <LEDRingSmall::LEDRingSmall_PWMFrequencyEnable(unsigned char)+0x8c>)
     32a:	4606      	mov	r6, r0
     32c:	40ab      	lsls	r3, r5
     32e:	460f      	mov	r7, r1
  Wire.write(reg);
     330:	4620      	mov	r0, r4
     332:	21fe      	movs	r1, #254	; 0xfe
     334:	f884 30a5 	strb.w	r3, [r4, #165]	; 0xa5
		transmitting = 1;
     338:	f884 5130 	strb.w	r5, [r4, #304]	; 0x130
		txBufferLength = 1;
     33c:	f884 512f 	strb.w	r5, [r4, #303]	; 0x12f
     340:	f001 f9da 	bl	16f8 <TwoWire::write(unsigned char)>
  Wire.write(data);
     344:	21c5      	movs	r1, #197	; 0xc5
     346:	4620      	mov	r0, r4
     348:	f001 f9d6 	bl	16f8 <TwoWire::write(unsigned char)>
		return endTransmission(1);
     34c:	4629      	mov	r1, r5
     34e:	4620      	mov	r0, r4
     350:	f001 faaa 	bl	18a8 <TwoWire::endTransmission(unsigned char)>
		txBuffer[0] = (address << 1);
     354:	f896 3048 	ldrb.w	r3, [r6, #72]	; 0x48
  Wire.write(reg);
     358:	21fd      	movs	r1, #253	; 0xfd
     35a:	4620      	mov	r0, r4
     35c:	40ab      	lsls	r3, r5
		transmitting = 1;
     35e:	f884 5130 	strb.w	r5, [r4, #304]	; 0x130
		txBufferLength = 1;
     362:	f884 512f 	strb.w	r5, [r4, #303]	; 0x12f
		txBuffer[0] = (address << 1);
     366:	f884 30a5 	strb.w	r3, [r4, #165]	; 0xa5
     36a:	f001 f9c5 	bl	16f8 <TwoWire::write(unsigned char)>
  Wire.write(data);
     36e:	4629      	mov	r1, r5
     370:	4620      	mov	r0, r4
     372:	f001 f9c1 	bl	16f8 <TwoWire::write(unsigned char)>
		return endTransmission(1);
     376:	4629      	mov	r1, r5
     378:	4620      	mov	r0, r4
     37a:	f001 fa95 	bl	18a8 <TwoWire::endTransmission(unsigned char)>
		txBuffer[0] = (address << 1);
     37e:	f896 3048 	ldrb.w	r3, [r6, #72]	; 0x48
  Wire.write(reg);
     382:	21e0      	movs	r1, #224	; 0xe0
     384:	4620      	mov	r0, r4
     386:	40ab      	lsls	r3, r5
		transmitting = 1;
     388:	f884 5130 	strb.w	r5, [r4, #304]	; 0x130
		txBufferLength = 1;
     38c:	f884 512f 	strb.w	r5, [r4, #303]	; 0x12f
		txBuffer[0] = (address << 1);
     390:	f884 30a5 	strb.w	r3, [r4, #165]	; 0xa5
     394:	f001 f9b0 	bl	16f8 <TwoWire::write(unsigned char)>
  Wire.write(data);
     398:	4639      	mov	r1, r7
     39a:	4620      	mov	r0, r4
     39c:	f001 f9ac 	bl	16f8 <TwoWire::write(unsigned char)>
		return endTransmission(1);
     3a0:	4629      	mov	r1, r5
     3a2:	4620      	mov	r0, r4
}
     3a4:	e8bd 40f8 	ldmia.w	sp!, {r3, r4, r5, r6, r7, lr}
     3a8:	f001 ba7e 	b.w	18a8 <TwoWire::endTransmission(unsigned char)>
     3ac:	2000065c 	.word	0x2000065c

000003b0 <LEDRingSmall::LEDRingSmall_GlobalCurrent(unsigned char)>:
void LEDRingSmall::LEDRingSmall_GlobalCurrent(uint8_t curr) {
     3b0:	b5f8      	push	{r3, r4, r5, r6, r7, lr}
		transmitting = 1;
     3b2:	2501      	movs	r5, #1
		txBuffer[0] = (address << 1);
     3b4:	f890 3048 	ldrb.w	r3, [r0, #72]	; 0x48
     3b8:	4c20      	ldr	r4, [pc, #128]	; (43c <LEDRingSmall::LEDRingSmall_GlobalCurrent(unsigned char)+0x8c>)
     3ba:	4606      	mov	r6, r0
     3bc:	40ab      	lsls	r3, r5
     3be:	460f      	mov	r7, r1
  Wire.write(reg);
     3c0:	4620      	mov	r0, r4
     3c2:	21fe      	movs	r1, #254	; 0xfe
     3c4:	f884 30a5 	strb.w	r3, [r4, #165]	; 0xa5
		transmitting = 1;
     3c8:	f884 5130 	strb.w	r5, [r4, #304]	; 0x130
		txBufferLength = 1;
     3cc:	f884 512f 	strb.w	r5, [r4, #303]	; 0x12f
     3d0:	f001 f992 	bl	16f8 <TwoWire::write(unsigned char)>
  Wire.write(data);
     3d4:	21c5      	movs	r1, #197	; 0xc5
     3d6:	4620      	mov	r0, r4
     3d8:	f001 f98e 	bl	16f8 <TwoWire::write(unsigned char)>
		return endTransmission(1);
     3dc:	4629      	mov	r1, r5
     3de:	4620      	mov	r0, r4
     3e0:	f001 fa62 	bl	18a8 <TwoWire::endTransmission(unsigned char)>
		txBuffer[0] = (address << 1);
     3e4:	f896 3048 	ldrb.w	r3, [r6, #72]	; 0x48
  Wire.write(reg);
     3e8:	21fd      	movs	r1, #253	; 0xfd
     3ea:	4620      	mov	r0, r4
     3ec:	40ab      	lsls	r3, r5
		transmitting = 1;
     3ee:	f884 5130 	strb.w	r5, [r4, #304]	; 0x130
		txBufferLength = 1;
     3f2:	f884 512f 	strb.w	r5, [r4, #303]	; 0x12f
		txBuffer[0] = (address << 1);
     3f6:	f884 30a5 	strb.w	r3, [r4, #165]	; 0xa5
     3fa:	f001 f97d 	bl	16f8 <TwoWire::write(unsigned char)>
  Wire.write(data);
     3fe:	4629      	mov	r1, r5
     400:	4620      	mov	r0, r4
     402:	f001 f979 	bl	16f8 <TwoWire::write(unsigned char)>
		return endTransmission(1);
     406:	4629      	mov	r1, r5
     408:	4620      	mov	r0, r4
     40a:	f001 fa4d 	bl	18a8 <TwoWire::endTransmission(unsigned char)>
		txBuffer[0] = (address << 1);
     40e:	f896 3048 	ldrb.w	r3, [r6, #72]	; 0x48
  Wire.write(reg);
     412:	2151      	movs	r1, #81	; 0x51
     414:	4620      	mov	r0, r4
     416:	40ab      	lsls	r3, r5
		transmitting = 1;
     418:	f884 5130 	strb.w	r5, [r4, #304]	; 0x130
		txBufferLength = 1;
     41c:	f884 512f 	strb.w	r5, [r4, #303]	; 0x12f
		txBuffer[0] = (address << 1);
     420:	f884 30a5 	strb.w	r3, [r4, #165]	; 0xa5
     424:	f001 f968 	bl	16f8 <TwoWire::write(unsigned char)>
  Wire.write(data);
     428:	4639      	mov	r1, r7
     42a:	4620      	mov	r0, r4
     42c:	f001 f964 	bl	16f8 <TwoWire::write(unsigned char)>
		return endTransmission(1);
     430:	4629      	mov	r1, r5
     432:	4620      	mov	r0, r4
}
     434:	e8bd 40f8 	ldmia.w	sp!, {r3, r4, r5, r6, r7, lr}
     438:	f001 ba36 	b.w	18a8 <TwoWire::endTransmission(unsigned char)>
     43c:	2000065c 	.word	0x2000065c

00000440 <LEDRingSmall::LEDRingSmall_Reset()>:
void LEDRingSmall::LEDRingSmall_Reset(void) {
     440:	b570      	push	{r4, r5, r6, lr}
     442:	4606      	mov	r6, r0
		transmitting = 1;
     444:	2501      	movs	r5, #1
		txBuffer[0] = (address << 1);
     446:	4c21      	ldr	r4, [pc, #132]	; (4cc <LEDRingSmall::LEDRingSmall_Reset()+0x8c>)
  Wire.write(reg);
     448:	21fe      	movs	r1, #254	; 0xfe
     44a:	f896 3048 	ldrb.w	r3, [r6, #72]	; 0x48
     44e:	4620      	mov	r0, r4
		transmitting = 1;
     450:	f884 5130 	strb.w	r5, [r4, #304]	; 0x130
		txBuffer[0] = (address << 1);
     454:	40ab      	lsls	r3, r5
		txBufferLength = 1;
     456:	f884 512f 	strb.w	r5, [r4, #303]	; 0x12f
		txBuffer[0] = (address << 1);
     45a:	f884 30a5 	strb.w	r3, [r4, #165]	; 0xa5
     45e:	f001 f94b 	bl	16f8 <TwoWire::write(unsigned char)>
  Wire.write(data);
     462:	21c5      	movs	r1, #197	; 0xc5
     464:	4620      	mov	r0, r4
     466:	f001 f947 	bl	16f8 <TwoWire::write(unsigned char)>
		return endTransmission(1);
     46a:	4629      	mov	r1, r5
     46c:	4620      	mov	r0, r4
     46e:	f001 fa1b 	bl	18a8 <TwoWire::endTransmission(unsigned char)>
		txBuffer[0] = (address << 1);
     472:	f896 3048 	ldrb.w	r3, [r6, #72]	; 0x48
  Wire.write(reg);
     476:	21fd      	movs	r1, #253	; 0xfd
     478:	4620      	mov	r0, r4
     47a:	40ab      	lsls	r3, r5
		transmitting = 1;
     47c:	f884 5130 	strb.w	r5, [r4, #304]	; 0x130
		txBufferLength = 1;
     480:	f884 512f 	strb.w	r5, [r4, #303]	; 0x12f
		txBuffer[0] = (address << 1);
     484:	f884 30a5 	strb.w	r3, [r4, #165]	; 0xa5
     488:	f001 f936 	bl	16f8 <TwoWire::write(unsigned char)>
  Wire.write(data);
     48c:	4629      	mov	r1, r5
     48e:	4620      	mov	r0, r4
     490:	f001 f932 	bl	16f8 <TwoWire::write(unsigned char)>
		return endTransmission(1);
     494:	4629      	mov	r1, r5
     496:	4620      	mov	r0, r4
     498:	f001 fa06 	bl	18a8 <TwoWire::endTransmission(unsigned char)>
		txBuffer[0] = (address << 1);
     49c:	f896 3048 	ldrb.w	r3, [r6, #72]	; 0x48
  Wire.write(reg);
     4a0:	218f      	movs	r1, #143	; 0x8f
     4a2:	4620      	mov	r0, r4
     4a4:	40ab      	lsls	r3, r5
		transmitting = 1;
     4a6:	f884 5130 	strb.w	r5, [r4, #304]	; 0x130
		txBufferLength = 1;
     4aa:	f884 512f 	strb.w	r5, [r4, #303]	; 0x12f
		txBuffer[0] = (address << 1);
     4ae:	f884 30a5 	strb.w	r3, [r4, #165]	; 0xa5
     4b2:	f001 f921 	bl	16f8 <TwoWire::write(unsigned char)>
  Wire.write(data);
     4b6:	21ae      	movs	r1, #174	; 0xae
     4b8:	4620      	mov	r0, r4
     4ba:	f001 f91d 	bl	16f8 <TwoWire::write(unsigned char)>
		return endTransmission(1);
     4be:	4629      	mov	r1, r5
     4c0:	4620      	mov	r0, r4
}
     4c2:	e8bd 4070 	ldmia.w	sp!, {r4, r5, r6, lr}
     4c6:	f001 b9ef 	b.w	18a8 <TwoWire::endTransmission(unsigned char)>
     4ca:	bf00      	nop
     4cc:	2000065c 	.word	0x2000065c

000004d0 <LEDRingSmall::LEDRingSmall_Configuration(unsigned char)>:
void LEDRingSmall::LEDRingSmall_Configuration(uint8_t conf) {
     4d0:	b5f8      	push	{r3, r4, r5, r6, r7, lr}
		transmitting = 1;
     4d2:	2501      	movs	r5, #1
		txBuffer[0] = (address << 1);
     4d4:	f890 3048 	ldrb.w	r3, [r0, #72]	; 0x48
     4d8:	4c20      	ldr	r4, [pc, #128]	; (55c <LEDRingSmall::LEDRingSmall_Configuration(unsigned char)+0x8c>)
     4da:	4606      	mov	r6, r0
     4dc:	40ab      	lsls	r3, r5
     4de:	460f      	mov	r7, r1
  Wire.write(reg);
     4e0:	4620      	mov	r0, r4
     4e2:	21fe      	movs	r1, #254	; 0xfe
     4e4:	f884 30a5 	strb.w	r3, [r4, #165]	; 0xa5
		transmitting = 1;
     4e8:	f884 5130 	strb.w	r5, [r4, #304]	; 0x130
		txBufferLength = 1;
     4ec:	f884 512f 	strb.w	r5, [r4, #303]	; 0x12f
     4f0:	f001 f902 	bl	16f8 <TwoWire::write(unsigned char)>
  Wire.write(data);
     4f4:	21c5      	movs	r1, #197	; 0xc5
     4f6:	4620      	mov	r0, r4
     4f8:	f001 f8fe 	bl	16f8 <TwoWire::write(unsigned char)>
		return endTransmission(1);
     4fc:	4629      	mov	r1, r5
     4fe:	4620      	mov	r0, r4
     500:	f001 f9d2 	bl	18a8 <TwoWire::endTransmission(unsigned char)>
		txBuffer[0] = (address << 1);
     504:	f896 3048 	ldrb.w	r3, [r6, #72]	; 0x48
  Wire.write(reg);
     508:	21fd      	movs	r1, #253	; 0xfd
     50a:	4620      	mov	r0, r4
     50c:	40ab      	lsls	r3, r5
		transmitting = 1;
     50e:	f884 5130 	strb.w	r5, [r4, #304]	; 0x130
		txBufferLength = 1;
     512:	f884 512f 	strb.w	r5, [r4, #303]	; 0x12f
		txBuffer[0] = (address << 1);
     516:	f884 30a5 	strb.w	r3, [r4, #165]	; 0xa5
     51a:	f001 f8ed 	bl	16f8 <TwoWire::write(unsigned char)>
  Wire.write(data);
     51e:	4629      	mov	r1, r5
     520:	4620      	mov	r0, r4
     522:	f001 f8e9 	bl	16f8 <TwoWire::write(unsigned char)>
		return endTransmission(1);
     526:	4629      	mov	r1, r5
     528:	4620      	mov	r0, r4
     52a:	f001 f9bd 	bl	18a8 <TwoWire::endTransmission(unsigned char)>
		txBuffer[0] = (address << 1);
     52e:	f896 3048 	ldrb.w	r3, [r6, #72]	; 0x48
  Wire.write(reg);
     532:	2150      	movs	r1, #80	; 0x50
     534:	4620      	mov	r0, r4
     536:	40ab      	lsls	r3, r5
		transmitting = 1;
     538:	f884 5130 	strb.w	r5, [r4, #304]	; 0x130
		txBufferLength = 1;
     53c:	f884 512f 	strb.w	r5, [r4, #303]	; 0x12f
		txBuffer[0] = (address << 1);
     540:	f884 30a5 	strb.w	r3, [r4, #165]	; 0xa5
     544:	f001 f8d8 	bl	16f8 <TwoWire::write(unsigned char)>
  Wire.write(data);
     548:	4639      	mov	r1, r7
     54a:	4620      	mov	r0, r4
     54c:	f001 f8d4 	bl	16f8 <TwoWire::write(unsigned char)>
		return endTransmission(1);
     550:	4629      	mov	r1, r5
     552:	4620      	mov	r0, r4
}
     554:	e8bd 40f8 	ldmia.w	sp!, {r3, r4, r5, r6, r7, lr}
     558:	f001 b9a6 	b.w	18a8 <TwoWire::endTransmission(unsigned char)>
     55c:	2000065c 	.word	0x2000065c

00000560 <LEDRingSmall::LEDRingSmall_SpreadSpectrum(unsigned char)>:
void LEDRingSmall::LEDRingSmall_SpreadSpectrum(uint8_t spread) {
     560:	b5f8      	push	{r3, r4, r5, r6, r7, lr}
		transmitting = 1;
     562:	2501      	movs	r5, #1
		txBuffer[0] = (address << 1);
     564:	f890 3048 	ldrb.w	r3, [r0, #72]	; 0x48
     568:	4c20      	ldr	r4, [pc, #128]	; (5ec <LEDRingSmall::LEDRingSmall_SpreadSpectrum(unsigned char)+0x8c>)
     56a:	4606      	mov	r6, r0
     56c:	40ab      	lsls	r3, r5
     56e:	460f      	mov	r7, r1
  Wire.write(reg);
     570:	4620      	mov	r0, r4
     572:	21fe      	movs	r1, #254	; 0xfe
     574:	f884 30a5 	strb.w	r3, [r4, #165]	; 0xa5
		transmitting = 1;
     578:	f884 5130 	strb.w	r5, [r4, #304]	; 0x130
		txBufferLength = 1;
     57c:	f884 512f 	strb.w	r5, [r4, #303]	; 0x12f
     580:	f001 f8ba 	bl	16f8 <TwoWire::write(unsigned char)>
  Wire.write(data);
     584:	21c5      	movs	r1, #197	; 0xc5
     586:	4620      	mov	r0, r4
     588:	f001 f8b6 	bl	16f8 <TwoWire::write(unsigned char)>
		return endTransmission(1);
     58c:	4629      	mov	r1, r5
     58e:	4620      	mov	r0, r4
     590:	f001 f98a 	bl	18a8 <TwoWire::endTransmission(unsigned char)>
		txBuffer[0] = (address << 1);
     594:	f896 3048 	ldrb.w	r3, [r6, #72]	; 0x48
  Wire.write(reg);
     598:	21fd      	movs	r1, #253	; 0xfd
     59a:	4620      	mov	r0, r4
     59c:	40ab      	lsls	r3, r5
		transmitting = 1;
     59e:	f884 5130 	strb.w	r5, [r4, #304]	; 0x130
		txBufferLength = 1;
     5a2:	f884 512f 	strb.w	r5, [r4, #303]	; 0x12f
		txBuffer[0] = (address << 1);
     5a6:	f884 30a5 	strb.w	r3, [r4, #165]	; 0xa5
     5aa:	f001 f8a5 	bl	16f8 <TwoWire::write(unsigned char)>
  Wire.write(data);
     5ae:	4629      	mov	r1, r5
     5b0:	4620      	mov	r0, r4
     5b2:	f001 f8a1 	bl	16f8 <TwoWire::write(unsigned char)>
		return endTransmission(1);
     5b6:	4629      	mov	r1, r5
     5b8:	4620      	mov	r0, r4
     5ba:	f001 f975 	bl	18a8 <TwoWire::endTransmission(unsigned char)>
		txBuffer[0] = (address << 1);
     5be:	f896 3048 	ldrb.w	r3, [r6, #72]	; 0x48
  Wire.write(reg);
     5c2:	2160      	movs	r1, #96	; 0x60
     5c4:	4620      	mov	r0, r4
     5c6:	40ab      	lsls	r3, r5
		transmitting = 1;
     5c8:	f884 5130 	strb.w	r5, [r4, #304]	; 0x130
		txBufferLength = 1;
     5cc:	f884 512f 	strb.w	r5, [r4, #303]	; 0x12f
		txBuffer[0] = (address << 1);
     5d0:	f884 30a5 	strb.w	r3, [r4, #165]	; 0xa5
     5d4:	f001 f890 	bl	16f8 <TwoWire::write(unsigned char)>
  Wire.write(data);
     5d8:	4639      	mov	r1, r7
     5da:	4620      	mov	r0, r4
     5dc:	f001 f88c 	bl	16f8 <TwoWire::write(unsigned char)>
		return endTransmission(1);
     5e0:	4629      	mov	r1, r5
     5e2:	4620      	mov	r0, r4
}
     5e4:	e8bd 40f8 	ldmia.w	sp!, {r3, r4, r5, r6, r7, lr}
     5e8:	f001 b95e 	b.w	18a8 <TwoWire::endTransmission(unsigned char)>
     5ec:	2000065c 	.word	0x2000065c

000005f0 <LEDRingSmall::LEDRingSmall_SetScaling(unsigned char)>:
void LEDRingSmall::LEDRingSmall_SetScaling(uint8_t scal) {
     5f0:	e92d 41f0 	stmdb	sp!, {r4, r5, r6, r7, r8, lr}
		transmitting = 1;
     5f4:	2601      	movs	r6, #1
		txBuffer[0] = (address << 1);
     5f6:	f890 3048 	ldrb.w	r3, [r0, #72]	; 0x48
     5fa:	4c23      	ldr	r4, [pc, #140]	; (688 <LEDRingSmall::LEDRingSmall_SetScaling(unsigned char)+0x98>)
     5fc:	4607      	mov	r7, r0
     5fe:	40b3      	lsls	r3, r6
     600:	4688      	mov	r8, r1
  Wire.write(reg);
     602:	4620      	mov	r0, r4
     604:	21fe      	movs	r1, #254	; 0xfe
     606:	f884 30a5 	strb.w	r3, [r4, #165]	; 0xa5
  for (uint8_t i = 1; i < 73; i++) {
     60a:	4635      	mov	r5, r6
		transmitting = 1;
     60c:	f884 6130 	strb.w	r6, [r4, #304]	; 0x130
		txBufferLength = 1;
     610:	f884 612f 	strb.w	r6, [r4, #303]	; 0x12f
  Wire.write(reg);
     614:	f001 f870 	bl	16f8 <TwoWire::write(unsigned char)>
  Wire.write(data);
     618:	21c5      	movs	r1, #197	; 0xc5
     61a:	4620      	mov	r0, r4
     61c:	f001 f86c 	bl	16f8 <TwoWire::write(unsigned char)>
		return endTransmission(1);
     620:	4631      	mov	r1, r6
     622:	4620      	mov	r0, r4
     624:	f001 f940 	bl	18a8 <TwoWire::endTransmission(unsigned char)>
		txBuffer[0] = (address << 1);
     628:	f897 3048 	ldrb.w	r3, [r7, #72]	; 0x48
  Wire.write(reg);
     62c:	21fd      	movs	r1, #253	; 0xfd
     62e:	4620      	mov	r0, r4
     630:	40b3      	lsls	r3, r6
		transmitting = 1;
     632:	f884 6130 	strb.w	r6, [r4, #304]	; 0x130
		txBufferLength = 1;
     636:	f884 612f 	strb.w	r6, [r4, #303]	; 0x12f
		txBuffer[0] = (address << 1);
     63a:	f884 30a5 	strb.w	r3, [r4, #165]	; 0xa5
     63e:	f001 f85b 	bl	16f8 <TwoWire::write(unsigned char)>
  Wire.write(data);
     642:	4631      	mov	r1, r6
     644:	4620      	mov	r0, r4
     646:	f001 f857 	bl	16f8 <TwoWire::write(unsigned char)>
		return endTransmission(1);
     64a:	4631      	mov	r1, r6
     64c:	4620      	mov	r0, r4
     64e:	f001 f92b 	bl	18a8 <TwoWire::endTransmission(unsigned char)>
		txBuffer[0] = (address << 1);
     652:	f897 3048 	ldrb.w	r3, [r7, #72]	; 0x48
  Wire.write(reg);
     656:	4629      	mov	r1, r5
  for (uint8_t i = 1; i < 73; i++) {
     658:	3501      	adds	r5, #1
  Wire.write(reg);
     65a:	4620      	mov	r0, r4
     65c:	005b      	lsls	r3, r3, #1
		transmitting = 1;
     65e:	f884 6130 	strb.w	r6, [r4, #304]	; 0x130
  for (uint8_t i = 1; i < 73; i++) {
     662:	b2ed      	uxtb	r5, r5
		txBufferLength = 1;
     664:	f884 612f 	strb.w	r6, [r4, #303]	; 0x12f
		txBuffer[0] = (address << 1);
     668:	f884 30a5 	strb.w	r3, [r4, #165]	; 0xa5
  Wire.write(reg);
     66c:	f001 f844 	bl	16f8 <TwoWire::write(unsigned char)>
  Wire.write(data);
     670:	4641      	mov	r1, r8
     672:	4620      	mov	r0, r4
     674:	f001 f840 	bl	16f8 <TwoWire::write(unsigned char)>
		return endTransmission(1);
     678:	2101      	movs	r1, #1
     67a:	4620      	mov	r0, r4
     67c:	f001 f914 	bl	18a8 <TwoWire::endTransmission(unsigned char)>
  for (uint8_t i = 1; i < 73; i++) {
     680:	2d49      	cmp	r5, #73	; 0x49
     682:	d1e6      	bne.n	652 <LEDRingSmall::LEDRingSmall_SetScaling(unsigned char)+0x62>
}
     684:	e8bd 81f0 	ldmia.w	sp!, {r4, r5, r6, r7, r8, pc}
     688:	2000065c 	.word	0x2000065c

0000068c <sort_desc(void const*, void const*)>:
  }
  value = newValue;
}

int sort_desc(const void *cmp1, const void *cmp2) {
  int a = *((int *)cmp1);
     68c:	6802      	ldr	r2, [r0, #0]
  int b = *((int *)cmp2);
     68e:	680b      	ldr	r3, [r1, #0]
  return a > b ? -1 : (a < b ? 1 : 0);
     690:	429a      	cmp	r2, r3
     692:	dc03      	bgt.n	69c <sort_desc(void const*, void const*)+0x10>
     694:	bfb4      	ite	lt
     696:	2001      	movlt	r0, #1
     698:	2000      	movge	r0, #0
     69a:	4770      	bx	lr
     69c:	f04f 30ff 	mov.w	r0, #4294967295
}
     6a0:	4770      	bx	lr
     6a2:	bf00      	nop

000006a4 <long map<unsigned long, int, unsigned int, int, unsigned char>(unsigned long, int, unsigned int, int, unsigned char, std::enable_if<std::is_integral<unsigned long>::value, void>::type*) [clone .isra.0]>:
// map(x, 0, 1023, 5, 25).  When "x" is an integer, the math is performed using
// integers and an integer number is returned.  When "x" is a floating point number,
// math is performed and result returned as floating point, to allow for fine grain
// mapping.
template <class T, class A, class B, class C, class D>
long map(T _x, A _in_min, B _in_max, C _out_min, D _out_max, typename std::enable_if<std::is_integral<T>::value >::type* = 0)
     6a4:	f89d c000 	ldrb.w	ip, [sp]
	}
#endif
	// first compute the ranges and check if input doesn't matter
	long in_range = in_max - in_min;
	long out_range = out_max - out_min;
	if (in_range == 0) return out_min + out_range / 2;
     6a8:	1a52      	subs	r2, r2, r1
	long out_range = out_max - out_min;
     6aa:	ebac 0c03 	sub.w	ip, ip, r3
	if (in_range == 0) return out_min + out_range / 2;
     6ae:	d021      	beq.n	6f4 <long map<unsigned long, int, unsigned int, int, unsigned char>(unsigned long, int, unsigned int, int, unsigned char, std::enable_if<std::is_integral<unsigned long>::value, void>::type*) [clone .isra.0]+0x50>
	// compute the numerator
	long num = (x - in_min) * out_range;
     6b0:	1a41      	subs	r1, r0, r1
	// before dividing, add extra for proper round off (towards zero)
	if (out_range >= 0) {
     6b2:	f1bc 0f00 	cmp.w	ip, #0
	long num = (x - in_min) * out_range;
     6b6:	fb0c f001 	mul.w	r0, ip, r1
		num += in_range / 2;
     6ba:	4611      	mov	r1, r2
	if (out_range >= 0) {
     6bc:	db0c      	blt.n	6d8 <long map<unsigned long, int, unsigned int, int, unsigned char>(unsigned long, int, unsigned int, int, unsigned char, std::enable_if<std::is_integral<unsigned long>::value, void>::type*) [clone .isra.0]+0x34>
		num += in_range / 2;
     6be:	2a00      	cmp	r2, #0
     6c0:	bfb8      	it	lt
     6c2:	1c51      	addlt	r1, r2, #1
     6c4:	eb00 0161 	add.w	r1, r0, r1, asr #1
	} else {
		num -= in_range / 2;
	}
	// divide by input range and add output offset to complete map() compute
	long result = num / in_range + out_min;
     6c8:	fb91 f0f2 	sdiv	r0, r1, r2
	// fix "a strange behaviour with negative numbers" (see ArduinoCore-API issue #51)
	//   this step can be deleted if you don't care about non-linear output
	//   behavior extrapolating slightly beyond the mapped input & output range
	if (out_range >= 0) {
		if (in_range * num < 0) return result - 1;
     6cc:	fb01 f202 	mul.w	r2, r1, r2
	long result = num / in_range + out_min;
     6d0:	4418      	add	r0, r3
		if (in_range * num < 0) return result - 1;
     6d2:	2a00      	cmp	r2, #0
     6d4:	db16      	blt.n	704 <long map<unsigned long, int, unsigned int, int, unsigned char>(unsigned long, int, unsigned int, int, unsigned char, std::enable_if<std::is_integral<unsigned long>::value, void>::type*) [clone .isra.0]+0x60>
		if (in_range * num >= 0) return result + 1;
	}
	return result;
	// more conversation:
	// https://forum.pjrc.com/threads/44503-map()-function-improvements
}
     6d6:	4770      	bx	lr
		num -= in_range / 2;
     6d8:	2a00      	cmp	r2, #0
     6da:	bfb8      	it	lt
     6dc:	1c51      	addlt	r1, r2, #1
     6de:	eba0 0161 	sub.w	r1, r0, r1, asr #1
	long result = num / in_range + out_min;
     6e2:	fb91 f0f2 	sdiv	r0, r1, r2
		if (in_range * num >= 0) return result + 1;
     6e6:	fb01 f202 	mul.w	r2, r1, r2
	long result = num / in_range + out_min;
     6ea:	4418      	add	r0, r3
		if (in_range * num >= 0) return result + 1;
     6ec:	2a00      	cmp	r2, #0
     6ee:	dbf2      	blt.n	6d6 <long map<unsigned long, int, unsigned int, int, unsigned char>(unsigned long, int, unsigned int, int, unsigned char, std::enable_if<std::is_integral<unsigned long>::value, void>::type*) [clone .isra.0]+0x32>
     6f0:	3001      	adds	r0, #1
}
     6f2:	4770      	bx	lr
	if (in_range == 0) return out_min + out_range / 2;
     6f4:	f1bc 0f00 	cmp.w	ip, #0
     6f8:	bfb8      	it	lt
     6fa:	f10c 0c01 	addlt.w	ip, ip, #1
     6fe:	eb03 006c 	add.w	r0, r3, ip, asr #1
     702:	4770      	bx	lr
		if (in_range * num < 0) return result - 1;
     704:	3801      	subs	r0, #1
     706:	4770      	bx	lr

00000708 <OttoPot::OttoPot(admux::Mux*, admux::Mux*, int, int, int, unsigned char)>:
OttoPot::OttoPot(admux::Mux *rmux, admux::Mux *rmux2, int rmuxc, int rcc,
     708:	e92d 41f0 	stmdb	sp!, {r4, r5, r6, r7, r8, lr}
     70c:	b082      	sub	sp, #8
     70e:	4605      	mov	r5, r0
     710:	460c      	mov	r4, r1
    : leds(ledRingAddress) {
     712:	30d8      	adds	r0, #216	; 0xd8
OttoPot::OttoPot(admux::Mux *rmux, admux::Mux *rmux2, int rmuxc, int rcc,
     714:	f89d 1028 	ldrb.w	r1, [sp, #40]	; 0x28
     718:	4690      	mov	r8, r2
     71a:	461f      	mov	r7, r3
     71c:	4e21      	ldr	r6, [pc, #132]	; (7a4 <OttoPot::OttoPot(admux::Mux*, admux::Mux*, int, int, int, unsigned char)+0x9c>)
     71e:	9101      	str	r1, [sp, #4]
    : leds(ledRingAddress) {
     720:	f7ff fca2 	bl	68 <EndlessPotentiometer::EndlessPotentiometer()>
     724:	9901      	ldr	r1, [sp, #4]
     726:	f505 7080 	add.w	r0, r5, #256	; 0x100
     72a:	f7ff fd5d 	bl	1e8 <LEDRingSmall::LEDRingSmall(unsigned char)>
  cc = rcc;
     72e:	9b08      	ldr	r3, [sp, #32]
  dzValue = 0;
     730:	2200      	movs	r2, #0
  mux = rmux;
     732:	f8c5 40cc 	str.w	r4, [r5, #204]	; 0xcc
  cc = rcc;
     736:	606b      	str	r3, [r5, #4]
  value = 0;
     738:	2400      	movs	r4, #0
  channel = rchannel;
     73a:	9b09      	ldr	r3, [sp, #36]	; 0x24
  dzValue = 0;
     73c:	616a      	str	r2, [r5, #20]
  locked = true;                 // boot silent — must not transmit
     73e:	2201      	movs	r2, #1
  channel = rchannel;
     740:	602b      	str	r3, [r5, #0]
     742:	6833      	ldr	r3, [r6, #0]
  locked = true;                 // boot silent — must not transmit
     744:	772a      	strb	r2, [r5, #28]
  lastMovementMillis = millis();
     746:	622b      	str	r3, [r5, #32]
     748:	6833      	ldr	r3, [r6, #0]
  value = 0;
     74a:	612c      	str	r4, [r5, #16]
  previousMillis = millis();
     74c:	f8c5 30c4 	str.w	r3, [r5, #196]	; 0xc4
  pendingDelta = 0;
     750:	61ac      	str	r4, [r5, #24]
  receivedHSB = 0;
     752:	60ac      	str	r4, [r5, #8]
  receivedLSB = 0;
     754:	60ec      	str	r4, [r5, #12]
  netAccum = 0;
     756:	626c      	str	r4, [r5, #36]	; 0x24
  muxc = rmuxc;
     758:	e9c5 8734 	strd	r8, r7, [r5, #208]	; 0xd0
  previousMicros = micros();
     75c:	f001 fc1c 	bl	1f98 <micros>
     760:	6833      	ldr	r3, [r6, #0]
  onColor.g = COLOR_G;
     762:	f64f 7264 	movw	r2, #65380	; 0xff64
struct rgb {
  uint8_t r;
  uint8_t g;
  uint8_t b;
  void setAll (uint8_t set) {
  	r = g = b = set;
     766:	f04f 41f0 	mov.w	r1, #2013265920	; 0x78000000
  interactionMillis = millis();
     76a:	f8c5 30c0 	str.w	r3, [r5, #192]	; 0xc0
     76e:	462b      	mov	r3, r5
  onColor.g = COLOR_G;
     770:	85aa      	strh	r2, [r5, #44]	; 0x2c
     772:	f105 0248 	add.w	r2, r5, #72	; 0x48
  previousMicros = micros();
     776:	f8c5 00c8 	str.w	r0, [r5, #200]	; 0xc8
     77a:	62a9      	str	r1, [r5, #40]	; 0x28
     77c:	f883 4030 	strb.w	r4, [r3, #48]	; 0x30
  for (uint8_t i = 0; i < NUM_LEDS; i++) {
     780:	3303      	adds	r3, #3
     782:	f883 402c 	strb.w	r4, [r3, #44]	; 0x2c
     786:	f883 402b 	strb.w	r4, [r3, #43]	; 0x2b
     78a:	f883 4075 	strb.w	r4, [r3, #117]	; 0x75
     78e:	f883 4074 	strb.w	r4, [r3, #116]	; 0x74
     792:	f883 4073 	strb.w	r4, [r3, #115]	; 0x73
     796:	4293      	cmp	r3, r2
     798:	d1f0      	bne.n	77c <OttoPot::OttoPot(admux::Mux*, admux::Mux*, int, int, int, unsigned char)+0x74>
}
     79a:	4628      	mov	r0, r5
     79c:	b002      	add	sp, #8
     79e:	e8bd 81f0 	ldmia.w	sp!, {r4, r5, r6, r7, r8, pc}
     7a2:	bf00      	nop
     7a4:	20001e48 	.word	0x20001e48

000007a8 <OttoPot::initialize()>:
void OttoPot::initialize() {
     7a8:	b570      	push	{r4, r5, r6, lr}
     7aa:	4604      	mov	r4, r0
  mux->channel(muxc);
     7ac:	f990 10d4 	ldrsb.w	r1, [r0, #212]	; 0xd4
     7b0:	f8d0 00cc 	ldr.w	r0, [r0, #204]	; 0xcc
     7b4:	f000 fe48 	bl	1448 <admux::Mux::channel(signed char)>
  pot.updateValues(mux->read(), mux2->read());
     7b8:	f04f 31ff 	mov.w	r1, #4294967295
     7bc:	f8d4 00cc 	ldr.w	r0, [r4, #204]	; 0xcc
  leds.LEDRingSmall_Reset();
     7c0:	f504 7580 	add.w	r5, r4, #256	; 0x100
  pot.updateValues(mux->read(), mux2->read());
     7c4:	f000 fe64 	bl	1490 <admux::Mux::read(signed char)>
     7c8:	4606      	mov	r6, r0
     7ca:	f04f 31ff 	mov.w	r1, #4294967295
     7ce:	f8d4 00d0 	ldr.w	r0, [r4, #208]	; 0xd0
     7d2:	f000 fe5d 	bl	1490 <admux::Mux::read(signed char)>
     7d6:	4631      	mov	r1, r6
     7d8:	4602      	mov	r2, r0
     7da:	f104 00d8 	add.w	r0, r4, #216	; 0xd8
     7de:	f7ff fc57 	bl	90 <EndlessPotentiometer::updateValues(int, int)>
  leds.LEDRingSmall_Reset();
     7e2:	4628      	mov	r0, r5
     7e4:	f7ff fe2c 	bl	440 <LEDRingSmall::LEDRingSmall_Reset()>
  delay(20);
     7e8:	2014      	movs	r0, #20
     7ea:	f001 fb81 	bl	1ef0 <delay>
  leds.LEDRingSmall_Configuration(0x01);
     7ee:	4628      	mov	r0, r5
     7f0:	2101      	movs	r1, #1
     7f2:	f7ff fe6d 	bl	4d0 <LEDRingSmall::LEDRingSmall_Configuration(unsigned char)>
  leds.LEDRingSmall_PWMFrequencyEnable(1);
     7f6:	4628      	mov	r0, r5
     7f8:	2101      	movs	r1, #1
     7fa:	f7ff fd91 	bl	320 <LEDRingSmall::LEDRingSmall_PWMFrequencyEnable(unsigned char)>
  leds.LEDRingSmall_SpreadSpectrum(0b0010110);
     7fe:	4628      	mov	r0, r5
     800:	2116      	movs	r1, #22
     802:	f7ff fead 	bl	560 <LEDRingSmall::LEDRingSmall_SpreadSpectrum(unsigned char)>
  leds.LEDRingSmall_GlobalCurrent(0x05);
     806:	4628      	mov	r0, r5
     808:	2105      	movs	r1, #5
     80a:	f7ff fdd1 	bl	3b0 <LEDRingSmall::LEDRingSmall_GlobalCurrent(unsigned char)>
  leds.LEDRingSmall_SetScaling(0xFF);
     80e:	4628      	mov	r0, r5
     810:	21ff      	movs	r1, #255	; 0xff
     812:	f7ff feed 	bl	5f0 <LEDRingSmall::LEDRingSmall_SetScaling(unsigned char)>
  leds.LEDRingSmall_PWM_MODE();
     816:	4628      	mov	r0, r5
}
     818:	e8bd 4070 	ldmia.w	sp!, {r4, r5, r6, lr}
  leds.LEDRingSmall_PWM_MODE();
     81c:	f7ff bd4e 	b.w	2bc <LEDRingSmall::LEDRingSmall_PWM_MODE()>

00000820 <OttoPot::reseedBaseline()>:
void OttoPot::reseedBaseline() {
     820:	b538      	push	{r3, r4, r5, lr}
     822:	4604      	mov	r4, r0
  mux->channel(muxc);
     824:	f990 10d4 	ldrsb.w	r1, [r0, #212]	; 0xd4
     828:	f8d0 00cc 	ldr.w	r0, [r0, #204]	; 0xcc
     82c:	f000 fe0c 	bl	1448 <admux::Mux::channel(signed char)>
  pot.updateValues(mux->read(), mux2->read());
     830:	f04f 31ff 	mov.w	r1, #4294967295
     834:	f8d4 00cc 	ldr.w	r0, [r4, #204]	; 0xcc
     838:	f000 fe2a 	bl	1490 <admux::Mux::read(signed char)>
     83c:	4605      	mov	r5, r0
     83e:	f04f 31ff 	mov.w	r1, #4294967295
     842:	f8d4 00d0 	ldr.w	r0, [r4, #208]	; 0xd0
     846:	f000 fe23 	bl	1490 <admux::Mux::read(signed char)>
     84a:	4629      	mov	r1, r5
     84c:	4602      	mov	r2, r0
     84e:	f104 00d8 	add.w	r0, r4, #216	; 0xd8
}
     852:	e8bd 4038 	ldmia.w	sp!, {r3, r4, r5, lr}
  pot.updateValues(mux->read(), mux2->read());
     856:	f7ff bc1b 	b.w	90 <EndlessPotentiometer::updateValues(int, int)>
     85a:	bf00      	nop

0000085c <OttoPot::sendMidiCC(int)>:
		if (cable >= MIDI_NUM_CABLES) return;
		if (type < 0xF0) {
			if (type < 0x80) return;
			type &= 0xF0;
			usb_midi_write_packed((type << 8) | (type >> 4) | ((cable & 0x0F) << 4)
			  | (((channel - 1) & 0x0F) << 8) | ((data1 & 0x7F) << 16)
     85c:	7803      	ldrb	r3, [r0, #0]
			  | ((data2 & 0x7F) << 24));
     85e:	044a      	lsls	r2, r1, #17
			  | (((channel - 1) & 0x0F) << 8) | ((data1 & 0x7F) << 16)
     860:	3b01      	subs	r3, #1
			  | ((data2 & 0x7F) << 24));
     862:	f002 42fe 	and.w	r2, r2, #2130706432	; 0x7f000000
			  | (((channel - 1) & 0x0F) << 8) | ((data1 & 0x7F) << 16)
     866:	021b      	lsls	r3, r3, #8
     868:	f403 6370 	and.w	r3, r3, #3840	; 0xf00
			  | ((data2 & 0x7F) << 24));
     86c:	4313      	orrs	r3, r2
			  | (((channel - 1) & 0x0F) << 8) | ((data1 & 0x7F) << 16)
     86e:	6842      	ldr	r2, [r0, #4]
     870:	0412      	lsls	r2, r2, #16
     872:	f402 02fe 	and.w	r2, r2, #8323072	; 0x7f0000
void OttoPot::sendMidiCC(int rawVal) {
     876:	b570      	push	{r4, r5, r6, lr}
			  | ((data2 & 0x7F) << 24));
     878:	4313      	orrs	r3, r2
     87a:	f24b 040b 	movw	r4, #45067	; 0xb00b
     87e:	4606      	mov	r6, r0
     880:	460d      	mov	r5, r1
			usb_midi_write_packed((type << 8) | (type >> 4) | ((cable & 0x0F) << 4)
     882:	ea43 0004 	orr.w	r0, r3, r4
     886:	f002 fc81 	bl	318c <usb_midi_write_packed>
  usbMIDI.sendControlChange(cc + 32, lsb, channel);
     88a:	6870      	ldr	r0, [r6, #4]
			  | (((channel - 1) & 0x0F) << 8) | ((data1 & 0x7F) << 16)
     88c:	7832      	ldrb	r2, [r6, #0]
			  | ((data2 & 0x7F) << 24));
     88e:	062d      	lsls	r5, r5, #24
     890:	3020      	adds	r0, #32
			  | (((channel - 1) & 0x0F) << 8) | ((data1 & 0x7F) << 16)
     892:	1e53      	subs	r3, r2, #1
			  | ((data2 & 0x7F) << 24));
     894:	f005 45fe 	and.w	r5, r5, #2130706432	; 0x7f000000
			  | (((channel - 1) & 0x0F) << 8) | ((data1 & 0x7F) << 16)
     898:	0400      	lsls	r0, r0, #16
     89a:	021b      	lsls	r3, r3, #8
     89c:	f400 00fe 	and.w	r0, r0, #8323072	; 0x7f0000
     8a0:	f403 6370 	and.w	r3, r3, #3840	; 0xf00
			  | ((data2 & 0x7F) << 24));
     8a4:	4328      	orrs	r0, r5
     8a6:	4318      	orrs	r0, r3
			usb_midi_write_packed((type << 8) | (type >> 4) | ((cable & 0x0F) << 4)
     8a8:	4320      	orrs	r0, r4
}
     8aa:	e8bd 4070 	ldmia.w	sp!, {r4, r5, r6, lr}
     8ae:	f002 bc6d 	b.w	318c <usb_midi_write_packed>
     8b2:	bf00      	nop

000008b4 <OttoPot::setNewValue(int)>:
  if (newValue > value) {
     8b4:	6903      	ldr	r3, [r0, #16]
     8b6:	428b      	cmp	r3, r1
void OttoPot::setNewValue(int newValue) {
     8b8:	b510      	push	{r4, lr}
  if (newValue > value) {
     8ba:	da36      	bge.n	92a <OttoPot::setNewValue(int)+0x76>
	long num = (x - in_min) * out_range;
     8bc:	2216      	movs	r2, #22
	long result = num / in_range + out_min;
     8be:	4c37      	ldr	r4, [pc, #220]	; (99c <OttoPot::setNewValue(int)+0xe8>)
	long num = (x - in_min) * out_range;
     8c0:	fb02 f303 	mul.w	r3, r2, r3
		num += in_range / 2;
     8c4:	f203 73ff 	addw	r3, r3, #2047	; 0x7ff
	long result = num / in_range + out_min;
     8c8:	fb84 2c03 	smull	r2, ip, r4, r3
     8cc:	17da      	asrs	r2, r3, #31
		if (in_range * num < 0) return result - 1;
     8ce:	2b00      	cmp	r3, #0
	long result = num / in_range + out_min;
     8d0:	449c      	add	ip, r3
     8d2:	4b32      	ldr	r3, [pc, #200]	; (99c <OttoPot::setNewValue(int)+0xe8>)
     8d4:	ebc2 22ec 	rsb	r2, r2, ip, asr #11
	long num = (x - in_min) * out_range;
     8d8:	f04f 0c16 	mov.w	ip, #22
     8dc:	fb0c fc01 	mul.w	ip, ip, r1
		if (in_range * num < 0) return result - 1;
     8e0:	bfb8      	it	lt
     8e2:	f102 32ff 	addlt.w	r2, r2, #4294967295
		num += in_range / 2;
     8e6:	f20c 7cff 	addw	ip, ip, #2047	; 0x7ff
    for (uint8_t i = map(value, 0, MAX_POT_VALUE, 0, 22);
     8ea:	b2d2      	uxtb	r2, r2
	long result = num / in_range + out_min;
     8ec:	fb83 3e0c 	smull	r3, lr, r3, ip
     8f0:	44e6      	add	lr, ip
     8f2:	ea4f 2eee 	mov.w	lr, lr, asr #11
     8f6:	e00c      	b.n	912 <OttoPot::setNewValue(int)+0x5e>
      newLEDs[23 - i].r = onColor.r;
     8f8:	f890 c02b 	ldrb.w	ip, [r0, #43]	; 0x2b
     8fc:	4403      	add	r3, r0
     8fe:	f883 c076 	strb.w	ip, [r3, #118]	; 0x76
      newLEDs[23 - i].g = onColor.g;
     902:	f890 c02c 	ldrb.w	ip, [r0, #44]	; 0x2c
     906:	f883 c077 	strb.w	ip, [r3, #119]	; 0x77
      newLEDs[23 - i].b = onColor.b;
     90a:	f890 c02d 	ldrb.w	ip, [r0, #45]	; 0x2d
     90e:	f883 c078 	strb.w	ip, [r3, #120]	; 0x78
      newLEDs[23 - i].r = onColor.r;
     912:	f1c2 0317 	rsb	r3, r2, #23
    for (uint8_t i = map(value, 0, MAX_POT_VALUE, 0, 22);
     916:	f102 0c01 	add.w	ip, r2, #1
         i < map(newValue, 0, MAX_POT_VALUE, 0, 22); i++) {
     91a:	4572      	cmp	r2, lr
      newLEDs[23 - i].r = onColor.r;
     91c:	eb03 0343 	add.w	r3, r3, r3, lsl #1
    for (uint8_t i = map(value, 0, MAX_POT_VALUE, 0, 22);
     920:	fa5f f28c 	uxtb.w	r2, ip
         i < map(newValue, 0, MAX_POT_VALUE, 0, 22); i++) {
     924:	dbe8      	blt.n	8f8 <OttoPot::setNewValue(int)+0x44>
  value = newValue;
     926:	6101      	str	r1, [r0, #16]
}
     928:	bd10      	pop	{r4, pc}
	long num = (x - in_min) * out_range;
     92a:	f04f 0c16 	mov.w	ip, #22
	long result = num / in_range + out_min;
     92e:	4a1b      	ldr	r2, [pc, #108]	; (99c <OttoPot::setNewValue(int)+0xe8>)
	long num = (x - in_min) * out_range;
     930:	2416      	movs	r4, #22
     932:	fb0c fc01 	mul.w	ip, ip, r1
		num += in_range / 2;
     936:	f20c 7cff 	addw	ip, ip, #2047	; 0x7ff
	long result = num / in_range + out_min;
     93a:	fb82 2e0c 	smull	r2, lr, r2, ip
		if (in_range * num < 0) return result - 1;
     93e:	f1bc 0f00 	cmp.w	ip, #0
	long result = num / in_range + out_min;
     942:	ea4f 72ec 	mov.w	r2, ip, asr #31
     946:	44e6      	add	lr, ip
	long num = (x - in_min) * out_range;
     948:	fb04 fc03 	mul.w	ip, r4, r3
	long result = num / in_range + out_min;
     94c:	4b13      	ldr	r3, [pc, #76]	; (99c <OttoPot::setNewValue(int)+0xe8>)
		num += in_range / 2;
     94e:	f20c 7cff 	addw	ip, ip, #2047	; 0x7ff
	long result = num / in_range + out_min;
     952:	ebc2 22ee 	rsb	r2, r2, lr, asr #11
     956:	fb83 3e0c 	smull	r3, lr, r3, ip
		if (in_range * num < 0) return result - 1;
     95a:	bfb8      	it	lt
     95c:	f102 32ff 	addlt.w	r2, r2, #4294967295
	long result = num / in_range + out_min;
     960:	44e6      	add	lr, ip
    for (uint8_t i = map(newValue, 0, MAX_POT_VALUE, 0, 22);
     962:	b2d2      	uxtb	r2, r2
     964:	ea4f 2eee 	mov.w	lr, lr, asr #11
     968:	e00c      	b.n	984 <OttoPot::setNewValue(int)+0xd0>
      newLEDs[23 - i].r = onColor.r;
     96a:	f890 c02b 	ldrb.w	ip, [r0, #43]	; 0x2b
     96e:	4403      	add	r3, r0
     970:	f883 c076 	strb.w	ip, [r3, #118]	; 0x76
      newLEDs[23 - i].g = onColor.g;
     974:	f890 c02c 	ldrb.w	ip, [r0, #44]	; 0x2c
     978:	f883 c077 	strb.w	ip, [r3, #119]	; 0x77
      newLEDs[23 - i].b = onColor.b;
     97c:	f890 c02d 	ldrb.w	ip, [r0, #45]	; 0x2d
     980:	f883 c078 	strb.w	ip, [r3, #120]	; 0x78
      newLEDs[23 - i].r = onColor.r;
     984:	f1c2 0317 	rsb	r3, r2, #23
    for (uint8_t i = map(newValue, 0, MAX_POT_VALUE, 0, 22);
     988:	f102 0c01 	add.w	ip, r2, #1
         i < map(value, 0, MAX_POT_VALUE, 0, 22); i++) {
     98c:	4572      	cmp	r2, lr
      newLEDs[23 - i].r = onColor.r;
     98e:	eb03 0343 	add.w	r3, r3, r3, lsl #1
    for (uint8_t i = map(newValue, 0, MAX_POT_VALUE, 0, 22);
     992:	fa5f f28c 	uxtb.w	r2, ip
         i < map(value, 0, MAX_POT_VALUE, 0, 22); i++) {
     996:	dbe8      	blt.n	96a <OttoPot::setNewValue(int)+0xb6>
  value = newValue;
     998:	6101      	str	r1, [r0, #16]
}
     99a:	bd10      	pop	{r4, pc}
     99c:	80080081 	.word	0x80080081

000009a0 <OttoPot::handleControlChange(unsigned char, unsigned char, unsigned char)>:
  if (rchannel - 1 == muxc) {
     9a0:	f101 3cff 	add.w	ip, r1, #4294967295
void OttoPot::handleControlChange(byte rchannel, byte rcontrol, byte rvalue) {
     9a4:	b510      	push	{r4, lr}
  if (rchannel - 1 == muxc) {
     9a6:	f8d0 40d4 	ldr.w	r4, [r0, #212]	; 0xd4
     9aa:	45a4      	cmp	ip, r4
     9ac:	d029      	beq.n	a02 <OttoPot::handleControlChange(unsigned char, unsigned char, unsigned char)+0x62>
  if (rchannel != channel)
     9ae:	6804      	ldr	r4, [r0, #0]
     9b0:	42a1      	cmp	r1, r4
     9b2:	d125      	bne.n	a00 <OttoPot::handleControlChange(unsigned char, unsigned char, unsigned char)+0x60>
     9b4:	4929      	ldr	r1, [pc, #164]	; (a5c <OttoPot::handleControlChange(unsigned char, unsigned char, unsigned char)+0xbc>)
  if (currentMillis - interactionMillis >= 100) {
     9b6:	f8d0 40c0 	ldr.w	r4, [r0, #192]	; 0xc0
     9ba:	6809      	ldr	r1, [r1, #0]
     9bc:	1b09      	subs	r1, r1, r4
     9be:	2963      	cmp	r1, #99	; 0x63
     9c0:	d91e      	bls.n	a00 <OttoPot::handleControlChange(unsigned char, unsigned char, unsigned char)+0x60>
    if (rchannel == channel && (rcontrol == cc || rcontrol == cc + 32)) {
     9c2:	6841      	ldr	r1, [r0, #4]
     9c4:	428a      	cmp	r2, r1
     9c6:	d033      	beq.n	a30 <OttoPot::handleControlChange(unsigned char, unsigned char, unsigned char)+0x90>
     9c8:	3120      	adds	r1, #32
     9ca:	428a      	cmp	r2, r1
     9cc:	d118      	bne.n	a00 <OttoPot::handleControlChange(unsigned char, unsigned char, unsigned char)+0x60>
        receivedLSB = rvalue;
     9ce:	461a      	mov	r2, r3
      int nvalue = (receivedHSB << 7) + receivedLSB;
     9d0:	6883      	ldr	r3, [r0, #8]
        receivedLSB = rvalue;
     9d2:	60c2      	str	r2, [r0, #12]
      int nvalue = (receivedHSB << 7) + receivedLSB;
     9d4:	eb02 13c3 	add.w	r3, r2, r3, lsl #7
		num += in_range / 2;
     9d8:	f641 72ff 	movw	r2, #8191	; 0x1fff
	long result = num / in_range + out_min;
     9dc:	4920      	ldr	r1, [pc, #128]	; (a60 <OttoPot::handleControlChange(unsigned char, unsigned char, unsigned char)+0xc0>)
	long num = (x - in_min) * out_range;
     9de:	ebc3 3303 	rsb	r3, r3, r3, lsl #12
		num += in_range / 2;
     9e2:	441a      	add	r2, r3
	long result = num / in_range + out_min;
     9e4:	fb81 1302 	smull	r1, r3, r1, r2
     9e8:	17d1      	asrs	r1, r2, #31
		if (in_range * num < 0) return result - 1;
     9ea:	2a00      	cmp	r2, #0
	long result = num / in_range + out_min;
     9ec:	4413      	add	r3, r2
     9ee:	ebc1 3163 	rsb	r1, r1, r3, asr #13
}
     9f2:	e8bd 4010 	ldmia.w	sp!, {r4, lr}
		if (in_range * num < 0) return result - 1;
     9f6:	bfb8      	it	lt
     9f8:	f101 31ff 	addlt.w	r1, r1, #4294967295
      setNewValue(map(nvalue, 0, 16383, 0, MAX_POT_VALUE));
     9fc:	f7ff bf5a 	b.w	8b4 <OttoPot::setNewValue(int)>
}
     a00:	bd10      	pop	{r4, pc}
		num += in_range / 2;
     a02:	243f      	movs	r4, #63	; 0x3f
     a04:	f04f 0eff 	mov.w	lr, #255	; 0xff
     a08:	fb1e 4e03 	smlabb	lr, lr, r3, r4
	long result = num / in_range + out_min;
     a0c:	4c15      	ldr	r4, [pc, #84]	; (a64 <OttoPot::handleControlChange(unsigned char, unsigned char, unsigned char)+0xc4>)
     a0e:	fba4 4c0e 	umull	r4, ip, r4, lr
    switch (rcontrol) {
     a12:	f1a2 0465 	sub.w	r4, r2, #101	; 0x65
     a16:	ebae 0e0c 	sub.w	lr, lr, ip
     a1a:	eb0c 0c5e 	add.w	ip, ip, lr, lsr #1
    uint8_t cvalue = map(rvalue, 0, 127, 0, 255);
     a1e:	f3cc 1c87 	ubfx	ip, ip, #6, #8
    switch (rcontrol) {
     a22:	2c05      	cmp	r4, #5
     a24:	d8c3      	bhi.n	9ae <OttoPot::handleControlChange(unsigned char, unsigned char, unsigned char)+0xe>
     a26:	e8df f004 	tbb	[pc, r4]
     a2a:	0c09      	.short	0x0c09
     a2c:	0615120f 	.word	0x0615120f
      int nvalue = (receivedHSB << 7) + receivedLSB;
     a30:	68c2      	ldr	r2, [r0, #12]
        receivedHSB = rvalue;
     a32:	6083      	str	r3, [r0, #8]
      if (rcontrol == cc + 32) {
     a34:	e7ce      	b.n	9d4 <OttoPot::handleControlChange(unsigned char, unsigned char, unsigned char)+0x34>
      offColor.b = cvalue;
     a36:	f880 c02a 	strb.w	ip, [r0, #42]	; 0x2a
      break;
     a3a:	e7b8      	b.n	9ae <OttoPot::handleControlChange(unsigned char, unsigned char, unsigned char)+0xe>
      onColor.r = cvalue;
     a3c:	f880 c02b 	strb.w	ip, [r0, #43]	; 0x2b
      break;
     a40:	e7b5      	b.n	9ae <OttoPot::handleControlChange(unsigned char, unsigned char, unsigned char)+0xe>
      onColor.g = cvalue;
     a42:	f880 c02c 	strb.w	ip, [r0, #44]	; 0x2c
      break;
     a46:	e7b2      	b.n	9ae <OttoPot::handleControlChange(unsigned char, unsigned char, unsigned char)+0xe>
      onColor.b = cvalue;
     a48:	f880 c02d 	strb.w	ip, [r0, #45]	; 0x2d
      break;
     a4c:	e7af      	b.n	9ae <OttoPot::handleControlChange(unsigned char, unsigned char, unsigned char)+0xe>
      offColor.r = cvalue;
     a4e:	f880 c028 	strb.w	ip, [r0, #40]	; 0x28
      break;
     a52:	e7ac      	b.n	9ae <OttoPot::handleControlChange(unsigned char, unsigned char, unsigned char)+0xe>
      offColor.g = cvalue;
     a54:	f880 c029 	strb.w	ip, [r0, #41]	; 0x29
      break;
     a58:	e7a9      	b.n	9ae <OttoPot::handleControlChange(unsigned char, unsigned char, unsigned char)+0xe>
     a5a:	bf00      	nop
     a5c:	20001e48 	.word	0x20001e48
     a60:	80020009 	.word	0x80020009
     a64:	02040811 	.word	0x02040811

00000a68 <OttoPot::updateValue(unsigned long, unsigned long)>:
is needed and I like how the debugging constants I added help to tune the
parameters to keep it as low as possible, so I'm leaving it in its current
state.
*/
void OttoPot::updateValue(unsigned long currentMillis,
                          unsigned long currentMicros) {
     a68:	e92d 47f0 	stmdb	sp!, {r4, r5, r6, r7, r8, r9, sl, lr}
     a6c:	b08a      	sub	sp, #40	; 0x28
     a6e:	4604      	mov	r4, r0
     a70:	4689      	mov	r9, r1
#define MEDIAN 2

  int delta = 0, newValue;
  int pin1[READS];
  int pin2[READS];
  mux->channel(muxc);
     a72:	f990 10d4 	ldrsb.w	r1, [r0, #212]	; 0xd4
     a76:	ae05      	add	r6, sp, #20
     a78:	f8d0 00cc 	ldr.w	r0, [r0, #204]	; 0xcc
                          unsigned long currentMicros) {
     a7c:	4690      	mov	r8, r2
     a7e:	466d      	mov	r5, sp
  mux->channel(muxc);
     a80:	f000 fce2 	bl	1448 <admux::Mux::channel(signed char)>

  // Throwaway read: charge the ADC sample/hold cap to the newly-selected mux
  // channel before the real reads, avoiding cross-channel ghosting on the
  // first conversion.
  (void)mux->read();
     a84:	46b2      	mov	sl, r6
     a86:	f04f 31ff 	mov.w	r1, #4294967295
     a8a:	f8d4 00cc 	ldr.w	r0, [r4, #204]	; 0xcc
     a8e:	4637      	mov	r7, r6
     a90:	f000 fcfe 	bl	1490 <admux::Mux::read(signed char)>
  (void)mux2->read();
     a94:	f04f 31ff 	mov.w	r1, #4294967295
     a98:	f8d4 00d0 	ldr.w	r0, [r4, #208]	; 0xd0
     a9c:	f000 fcf8 	bl	1490 <admux::Mux::read(signed char)>

  for (uint8_t i = 0; i < READS; i++) {
    pin1[i] = mux->read();
     aa0:	f04f 31ff 	mov.w	r1, #4294967295
     aa4:	f8d4 00cc 	ldr.w	r0, [r4, #204]	; 0xcc
     aa8:	f000 fcf2 	bl	1490 <admux::Mux::read(signed char)>
     aac:	4603      	mov	r3, r0
    pin2[i] = mux2->read();
     aae:	f04f 31ff 	mov.w	r1, #4294967295
     ab2:	f8d4 00d0 	ldr.w	r0, [r4, #208]	; 0xd0
    pin1[i] = mux->read();
     ab6:	f845 3b04 	str.w	r3, [r5], #4
    pin2[i] = mux2->read();
     aba:	f000 fce9 	bl	1490 <admux::Mux::read(signed char)>
  for (uint8_t i = 0; i < READS; i++) {
     abe:	42af      	cmp	r7, r5
    pin2[i] = mux2->read();
     ac0:	f846 0b04 	str.w	r0, [r6], #4
  for (uint8_t i = 0; i < READS; i++) {
     ac4:	d1ec      	bne.n	aa0 <OttoPot::updateValue(unsigned long, unsigned long)+0x38>
  }

  // Sort pin read values and use median
  uint8_t lt_length = sizeof(pin1) / sizeof(pin1[0]);
  qsort(pin1, lt_length, sizeof(pin1[0]), sort_desc);
     ac6:	4668      	mov	r0, sp
     ac8:	4b4c      	ldr	r3, [pc, #304]	; (bfc <OttoPot::updateValue(unsigned long, unsigned long)+0x194>)
     aca:	2204      	movs	r2, #4
     acc:	2105      	movs	r1, #5
     ace:	f003 f977 	bl	3dc0 <qsort>
  qsort(pin2, lt_length, sizeof(pin1[0]), sort_desc);
     ad2:	4b4a      	ldr	r3, [pc, #296]	; (bfc <OttoPot::updateValue(unsigned long, unsigned long)+0x194>)
     ad4:	4650      	mov	r0, sl
     ad6:	2204      	movs	r2, #4
     ad8:	2105      	movs	r1, #5
     ada:	f003 f971 	bl	3dc0 <qsort>

  pot.updateValues(pin1[MEDIAN], pin2[MEDIAN]);
     ade:	9a07      	ldr	r2, [sp, #28]
     ae0:	9902      	ldr	r1, [sp, #8]
     ae2:	f104 00d8 	add.w	r0, r4, #216	; 0xd8
     ae6:	f7ff fad3 	bl	90 <EndlessPotentiometer::updateValues(int, int)>
  // I *think* overflows are no problem this way? Not 100% sure but I haven't
  // noticed any problems
  unsigned long deltaMicros = currentMicros - previousMicros;
     aea:	f8d4 20c8 	ldr.w	r2, [r4, #200]	; 0xc8

  delta = pot.linearDelta;
     aee:	f8d4 30e4 	ldr.w	r3, [r4, #228]	; 0xe4
  return a < b ? std::forward<A>(a) : std::forward<B>(b);
}
// Returns the maximum of 2 input numbers.
template<class A, class B>
constexpr auto max(A&& a, B&& b) -> decltype(a < b ? std::forward<A>(a) : std::forward<B>(b)) {
  return a >= b ? std::forward<A>(a) : std::forward<B>(b);
     af2:	ed94 7a05 	vldr	s14, [r4, #20]
  unsigned long deltaMicros = currentMicros - previousMicros;
     af6:	eba8 0502 	sub.w	r5, r8, r2

  dzValue = max(dzValue, 0.0f);
  dzValue += abs(delta);
     afa:	ea83 72e3 	eor.w	r2, r3, r3, asr #31
  return a < b ? std::forward<A>(a) : std::forward<B>(b);
     afe:	eddf 6a40 	vldr	s13, [pc, #256]	; c00 <OttoPot::updateValue(unsigned long, unsigned long)+0x198>
  return a >= b ? std::forward<A>(a) : std::forward<B>(b);
     b02:	eeb5 7ac0 	vcmpe.f32	s14, #0.0
     b06:	eba2 72e3 	sub.w	r2, r2, r3, asr #31
     b0a:	eef1 fa10 	vmrs	APSR_nzcv, fpscr
     b0e:	ee07 2a90 	vmov	s15, r2
     b12:	eef8 7ae7 	vcvt.f32.s32	s15, s15
     b16:	bfb8      	it	lt
     b18:	ed9f 7a3a 	vldrlt	s14, [pc, #232]	; c04 <OttoPot::updateValue(unsigned long, unsigned long)+0x19c>
     b1c:	ee77 7a87 	vadd.f32	s15, s15, s14
  return a < b ? std::forward<A>(a) : std::forward<B>(b);
     b20:	eef4 7ae6 	vcmpe.f32	s15, s13
     b24:	eef1 fa10 	vmrs	APSR_nzcv, fpscr
     b28:	d50e      	bpl.n	b48 <OttoPot::updateValue(unsigned long, unsigned long)+0xe0>
  // --- Deadzone state machine (Finding #5) -------------------------------
  // dzValue detects only the initial unlock burst. Staying unlocked is driven
  // by a CONTINUOUS net-signed displacement accumulator (no fixed window): the
  // earlier 40 ms window reset discarded slow movement before it could
  // accumulate, reintroducing a speed floor (diag-pot Obs 3).
  if (locked) {
     b2a:	7f22      	ldrb	r2, [r4, #28]
  dzValue = min(dzValue, 40.0f);
     b2c:	edc4 7a05 	vstr	s15, [r4, #20]
  if (locked) {
     b30:	b172      	cbz	r2, b50 <OttoPot::updateValue(unsigned long, unsigned long)+0xe8>
    // Initial unlock still requires a deliberate rate burst — this is the
    // stray-CC / automation-takeover guard and must stay.
    if (dzValue > DZ_UNLOCK_THRESHOLD) {
     b32:	eeb7 7a08 	vmov.f32	s14, #120	; 0x3fc00000  1.5
     b36:	eef4 7ac7 	vcmpe.f32	s15, s14
     b3a:	eef1 fa10 	vmrs	APSR_nzcv, fpscr
     b3e:	dc18      	bgt.n	b72 <OttoPot::updateValue(unsigned long, unsigned long)+0x10a>
      netAccum = 0;
    } else {
      // Still locked: buffer run-up travel so the gesture doesn't lag the
      // knob on unlock. Done only when we stay locked, so the transmit block
      // below (value + delta + pendingDelta) never double-counts this delta.
      pendingDelta += delta;
     b40:	69a2      	ldr	r2, [r4, #24]
     b42:	441a      	add	r2, r3
     b44:	61a2      	str	r2, [r4, #24]
     b46:	e03c      	b.n	bc2 <OttoPot::updateValue(unsigned long, unsigned long)+0x15a>
  if (locked) {
     b48:	7f22      	ldrb	r2, [r4, #28]
  dzValue = min(dzValue, 40.0f);
     b4a:	edc4 6a05 	vstr	s13, [r4, #20]
  if (locked) {
     b4e:	b982      	cbnz	r2, b72 <OttoPot::updateValue(unsigned long, unsigned long)+0x10a>
    // Accumulate net signed travel continuously — never reset on a timer. The
    // moment it reaches DZ_NET_MOVE_COUNTS that is confirmed genuine movement:
    // refresh the pause timer and reset the accumulator. A turn of ANY speed
    // eventually reaches the threshold, so it never relocks mid-gesture; idle
    // delta is 0, so the accumulator never grows while the knob is still.
    netAccum += delta;
     b50:	6a62      	ldr	r2, [r4, #36]	; 0x24
     b52:	441a      	add	r2, r3
     b54:	6262      	str	r2, [r4, #36]	; 0x24
    if (abs(netAccum) >= DZ_NET_MOVE_COUNTS) {
     b56:	2a00      	cmp	r2, #0
     b58:	d14b      	bne.n	bf2 <OttoPot::updateValue(unsigned long, unsigned long)+0x18a>
      lastMovementMillis = currentMillis;
      netAccum = 0;
    }
    // Relock only after a true pause — DZ_PAUSE_TIMEOUT_MS of no movement.
    if (currentMillis - lastMovementMillis > DZ_PAUSE_TIMEOUT_MS) {
     b5a:	6a21      	ldr	r1, [r4, #32]
     b5c:	eba9 0101 	sub.w	r1, r9, r1
     b60:	f5b1 7f96 	cmp.w	r1, #300	; 0x12c
     b64:	d90a      	bls.n	b7c <OttoPot::updateValue(unsigned long, unsigned long)+0x114>
      locked = true;
     b66:	2301      	movs	r3, #1
     b68:	eddf 7a26 	vldr	s15, [pc, #152]	; c04 <OttoPot::updateValue(unsigned long, unsigned long)+0x19c>
      // Discard buffered run-up so a stray drift can't build a latent jump;
      // clear dzValue so re-unlocking needs a fresh deliberate burst.
      pendingDelta = 0;
     b6c:	61a2      	str	r2, [r4, #24]
      locked = true;
     b6e:	7723      	strb	r3, [r4, #28]
      netAccum = 0;
      dzValue = 0.0f;
     b70:	e027      	b.n	bc2 <OttoPot::updateValue(unsigned long, unsigned long)+0x15a>
      locked = false;
     b72:	2200      	movs	r2, #0
      lastMovementMillis = currentMillis;
     b74:	f8c4 9020 	str.w	r9, [r4, #32]
      locked = false;
     b78:	7722      	strb	r2, [r4, #28]
      netAccum = 0;
     b7a:	6262      	str	r2, [r4, #36]	; 0x24
  }

  // Transmit whenever unlocked — including the loop that just unlocked, hence
  // a plain `if` (not `else if`) so pendingDelta flushes the same pass.
  if (!locked) {
    newValue = value + delta + pendingDelta;
     b7c:	6922      	ldr	r2, [r4, #16]
     b7e:	18d1      	adds	r1, r2, r3
     b80:	69a3      	ldr	r3, [r4, #24]
     b82:	4419      	add	r1, r3
    pendingDelta = 0;
     b84:	2300      	movs	r3, #0
     b86:	f381 010c 	usat	r1, #12, r1
     b8a:	61a3      	str	r3, [r4, #24]
    if (newValue < 0) {
      newValue = 0;
    } else if (newValue > MAX_POT_VALUE) {
      newValue = MAX_POT_VALUE;
    }
    if (newValue != value) {
     b8c:	428a      	cmp	r2, r1
     b8e:	d016      	beq.n	bbe <OttoPot::updateValue(unsigned long, unsigned long)+0x156>
      // Refresh on every transmit so the 100 ms incoming-CC gate stays closed
      // for the whole gesture, however slow.
      interactionMillis = currentMillis;
      setNewValue(newValue);
     b90:	4620      	mov	r0, r4
      interactionMillis = currentMillis;
     b92:	f8c4 90c0 	str.w	r9, [r4, #192]	; 0xc0
      setNewValue(newValue);
     b96:	f7ff fe8d 	bl	8b4 <OttoPot::setNewValue(int)>
	long num = (x - in_min) * out_range;
     b9a:	6923      	ldr	r3, [r4, #16]
	long result = num / in_range + out_min;
     b9c:	4a1a      	ldr	r2, [pc, #104]	; (c08 <OttoPot::updateValue(unsigned long, unsigned long)+0x1a0>)
	long num = (x - in_min) * out_range;
     b9e:	ebc3 3383 	rsb	r3, r3, r3, lsl #14
		num += in_range / 2;
     ba2:	f203 73ff 	addw	r3, r3, #2047	; 0x7ff
	long result = num / in_range + out_min;
     ba6:	fb82 1203 	smull	r1, r2, r2, r3
     baa:	17d9      	asrs	r1, r3, #31
		if (in_range * num < 0) return result - 1;
     bac:	2b00      	cmp	r3, #0
	long result = num / in_range + out_min;
     bae:	441a      	add	r2, r3
     bb0:	ebc1 21e2 	rsb	r1, r1, r2, asr #11
		if (in_range * num < 0) return result - 1;
     bb4:	bfb8      	it	lt
     bb6:	f101 31ff 	addlt.w	r1, r1, #4294967295
      sendMidiCC(map(value, 0, MAX_POT_VALUE, 0, 16383));
     bba:	f7ff fe4f 	bl	85c <OttoPot::sendMidiCC(int)>
  }

  // Time-based decay of the unlock-burst accumulator, decoupled from loop
  // rate: ~1.0 per 5 ms regardless of how fast the loop runs (the old integer
  // deltaMicros/5000 truncated to 1, sometimes 0, and depended on delay(5)).
  dzValue -= (float)deltaMicros / 5000.0f;
     bbe:	edd4 7a05 	vldr	s15, [r4, #20]
     bc2:	ee07 5a10 	vmov	s14, r5
     bc6:	ed9f 6a11 	vldr	s12, [pc, #68]	; c0c <OttoPot::updateValue(unsigned long, unsigned long)+0x1a4>
     bca:	eeb8 7a47 	vcvt.f32.u32	s14, s14
  dzValue = max(dzValue, 0.0f);
  previousMillis = currentMillis;
  previousMicros = currentMicros;
     bce:	e9c4 9831 	strd	r9, r8, [r4, #196]	; 0xc4
  dzValue -= (float)deltaMicros / 5000.0f;
     bd2:	eec7 6a06 	vdiv.f32	s13, s14, s12
     bd6:	ee77 7ae6 	vsub.f32	s15, s15, s13
  return a >= b ? std::forward<A>(a) : std::forward<B>(b);
     bda:	eef5 7ac0 	vcmpe.f32	s15, #0.0
     bde:	eef1 fa10 	vmrs	APSR_nzcv, fpscr
     be2:	bfb8      	it	lt
     be4:	eddf 7a07 	vldrlt	s15, [pc, #28]	; c04 <OttoPot::updateValue(unsigned long, unsigned long)+0x19c>
  dzValue = max(dzValue, 0.0f);
     be8:	edc4 7a05 	vstr	s15, [r4, #20]
            (!locked) * 4000, (int)max(dzValue * 100.0f, 0.0f),
            delta * 100,
            (int)min(currentMillis - lastMovementMillis, (unsigned long)600));
  }
#endif
}
     bec:	b00a      	add	sp, #40	; 0x28
     bee:	e8bd 87f0 	ldmia.w	sp!, {r4, r5, r6, r7, r8, r9, sl, pc}
      netAccum = 0;
     bf2:	2200      	movs	r2, #0
      lastMovementMillis = currentMillis;
     bf4:	f8c4 9020 	str.w	r9, [r4, #32]
      netAccum = 0;
     bf8:	6262      	str	r2, [r4, #36]	; 0x24
    if (currentMillis - lastMovementMillis > DZ_PAUSE_TIMEOUT_MS) {
     bfa:	e7bf      	b.n	b7c <OttoPot::updateValue(unsigned long, unsigned long)+0x114>
     bfc:	0000068d 	.word	0x0000068d
     c00:	42200000 	.word	0x42200000
     c04:	00000000 	.word	0x00000000
     c08:	80080081 	.word	0x80080081
     c0c:	459c4000 	.word	0x459c4000

00000c10 <OttoPot::updateLEDs()>:
     c10:	2300      	movs	r3, #0
  offColor.r = r;
  offColor.g = g;
  offColor.b = b;
}

void OttoPot::updateLEDs() {
     c12:	e92d 4ff0 	stmdb	sp!, {r4, r5, r6, r7, r8, r9, sl, fp, lr}
     c16:	f880 3078 	strb.w	r3, [r0, #120]	; 0x78
     c1a:	b083      	sub	sp, #12
     c1c:	f880 3077 	strb.w	r3, [r0, #119]	; 0x77
     c20:	4604      	mov	r4, r0
     c22:	f880 3076 	strb.w	r3, [r0, #118]	; 0x76
     c26:	f1a0 0a45 	sub.w	sl, r0, #69	; 0x45

  uint8_t t_r = onColor.r;
     c2a:	f890 802b 	ldrb.w	r8, [r0, #43]	; 0x2b
     c2e:	4605      	mov	r5, r0
  uint8_t t_g = onColor.g;
     c30:	f890 702c 	ldrb.w	r7, [r0, #44]	; 0x2c
  uint8_t t_b = onColor.b;
     c34:	f890 602d 	ldrb.w	r6, [r0, #45]	; 0x2d
     c38:	f890 1028 	ldrb.w	r1, [r0, #40]	; 0x28
     c3c:	f890 2029 	ldrb.w	r2, [r0, #41]	; 0x29
     c40:	f890 302a 	ldrb.w	r3, [r0, #42]	; 0x2a

  newLEDs[0].setAll(0);

  for (uint8_t i = 23; i >= 1; i--) {
    newLEDs[i].r = max(newLEDs[i].r - 40, offColor.r);
     c44:	f895 90bb 	ldrb.w	r9, [r5, #187]	; 0xbb
  for (uint8_t i = 23; i >= 1; i--) {
     c48:	3d03      	subs	r5, #3
    newLEDs[i].g = max(newLEDs[i].g - 40, offColor.g);
     c4a:	f895 e0bf 	ldrb.w	lr, [r5, #191]	; 0xbf
    newLEDs[i].r = max(newLEDs[i].r - 40, offColor.r);
     c4e:	f1a9 0928 	sub.w	r9, r9, #40	; 0x28
    newLEDs[i].b = max(newLEDs[i].b - 40, offColor.b);
     c52:	f895 c0c0 	ldrb.w	ip, [r5, #192]	; 0xc0
    newLEDs[i].g = max(newLEDs[i].g - 40, offColor.g);
     c56:	f1ae 0e28 	sub.w	lr, lr, #40	; 0x28
    newLEDs[i].r = max(newLEDs[i].r - 40, offColor.r);
     c5a:	4589      	cmp	r9, r1
    newLEDs[i].b = max(newLEDs[i].b - 40, offColor.b);
     c5c:	f1ac 0c28 	sub.w	ip, ip, #40	; 0x28
    newLEDs[i].r = max(newLEDs[i].r - 40, offColor.r);
     c60:	bfb8      	it	lt
     c62:	4689      	movlt	r9, r1
    newLEDs[i].g = max(newLEDs[i].g - 40, offColor.g);
     c64:	4596      	cmp	lr, r2
     c66:	bfb8      	it	lt
     c68:	4696      	movlt	lr, r2
    newLEDs[i].b = max(newLEDs[i].b - 40, offColor.b);
     c6a:	459c      	cmp	ip, r3
    newLEDs[i].r = max(newLEDs[i].r - 40, offColor.r);
     c6c:	f885 90be 	strb.w	r9, [r5, #190]	; 0xbe
    newLEDs[i].b = max(newLEDs[i].b - 40, offColor.b);
     c70:	bfb8      	it	lt
     c72:	469c      	movlt	ip, r3
    newLEDs[i].g = max(newLEDs[i].g - 40, offColor.g);
     c74:	f885 e0bf 	strb.w	lr, [r5, #191]	; 0xbf
    newLEDs[i].b = max(newLEDs[i].b - 40, offColor.b);
     c78:	f885 c0c0 	strb.w	ip, [r5, #192]	; 0xc0
  for (uint8_t i = 23; i >= 1; i--) {
     c7c:	4555      	cmp	r5, sl
     c7e:	d1e1      	bne.n	c44 <OttoPot::updateLEDs()+0x34>
  }

  float targetLeds = (float)value / (float)MAX_POT_VALUE * (22.0);
     c80:	edd0 7a04 	vldr	s15, [r0, #16]
     c84:	eeb3 7a06 	vmov.f32	s14, #54	; 0x41b00000  22.0
     c88:	eddf 5ac1 	vldr	s11, [pc, #772]	; f90 <OttoPot::updateLEDs()+0x380>
     c8c:	eef8 6ae7 	vcvt.f32.s32	s13, s15
  int col2 = (targetLeds - (int)targetLeds) * 255;
     c90:	ed9f 6ac0 	vldr	s12, [pc, #768]	; f94 <OttoPot::updateLEDs()+0x384>
  float targetLeds = (float)value / (float)MAX_POT_VALUE * (22.0);
     c94:	9601      	str	r6, [sp, #4]
     c96:	eec6 7aa5 	vdiv.f32	s15, s13, s11
     c9a:	ee67 7a87 	vmul.f32	s15, s15, s14
  int col2 = (targetLeds - (int)targetLeds) * 255;
     c9e:	eefd 6ae7 	vcvt.s32.f32	s13, s15
  { return __builtin_floorf(__x); }
     ca2:	fefb 5a67 	vrintm.f32	s11, s15
  int col1 = 255 - col2;
  int ledNum = 22 - floor(targetLeds);
     ca6:	ee37 7a65 	vsub.f32	s14, s14, s11
  int col2 = (targetLeds - (int)targetLeds) * 255;
     caa:	eef8 6ae6 	vcvt.f32.s32	s13, s13
  int ledNum = 22 - floor(targetLeds);
     cae:	eebd 7ac7 	vcvt.s32.f32	s14, s14
  int col2 = (targetLeds - (int)targetLeds) * 255;
     cb2:	ee77 7ae6 	vsub.f32	s15, s15, s13
  int ledNum = 22 - floor(targetLeds);
     cb6:	ee17 ca10 	vmov	ip, s14
  int col2 = (targetLeds - (int)targetLeds) * 255;
     cba:	ee67 7a86 	vmul.f32	s15, s15, s12

  if (ledNum > 0) {
     cbe:	f1bc 0f00 	cmp.w	ip, #0
  int col2 = (targetLeds - (int)targetLeds) * 255;
     cc2:	eefd 7ae7 	vcvt.s32.f32	s15, s15
     cc6:	ee17 ea90 	vmov	lr, s15
  int col1 = 255 - col2;
     cca:	f1ce 05ff 	rsb	r5, lr, #255	; 0xff
  if (ledNum > 0) {
     cce:	f340 80da 	ble.w	e86 <OttoPot::updateLEDs()+0x276>
	long out_range = out_max - out_min;
     cd2:	eba8 0801 	sub.w	r8, r8, r1
	if (out_range >= 0) {
     cd6:	f1b8 0f00 	cmp.w	r8, #0
	long num = (x - in_min) * out_range;
     cda:	fb08 f90e 	mul.w	r9, r8, lr
	if (out_range >= 0) {
     cde:	f2c0 810d 	blt.w	efc <OttoPot::updateLEDs()+0x2ec>
		num += in_range / 2;
     ce2:	f109 097f 	add.w	r9, r9, #127	; 0x7f
	long result = num / in_range + out_min;
     ce6:	f8df a2b0 	ldr.w	sl, [pc, #688]	; f98 <OttoPot::updateLEDs()+0x388>
     cea:	fb8a ba09 	smull	fp, sl, sl, r9
     cee:	ea4f 7be9 	mov.w	fp, r9, asr #31
		if (in_range * num < 0) return result - 1;
     cf2:	f1b9 0f00 	cmp.w	r9, #0
	long result = num / in_range + out_min;
     cf6:	44ca      	add	sl, r9
     cf8:	ebcb 1aea 	rsb	sl, fp, sl, asr #7
     cfc:	448a      	add	sl, r1
		if (in_range * num < 0) return result - 1;
     cfe:	f2c0 8110 	blt.w	f22 <OttoPot::updateLEDs()+0x312>
	long out_range = out_max - out_min;
     d02:	1abf      	subs	r7, r7, r2
    newLEDs[ledNum].r = map(col2, 0, 255, offColor.r, t_r);
     d04:	eb0c 094c 	add.w	r9, ip, ip, lsl #1
     d08:	ea4f 0b4c 	mov.w	fp, ip, lsl #1
     d0c:	4481      	add	r9, r0
	if (out_range >= 0) {
     d0e:	2f00      	cmp	r7, #0
     d10:	f889 a076 	strb.w	sl, [r9, #118]	; 0x76
	long num = (x - in_min) * out_range;
     d14:	fb07 fa0e 	mul.w	sl, r7, lr
	if (out_range >= 0) {
     d18:	f2c0 811f 	blt.w	f5a <OttoPot::updateLEDs()+0x34a>
		num += in_range / 2;
     d1c:	f10a 0a7f 	add.w	sl, sl, #127	; 0x7f
	long result = num / in_range + out_min;
     d20:	f8df 9274 	ldr.w	r9, [pc, #628]	; f98 <OttoPot::updateLEDs()+0x388>
     d24:	fb89 690a 	smull	r6, r9, r9, sl
		if (in_range * num < 0) return result - 1;
     d28:	f1ba 0f00 	cmp.w	sl, #0
	long result = num / in_range + out_min;
     d2c:	eb09 060a 	add.w	r6, r9, sl
     d30:	ea4f 79ea 	mov.w	r9, sl, asr #31
     d34:	ebc9 19e6 	rsb	r9, r9, r6, asr #7
     d38:	4491      	add	r9, r2
		if (in_range * num < 0) return result - 1;
     d3a:	f2c0 80f8 	blt.w	f2e <OttoPot::updateLEDs()+0x31e>
	long out_range = out_max - out_min;
     d3e:	9e01      	ldr	r6, [sp, #4]

    newLEDs[ledNum].g = map(col2, 0, 255, offColor.g, t_g);
     d40:	eb0b 0a0c 	add.w	sl, fp, ip
     d44:	1af6      	subs	r6, r6, r3
     d46:	4482      	add	sl, r0
	if (out_range >= 0) {
     d48:	2e00      	cmp	r6, #0
	long num = (x - in_min) * out_range;
     d4a:	fb06 fe0e 	mul.w	lr, r6, lr
     d4e:	f88a 9077 	strb.w	r9, [sl, #119]	; 0x77
	if (out_range >= 0) {
     d52:	f2c0 80ef 	blt.w	f34 <OttoPot::updateLEDs()+0x324>
		num += in_range / 2;
     d56:	f10e 0e7f 	add.w	lr, lr, #127	; 0x7f
	long result = num / in_range + out_min;
     d5a:	f8df 923c 	ldr.w	r9, [pc, #572]	; f98 <OttoPot::updateLEDs()+0x388>
     d5e:	fb89 a90e 	smull	sl, r9, r9, lr
     d62:	ea4f 7aee 	mov.w	sl, lr, asr #31
		if (in_range * num < 0) return result - 1;
     d66:	f1be 0f00 	cmp.w	lr, #0
	long result = num / in_range + out_min;
     d6a:	44f1      	add	r9, lr
     d6c:	ebca 19e9 	rsb	r9, sl, r9, asr #7
     d70:	4499      	add	r9, r3
		if (in_range * num < 0) return result - 1;
     d72:	f2c0 80d9 	blt.w	f28 <OttoPot::updateLEDs()+0x318>

    newLEDs[ledNum].b = map(col2, 0, 255, offColor.b, t_b);
     d76:	eb0b 0e0c 	add.w	lr, fp, ip
	if (out_range >= 0) {
     d7a:	f1b8 0f00 	cmp.w	r8, #0
     d7e:	4486      	add	lr, r0
     d80:	f88e 9078 	strb.w	r9, [lr, #120]	; 0x78
	long num = (x - in_min) * out_range;
     d84:	fb08 fe05 	mul.w	lr, r8, r5
	if (out_range >= 0) {
     d88:	f2c0 8087 	blt.w	e9a <OttoPot::updateLEDs()+0x28a>
		num += in_range / 2;
     d8c:	f10e 0e7f 	add.w	lr, lr, #127	; 0x7f
	long result = num / in_range + out_min;
     d90:	f8df 8204 	ldr.w	r8, [pc, #516]	; f98 <OttoPot::updateLEDs()+0x388>
     d94:	fb88 980e 	smull	r9, r8, r8, lr
     d98:	ea4f 79ee 	mov.w	r9, lr, asr #31
		if (in_range * num < 0) return result - 1;
     d9c:	f1be 0f00 	cmp.w	lr, #0
	long result = num / in_range + out_min;
     da0:	44f0      	add	r8, lr
     da2:	ebc9 18e8 	rsb	r8, r9, r8, asr #7
     da6:	4488      	add	r8, r1
		if (in_range * num < 0) return result - 1;
     da8:	f2c0 80ef 	blt.w	f8a <OttoPot::updateLEDs()+0x37a>
  }

  newLEDs[ledNum + 1].r = map(col1, 0, 255, offColor.r, t_r);
     dac:	f10c 0c01 	add.w	ip, ip, #1
	if (out_range >= 0) {
     db0:	2f00      	cmp	r7, #0
	long num = (x - in_min) * out_range;
     db2:	fb07 fe05 	mul.w	lr, r7, r5
     db6:	eb0c 014c 	add.w	r1, ip, ip, lsl #1
     dba:	4401      	add	r1, r0
     dbc:	f881 8076 	strb.w	r8, [r1, #118]	; 0x76
     dc0:	ea4f 014c 	mov.w	r1, ip, lsl #1
	if (out_range >= 0) {
     dc4:	f2c0 8089 	blt.w	eda <OttoPot::updateLEDs()+0x2ca>
		num += in_range / 2;
     dc8:	f10e 077f 	add.w	r7, lr, #127	; 0x7f
	long result = num / in_range + out_min;
     dcc:	f8df e1c8 	ldr.w	lr, [pc, #456]	; f98 <OttoPot::updateLEDs()+0x388>
     dd0:	fb8e 8e07 	smull	r8, lr, lr, r7
     dd4:	ea4f 78e7 	mov.w	r8, r7, asr #31
		if (in_range * num < 0) return result - 1;
     dd8:	2f00      	cmp	r7, #0
	long result = num / in_range + out_min;
     dda:	44be      	add	lr, r7
     ddc:	ebc8 1eee 	rsb	lr, r8, lr, asr #7
     de0:	4472      	add	r2, lr
		if (in_range * num < 0) return result - 1;
     de2:	f2c0 80d0 	blt.w	f86 <OttoPot::updateLEDs()+0x376>
  newLEDs[ledNum + 1].g = map(col1, 0, 255, offColor.g, t_g);
     de6:	eb01 070c 	add.w	r7, r1, ip
	if (out_range >= 0) {
     dea:	2e00      	cmp	r6, #0
	long num = (x - in_min) * out_range;
     dec:	fb06 f505 	mul.w	r5, r6, r5
     df0:	4407      	add	r7, r0
     df2:	f887 2077 	strb.w	r2, [r7, #119]	; 0x77
	if (out_range >= 0) {
     df6:	db63      	blt.n	ec0 <OttoPot::updateLEDs()+0x2b0>
		num += in_range / 2;
     df8:	f105 027f 	add.w	r2, r5, #127	; 0x7f
	long result = num / in_range + out_min;
     dfc:	4d66      	ldr	r5, [pc, #408]	; (f98 <OttoPot::updateLEDs()+0x388>)
     dfe:	fb85 6502 	smull	r6, r5, r5, r2
     e02:	17d6      	asrs	r6, r2, #31
		if (in_range * num < 0) return result - 1;
     e04:	2a00      	cmp	r2, #0
	long result = num / in_range + out_min;
     e06:	4415      	add	r5, r2
     e08:	ebc6 15e5 	rsb	r5, r6, r5, asr #7
     e0c:	442b      	add	r3, r5
		if (in_range * num < 0) return result - 1;
     e0e:	f2c0 80b8 	blt.w	f82 <OttoPot::updateLEDs()+0x372>
  newLEDs[ledNum + 1].b = map(col1, 0, 255, offColor.b, t_b);
     e12:	4461      	add	r1, ip
     e14:	2500      	movs	r5, #0

  for (uint8_t i = 0; i < NUM_LEDS; i++) {
    if (currentLEDs[i].r != newLEDs[i].r) {
      leds.LEDRingSmall_Set_RED(i, newLEDs[i].r);
     e16:	f500 7780 	add.w	r7, r0, #256	; 0x100
  newLEDs[ledNum + 1].b = map(col1, 0, 255, offColor.b, t_b);
     e1a:	4401      	add	r1, r0
     e1c:	f881 3078 	strb.w	r3, [r1, #120]	; 0x78
    if (currentLEDs[i].r != newLEDs[i].r) {
     e20:	f894 2076 	ldrb.w	r2, [r4, #118]	; 0x76
     e24:	b2ee      	uxtb	r6, r5
     e26:	f894 302e 	ldrb.w	r3, [r4, #46]	; 0x2e
      leds.LEDRingSmall_Set_RED(i, newLEDs[i].r);
     e2a:	4638      	mov	r0, r7
  for (uint8_t i = 0; i < NUM_LEDS; i++) {
     e2c:	3501      	adds	r5, #1
      leds.LEDRingSmall_Set_RED(i, newLEDs[i].r);
     e2e:	4631      	mov	r1, r6
    if (currentLEDs[i].r != newLEDs[i].r) {
     e30:	4293      	cmp	r3, r2
     e32:	d005      	beq.n	e40 <OttoPot::updateLEDs()+0x230>
      leds.LEDRingSmall_Set_RED(i, newLEDs[i].r);
     e34:	f7ff fa06 	bl	244 <LEDRingSmall::LEDRingSmall_Set_RED(unsigned char, unsigned char)>
      currentLEDs[i].r = newLEDs[i].r;
     e38:	f894 3076 	ldrb.w	r3, [r4, #118]	; 0x76
     e3c:	f884 302e 	strb.w	r3, [r4, #46]	; 0x2e
    }
    if (currentLEDs[i].g != newLEDs[i].g) {
     e40:	f894 2077 	ldrb.w	r2, [r4, #119]	; 0x77
      leds.LEDRingSmall_Set_GREEN(i, newLEDs[i].g);
     e44:	4631      	mov	r1, r6
    if (currentLEDs[i].g != newLEDs[i].g) {
     e46:	f894 302f 	ldrb.w	r3, [r4, #47]	; 0x2f
      leds.LEDRingSmall_Set_GREEN(i, newLEDs[i].g);
     e4a:	4638      	mov	r0, r7
    if (currentLEDs[i].g != newLEDs[i].g) {
     e4c:	4293      	cmp	r3, r2
     e4e:	d005      	beq.n	e5c <OttoPot::updateLEDs()+0x24c>
      leds.LEDRingSmall_Set_GREEN(i, newLEDs[i].g);
     e50:	f7ff fa16 	bl	280 <LEDRingSmall::LEDRingSmall_Set_GREEN(unsigned char, unsigned char)>
      currentLEDs[i].g = newLEDs[i].g;
     e54:	f894 3077 	ldrb.w	r3, [r4, #119]	; 0x77
     e58:	f884 302f 	strb.w	r3, [r4, #47]	; 0x2f
    }
    if (currentLEDs[i].b != newLEDs[i].b) {
     e5c:	f894 2078 	ldrb.w	r2, [r4, #120]	; 0x78
      leds.LEDRingSmall_Set_BLUE(i, newLEDs[i].b);
     e60:	4631      	mov	r1, r6
    if (currentLEDs[i].b != newLEDs[i].b) {
     e62:	f894 3030 	ldrb.w	r3, [r4, #48]	; 0x30
      leds.LEDRingSmall_Set_BLUE(i, newLEDs[i].b);
     e66:	4638      	mov	r0, r7
    if (currentLEDs[i].b != newLEDs[i].b) {
     e68:	4293      	cmp	r3, r2
     e6a:	d005      	beq.n	e78 <OttoPot::updateLEDs()+0x268>
      leds.LEDRingSmall_Set_BLUE(i, newLEDs[i].b);
     e6c:	f7ff f9ca 	bl	204 <LEDRingSmall::LEDRingSmall_Set_BLUE(unsigned char, unsigned char)>
      currentLEDs[i].b = newLEDs[i].b;
     e70:	f894 3078 	ldrb.w	r3, [r4, #120]	; 0x78
     e74:	f884 3030 	strb.w	r3, [r4, #48]	; 0x30
  for (uint8_t i = 0; i < NUM_LEDS; i++) {
     e78:	2d18      	cmp	r5, #24
     e7a:	f104 0403 	add.w	r4, r4, #3
     e7e:	d1cf      	bne.n	e20 <OttoPot::updateLEDs()+0x210>
    }
  }
}
     e80:	b003      	add	sp, #12
     e82:	e8bd 8ff0 	ldmia.w	sp!, {r4, r5, r6, r7, r8, r9, sl, fp, pc}
	long out_range = out_max - out_min;
     e86:	eba8 0801 	sub.w	r8, r8, r1
     e8a:	1af6      	subs	r6, r6, r3
     e8c:	1abf      	subs	r7, r7, r2
	if (out_range >= 0) {
     e8e:	f1b8 0f00 	cmp.w	r8, #0
	long num = (x - in_min) * out_range;
     e92:	fb08 fe05 	mul.w	lr, r8, r5
	if (out_range >= 0) {
     e96:	f6bf af79 	bge.w	d8c <OttoPot::updateLEDs()+0x17c>
		num -= in_range / 2;
     e9a:	f1ae 0e7f 	sub.w	lr, lr, #127	; 0x7f
	long result = num / in_range + out_min;
     e9e:	f8df 80f8 	ldr.w	r8, [pc, #248]	; f98 <OttoPot::updateLEDs()+0x388>
     ea2:	fb88 980e 	smull	r9, r8, r8, lr
     ea6:	ea4f 79ee 	mov.w	r9, lr, asr #31
		if (in_range * num >= 0) return result + 1;
     eaa:	f1be 0f00 	cmp.w	lr, #0
	long result = num / in_range + out_min;
     eae:	44f0      	add	r8, lr
     eb0:	ebc9 18e8 	rsb	r8, r9, r8, asr #7
     eb4:	4488      	add	r8, r1
		if (in_range * num >= 0) return result + 1;
     eb6:	f6ff af79 	blt.w	dac <OttoPot::updateLEDs()+0x19c>
     eba:	f108 0801 	add.w	r8, r8, #1
     ebe:	e775      	b.n	dac <OttoPot::updateLEDs()+0x19c>
		num -= in_range / 2;
     ec0:	3d7f      	subs	r5, #127	; 0x7f
	long result = num / in_range + out_min;
     ec2:	4a35      	ldr	r2, [pc, #212]	; (f98 <OttoPot::updateLEDs()+0x388>)
     ec4:	fb82 6205 	smull	r6, r2, r2, r5
     ec8:	17ee      	asrs	r6, r5, #31
		if (in_range * num >= 0) return result + 1;
     eca:	2d00      	cmp	r5, #0
	long result = num / in_range + out_min;
     ecc:	442a      	add	r2, r5
     ece:	ebc6 12e2 	rsb	r2, r6, r2, asr #7
     ed2:	4413      	add	r3, r2
		if (in_range * num >= 0) return result + 1;
     ed4:	db9d      	blt.n	e12 <OttoPot::updateLEDs()+0x202>
     ed6:	3301      	adds	r3, #1
     ed8:	e79b      	b.n	e12 <OttoPot::updateLEDs()+0x202>
		num -= in_range / 2;
     eda:	f1ae 077f 	sub.w	r7, lr, #127	; 0x7f
	long result = num / in_range + out_min;
     ede:	f8df e0b8 	ldr.w	lr, [pc, #184]	; f98 <OttoPot::updateLEDs()+0x388>
     ee2:	fb8e 8e07 	smull	r8, lr, lr, r7
     ee6:	ea4f 78e7 	mov.w	r8, r7, asr #31
		if (in_range * num >= 0) return result + 1;
     eea:	2f00      	cmp	r7, #0
	long result = num / in_range + out_min;
     eec:	44be      	add	lr, r7
     eee:	ebc8 1eee 	rsb	lr, r8, lr, asr #7
     ef2:	4472      	add	r2, lr
		if (in_range * num >= 0) return result + 1;
     ef4:	f6ff af77 	blt.w	de6 <OttoPot::updateLEDs()+0x1d6>
     ef8:	3201      	adds	r2, #1
     efa:	e774      	b.n	de6 <OttoPot::updateLEDs()+0x1d6>
		num -= in_range / 2;
     efc:	f1a9 097f 	sub.w	r9, r9, #127	; 0x7f
	long result = num / in_range + out_min;
     f00:	f8df a094 	ldr.w	sl, [pc, #148]	; f98 <OttoPot::updateLEDs()+0x388>
     f04:	fb8a ba09 	smull	fp, sl, sl, r9
     f08:	ea4f 7be9 	mov.w	fp, r9, asr #31
		if (in_range * num >= 0) return result + 1;
     f0c:	f1b9 0f00 	cmp.w	r9, #0
	long result = num / in_range + out_min;
     f10:	44ca      	add	sl, r9
     f12:	ebcb 1aea 	rsb	sl, fp, sl, asr #7
     f16:	448a      	add	sl, r1
		if (in_range * num >= 0) return result + 1;
     f18:	f6ff aef3 	blt.w	d02 <OttoPot::updateLEDs()+0xf2>
     f1c:	f10a 0a01 	add.w	sl, sl, #1
     f20:	e6ef      	b.n	d02 <OttoPot::updateLEDs()+0xf2>
		if (in_range * num < 0) return result - 1;
     f22:	f10a 3aff 	add.w	sl, sl, #4294967295
     f26:	e6ec      	b.n	d02 <OttoPot::updateLEDs()+0xf2>
     f28:	f109 39ff 	add.w	r9, r9, #4294967295
     f2c:	e723      	b.n	d76 <OttoPot::updateLEDs()+0x166>
     f2e:	f109 39ff 	add.w	r9, r9, #4294967295
     f32:	e704      	b.n	d3e <OttoPot::updateLEDs()+0x12e>
		num -= in_range / 2;
     f34:	f1ae 0e7f 	sub.w	lr, lr, #127	; 0x7f
	long result = num / in_range + out_min;
     f38:	f8df 905c 	ldr.w	r9, [pc, #92]	; f98 <OttoPot::updateLEDs()+0x388>
     f3c:	fb89 a90e 	smull	sl, r9, r9, lr
     f40:	ea4f 7aee 	mov.w	sl, lr, asr #31
		if (in_range * num >= 0) return result + 1;
     f44:	f1be 0f00 	cmp.w	lr, #0
	long result = num / in_range + out_min;
     f48:	44f1      	add	r9, lr
     f4a:	ebca 19e9 	rsb	r9, sl, r9, asr #7
     f4e:	4499      	add	r9, r3
		if (in_range * num >= 0) return result + 1;
     f50:	f6ff af11 	blt.w	d76 <OttoPot::updateLEDs()+0x166>
     f54:	f109 0901 	add.w	r9, r9, #1
     f58:	e70d      	b.n	d76 <OttoPot::updateLEDs()+0x166>
		num -= in_range / 2;
     f5a:	f1aa 0a7f 	sub.w	sl, sl, #127	; 0x7f
	long result = num / in_range + out_min;
     f5e:	f8df 9038 	ldr.w	r9, [pc, #56]	; f98 <OttoPot::updateLEDs()+0x388>
     f62:	fb89 690a 	smull	r6, r9, r9, sl
		if (in_range * num >= 0) return result + 1;
     f66:	f1ba 0f00 	cmp.w	sl, #0
	long result = num / in_range + out_min;
     f6a:	eb09 060a 	add.w	r6, r9, sl
     f6e:	ea4f 79ea 	mov.w	r9, sl, asr #31
     f72:	ebc9 19e6 	rsb	r9, r9, r6, asr #7
     f76:	4491      	add	r9, r2
		if (in_range * num >= 0) return result + 1;
     f78:	f6ff aee1 	blt.w	d3e <OttoPot::updateLEDs()+0x12e>
     f7c:	f109 0901 	add.w	r9, r9, #1
     f80:	e6dd      	b.n	d3e <OttoPot::updateLEDs()+0x12e>
		if (in_range * num < 0) return result - 1;
     f82:	3b01      	subs	r3, #1
     f84:	e745      	b.n	e12 <OttoPot::updateLEDs()+0x202>
     f86:	3a01      	subs	r2, #1
     f88:	e72d      	b.n	de6 <OttoPot::updateLEDs()+0x1d6>
     f8a:	f108 38ff 	add.w	r8, r8, #4294967295
     f8e:	e70d      	b.n	dac <OttoPot::updateLEDs()+0x19c>
     f90:	457ff000 	.word	0x457ff000
     f94:	437f0000 	.word	0x437f0000
     f98:	80808081 	.word	0x80808081

00000f9c <OttoPot::intro(unsigned long, unsigned char)>:
void OttoPot::intro(unsigned long intromillis, uint8_t offset) {
  uint i = 23;
  uint out = 600;
  uint offadd = 50 * offset;

  if (intromillis > 0 && intromillis < out + offadd) {
     f9c:	b901      	cbnz	r1, fa0 <OttoPot::intro(unsigned long, unsigned char)+0x4>
     f9e:	4770      	bx	lr
void OttoPot::intro(unsigned long intromillis, uint8_t offset) {
     fa0:	e92d 41f0 	stmdb	sp!, {r4, r5, r6, r7, r8, lr}
  if (intromillis > 0 && intromillis < out + offadd) {
     fa4:	f44f 7316 	mov.w	r3, #600	; 0x258
     fa8:	2532      	movs	r5, #50	; 0x32
void OttoPot::intro(unsigned long intromillis, uint8_t offset) {
     faa:	b082      	sub	sp, #8
     fac:	460c      	mov	r4, r1
  if (intromillis > 0 && intromillis < out + offadd) {
     fae:	fb15 3502 	smlabb	r5, r5, r2, r3
     fb2:	428d      	cmp	r5, r1
     fb4:	d802      	bhi.n	fbc <OttoPot::intro(unsigned long, unsigned char)+0x20>
    int b = map(intromillis, 0, out + offadd, 0, onColor.b);
    leds.LEDRingSmall_Set_RED(i, r);
    leds.LEDRingSmall_Set_GREEN(i, g);
    leds.LEDRingSmall_Set_BLUE(i, b);
  }
}
     fb6:	b002      	add	sp, #8
     fb8:	e8bd 81f0 	ldmia.w	sp!, {r4, r5, r6, r7, r8, pc}
    int r = map(intromillis, 0, out + offadd, 0, onColor.r);
     fbc:	2300      	movs	r3, #0
     fbe:	f890 202b 	ldrb.w	r2, [r0, #43]	; 0x2b
     fc2:	4606      	mov	r6, r0
     fc4:	4620      	mov	r0, r4
     fc6:	4619      	mov	r1, r3
     fc8:	9200      	str	r2, [sp, #0]
     fca:	462a      	mov	r2, r5
    leds.LEDRingSmall_Set_RED(i, r);
     fcc:	f506 7680 	add.w	r6, r6, #256	; 0x100
    int r = map(intromillis, 0, out + offadd, 0, onColor.r);
     fd0:	f7ff fb68 	bl	6a4 <long map<unsigned long, int, unsigned int, int, unsigned char>(unsigned long, int, unsigned int, int, unsigned char, std::enable_if<std::is_integral<unsigned long>::value, void>::type*) [clone .isra.0]>
    int g = map(intromillis, 0, out + offadd, 0, onColor.g);
     fd4:	f816 2cd4 	ldrb.w	r2, [r6, #-212]
     fd8:	4619      	mov	r1, r3
    int r = map(intromillis, 0, out + offadd, 0, onColor.r);
     fda:	4680      	mov	r8, r0
    int g = map(intromillis, 0, out + offadd, 0, onColor.g);
     fdc:	9200      	str	r2, [sp, #0]
     fde:	4620      	mov	r0, r4
     fe0:	462a      	mov	r2, r5
     fe2:	f7ff fb5f 	bl	6a4 <long map<unsigned long, int, unsigned int, int, unsigned char>(unsigned long, int, unsigned int, int, unsigned char, std::enable_if<std::is_integral<unsigned long>::value, void>::type*) [clone .isra.0]>
    int b = map(intromillis, 0, out + offadd, 0, onColor.b);
     fe6:	f816 1cd3 	ldrb.w	r1, [r6, #-211]
    int g = map(intromillis, 0, out + offadd, 0, onColor.g);
     fea:	4607      	mov	r7, r0
    int b = map(intromillis, 0, out + offadd, 0, onColor.b);
     fec:	462a      	mov	r2, r5
     fee:	9100      	str	r1, [sp, #0]
     ff0:	4620      	mov	r0, r4
     ff2:	4619      	mov	r1, r3
     ff4:	f7ff fb56 	bl	6a4 <long map<unsigned long, int, unsigned int, int, unsigned char>(unsigned long, int, unsigned int, int, unsigned char, std::enable_if<std::is_integral<unsigned long>::value, void>::type*) [clone .isra.0]>
    leds.LEDRingSmall_Set_RED(i, r);
     ff8:	2117      	movs	r1, #23
     ffa:	fa5f f288 	uxtb.w	r2, r8
    int b = map(intromillis, 0, out + offadd, 0, onColor.b);
     ffe:	4605      	mov	r5, r0
    leds.LEDRingSmall_Set_RED(i, r);
    1000:	4630      	mov	r0, r6
    1002:	f7ff f91f 	bl	244 <LEDRingSmall::LEDRingSmall_Set_RED(unsigned char, unsigned char)>
    leds.LEDRingSmall_Set_GREEN(i, g);
    1006:	4630      	mov	r0, r6
    1008:	b2fa      	uxtb	r2, r7
    100a:	2117      	movs	r1, #23
    100c:	f7ff f938 	bl	280 <LEDRingSmall::LEDRingSmall_Set_GREEN(unsigned char, unsigned char)>
    leds.LEDRingSmall_Set_BLUE(i, b);
    1010:	2117      	movs	r1, #23
    1012:	b2ea      	uxtb	r2, r5
    1014:	4630      	mov	r0, r6
}
    1016:	b002      	add	sp, #8
    1018:	e8bd 41f0 	ldmia.w	sp!, {r4, r5, r6, r7, r8, lr}
    leds.LEDRingSmall_Set_BLUE(i, b);
    101c:	f7ff b8f2 	b.w	204 <LEDRingSmall::LEDRingSmall_Set_BLUE(unsigned char, unsigned char)>

00001020 <receiveMIDICC(unsigned char, unsigned char, unsigned char)>:
unsigned long previousMillis = 0;
bool          showintro      = true;
unsigned long introMillis    = 0;

// ---------- MIDI ingest ---------------------------------------------------
void receiveMIDICC(byte rchannel, byte rcontrol, byte rvalue) {
    1020:	e92d 41f0 	stmdb	sp!, {r4, r5, r6, r7, r8, lr}
    1024:	4c08      	ldr	r4, [pc, #32]	; (1048 <receiveMIDICC(unsigned char, unsigned char, unsigned char)+0x28>)
    1026:	4607      	mov	r7, r0
    1028:	460e      	mov	r6, r1
    102a:	4615      	mov	r5, r2
    102c:	f504 6826 	add.w	r8, r4, #2656	; 0xa60
    for (int i = 0; i < NUMPOTS; i++) {
        ottopot[i].handleControlChange(rchannel, rcontrol, rvalue);
    1030:	4620      	mov	r0, r4
    for (int i = 0; i < NUMPOTS; i++) {
    1032:	f504 74a6 	add.w	r4, r4, #332	; 0x14c
        ottopot[i].handleControlChange(rchannel, rcontrol, rvalue);
    1036:	462b      	mov	r3, r5
    1038:	4632      	mov	r2, r6
    103a:	4639      	mov	r1, r7
    103c:	f7ff fcb0 	bl	9a0 <OttoPot::handleControlChange(unsigned char, unsigned char, unsigned char)>
    for (int i = 0; i < NUMPOTS; i++) {
    1040:	4544      	cmp	r4, r8
    1042:	d1f5      	bne.n	1030 <receiveMIDICC(unsigned char, unsigned char, unsigned char)+0x10>
    }
}
    1044:	e8bd 81f0 	ldmia.w	sp!, {r4, r5, r6, r7, r8, pc}
    1048:	20001350 	.word	0x20001350

0000104c <setup>:

void setup() {
    104c:	e92d 41f0 	stmdb	sp!, {r4, r5, r6, r7, r8, lr}
static inline void analogReadResolution(unsigned int bits) { analogReadRes(bits); }
    1050:	200c      	movs	r0, #12
class usb_seremu_class : public Stream
{
public:
	constexpr usb_seremu_class() {}
        void begin(long) {
		uint32_t millis_begin = systick_millis_count;
    1052:	4d2a      	ldr	r5, [pc, #168]	; (10fc <setup+0xb0>)
    1054:	f000 fda4 	bl	1ba0 <analogReadRes>
    analogReadResolution(12);
    delay(200);
    1058:	20c8      	movs	r0, #200	; 0xc8
    105a:	f000 ff49 	bl	1ef0 <delay>
    105e:	4c28      	ldr	r4, [pc, #160]	; (1100 <setup+0xb4>)
    1060:	682e      	ldr	r6, [r5, #0]
				// Wait up to 2 seconds for Arduino Serial Monitor
				if (elapsed > 2000) break;
			} else {
				// But wait only 3/4 second if there is no sign the
				// USB host has begun the USB enumeration process.
				if (elapsed > 750) break;
    1062:	f240 28ee 	movw	r8, #750	; 0x2ee
        uint8_t stopbits(void) { return 1; }
        uint8_t paritytype(void) { return 0; }
        uint8_t numbits(void) { return 8; }
        uint8_t dtr(void) { return 1; }
        uint8_t rts(void) { return 1; }
        operator bool() { yield(); return usb_configuration && usb_seremu_online; }
    1066:	4f27      	ldr	r7, [pc, #156]	; (1104 <setup+0xb8>)
    1068:	f002 fc40 	bl	38ec <yield>
    106c:	7823      	ldrb	r3, [r4, #0]
    106e:	2b00      	cmp	r3, #0
    1070:	d037      	beq.n	10e2 <setup+0x96>
    1072:	783b      	ldrb	r3, [r7, #0]
    1074:	2b00      	cmp	r3, #0
    1076:	d034      	beq.n	10e2 <setup+0x96>
    Serial.begin(115200);
    pinMode(LED_BUILTIN, OUTPUT);
    1078:	2101      	movs	r1, #1
    107a:	200d      	movs	r0, #13
    107c:	f000 fff2 	bl	2064 <pinMode>

    Wire.begin();
    1080:	4c21      	ldr	r4, [pc, #132]	; (1108 <setup+0xbc>)
    1082:	4822      	ldr	r0, [pc, #136]	; (110c <setup+0xc0>)
    1084:	f003 fa30 	bl	44e8 <___ZN7TwoWire5beginEv_veneer>
    Wire.setClock(400000);
    1088:	4921      	ldr	r1, [pc, #132]	; (1110 <setup+0xc4>)
    108a:	4820      	ldr	r0, [pc, #128]	; (110c <setup+0xc0>)
    108c:	f504 6626 	add.w	r6, r4, #2656	; 0xa60
    1090:	f000 fcf2 	bl	1a78 <TwoWire::setClock(unsigned long)>

    for (int i = 0; i < NUMPOTS; i++) {
        ottopot[i].initialize();
    1094:	4620      	mov	r0, r4
    for (int i = 0; i < NUMPOTS; i++) {
    1096:	f504 74a6 	add.w	r4, r4, #332	; 0x14c
        ottopot[i].initialize();
    109a:	f7ff fb85 	bl	7a8 <OttoPot::initialize()>
    for (int i = 0; i < NUMPOTS; i++) {
    109e:	42b4      	cmp	r4, r6
    10a0:	d1f8      	bne.n	1094 <setup+0x48>
    }

    pinMode(PIN_SW_PREV, INPUT_PULLUP);
    10a2:	2102      	movs	r1, #2
    10a4:	4608      	mov	r0, r1
    10a6:	f000 ffdd 	bl	2064 <pinMode>
    pinMode(PIN_SW_NEXT, INPUT_PULLUP);
    10aa:	2102      	movs	r1, #2
    10ac:	2003      	movs	r0, #3
    10ae:	f000 ffd9 	bl	2064 <pinMode>
    swPrev.attach(PIN_SW_PREV);
    10b2:	2102      	movs	r1, #2
    10b4:	4817      	ldr	r0, [pc, #92]	; (1114 <setup+0xc8>)
    10b6:	f000 fad3 	bl	1660 <Bounce::attach(int)>
    swNext.attach(PIN_SW_NEXT);
    10ba:	2103      	movs	r1, #3
    10bc:	4816      	ldr	r0, [pc, #88]	; (1118 <setup+0xcc>)
    10be:	f000 facf 	bl	1660 <Bounce::attach(int)>
    swPrev.interval(SW_DEBOUNCE_MS);
    10c2:	2105      	movs	r1, #5
    10c4:	4813      	ldr	r0, [pc, #76]	; (1114 <setup+0xc8>)
    10c6:	f000 fa6f 	bl	15a8 <Debouncer::interval(unsigned short)>
    swNext.interval(SW_DEBOUNCE_MS);
    10ca:	2105      	movs	r1, #5
    10cc:	4812      	ldr	r0, [pc, #72]	; (1118 <setup+0xcc>)
    10ce:	f000 fa6b 	bl	15a8 <Debouncer::interval(unsigned short)>
		// type: 0xA0  AfterTouchPoly
                usb_midi_handleVelocityChange = fptr;
        }
        void setHandleControlChange(void (*fptr)(uint8_t channel, uint8_t control, uint8_t value)) {
		// type: 0xB0  ControlChange
                usb_midi_handleControlChange = fptr;
    10d2:	4912      	ldr	r1, [pc, #72]	; (111c <setup+0xd0>)
    10d4:	4812      	ldr	r0, [pc, #72]	; (1120 <setup+0xd4>)
	return systick_millis_count;
    10d6:	682a      	ldr	r2, [r5, #0]

    usbMIDI.setHandleControlChange(receiveMIDICC);
    introMillis = millis();
    10d8:	4b12      	ldr	r3, [pc, #72]	; (1124 <setup+0xd8>)
    10da:	6008      	str	r0, [r1, #0]
    10dc:	601a      	str	r2, [r3, #0]
}
    10de:	e8bd 81f0 	ldmia.w	sp!, {r4, r5, r6, r7, r8, pc}
			uint32_t elapsed = systick_millis_count - millis_begin;
    10e2:	682b      	ldr	r3, [r5, #0]
			if (usb_configuration) {
    10e4:	7822      	ldrb	r2, [r4, #0]
			uint32_t elapsed = systick_millis_count - millis_begin;
    10e6:	1b9b      	subs	r3, r3, r6
			if (usb_configuration) {
    10e8:	b12a      	cbz	r2, 10f6 <setup+0xaa>
				if (elapsed > 2000) break;
    10ea:	f5b3 6ffa 	cmp.w	r3, #2000	; 0x7d0
    10ee:	d8c3      	bhi.n	1078 <setup+0x2c>
			yield();
    10f0:	f002 fbfc 	bl	38ec <yield>
    10f4:	e7b8      	b.n	1068 <setup+0x1c>
				if (elapsed > 750) break;
    10f6:	4543      	cmp	r3, r8
    10f8:	d9fa      	bls.n	10f0 <setup+0xa4>
    10fa:	e7bd      	b.n	1078 <setup+0x2c>
    10fc:	20001e48 	.word	0x20001e48
    1100:	20001fe4 	.word	0x20001fe4
    1104:	20001fec 	.word	0x20001fec
    1108:	20001350 	.word	0x20001350
    110c:	2000065c 	.word	0x2000065c
    1110:	00061a80 	.word	0x00061a80
    1114:	20001e2c 	.word	0x20001e2c
    1118:	20001e14 	.word	0x20001e14
    111c:	20001e60 	.word	0x20001e60
    1120:	00001021 	.word	0x00001021
    1124:	20001304 	.word	0x20001304

00001128 <loop>:

void loop() {
    1128:	e92d 43f0 	stmdb	sp!, {r4, r5, r6, r7, r8, r9, lr}
    unsigned long currentMillis = millis();

    if (showintro) {
    112c:	f8df 8120 	ldr.w	r8, [pc, #288]	; 1250 <loop+0x128>
void loop() {
    1130:	b083      	sub	sp, #12
    1132:	4a40      	ldr	r2, [pc, #256]	; (1234 <loop+0x10c>)
    if (showintro) {
    1134:	f898 3000 	ldrb.w	r3, [r8]
    1138:	6815      	ldr	r5, [r2, #0]
    113a:	b37b      	cbz	r3, 119c <loop+0x74>
        if (currentMillis - previousMillis >= LED_UPDATE_MILLIS) {
    113c:	f8df 9114 	ldr.w	r9, [pc, #276]	; 1254 <loop+0x12c>
    1140:	f8d9 3000 	ldr.w	r3, [r9]
    1144:	1aeb      	subs	r3, r5, r3
    1146:	2b0f      	cmp	r3, #15
    1148:	d85a      	bhi.n	1200 <loop+0xd8>
    114a:	4f3b      	ldr	r7, [pc, #236]	; (1238 <loop+0x110>)
            for (int i = 0; i < NUMPOTS; i++) {
                ottopot[i].intro(currentMillis - introMillis, i);
            }
            previousMillis = currentMillis;
        }
        if (currentMillis - introMillis > 1600) {
    114c:	6839      	ldr	r1, [r7, #0]
    114e:	1a69      	subs	r1, r5, r1
    1150:	f5b1 6fc8 	cmp.w	r1, #1600	; 0x640
    1154:	d915      	bls.n	1182 <loop+0x5a>
            showintro = false;
    1156:	2400      	movs	r4, #0
    1158:	f44f 76a6 	mov.w	r6, #332	; 0x14c
    115c:	f888 4000 	strb.w	r4, [r8]
            for (int i = 0; i < NUMPOTS; i++) {
    1160:	f8df 80d8 	ldr.w	r8, [pc, #216]	; 123c <loop+0x114>
    1164:	e001      	b.n	116a <loop+0x42>
                ottopot[i].intro(currentMillis - introMillis, i);
    1166:	6839      	ldr	r1, [r7, #0]
    1168:	1a69      	subs	r1, r5, r1
    116a:	fb06 8004 	mla	r0, r6, r4, r8
    116e:	b2e2      	uxtb	r2, r4
            for (int i = 0; i < NUMPOTS; i++) {
    1170:	3401      	adds	r4, #1
                ottopot[i].intro(currentMillis - introMillis, i);
    1172:	9001      	str	r0, [sp, #4]
    1174:	f7ff ff12 	bl	f9c <OttoPot::intro(unsigned long, unsigned char)>
                // Re-seed the delta baseline now that the intro is over, so a
                // knob moved during the intro doesn't cause a spurious jump.
                ottopot[i].reseedBaseline();
    1178:	9801      	ldr	r0, [sp, #4]
    117a:	f7ff fb51 	bl	820 <OttoPot::reseedBaseline()>
            for (int i = 0; i < NUMPOTS; i++) {
    117e:	2c08      	cmp	r4, #8
    1180:	d1f1      	bne.n	1166 <loop+0x3e>
		usb_midi_flush_output();
    1182:	f002 f80b 	bl	319c <usb_midi_flush_output>
		return usb_midi_read(channel);
    1186:	2000      	movs	r0, #0
    1188:	f002 f8ac 	bl	32e4 <usb_midi_read>
        if (swPrev.fell()) usbMIDI.sendControlChange(CC_PREV_BANK, 127, MIDI_CHANNEL);
        if (swNext.fell()) usbMIDI.sendControlChange(CC_NEXT_BANK, 127, MIDI_CHANNEL);
    }

    usbMIDI.send_now();
    while (usbMIDI.read()) { /* drain */ }
    118c:	2800      	cmp	r0, #0
    118e:	d1fa      	bne.n	1186 <loop+0x5e>
    delay(LOOP_DELAY_MS);
    1190:	2001      	movs	r0, #1
}
    1192:	b003      	add	sp, #12
    1194:	e8bd 43f0 	ldmia.w	sp!, {r4, r5, r6, r7, r8, r9, lr}
    delay(LOOP_DELAY_MS);
    1198:	f000 beaa 	b.w	1ef0 <delay>
    119c:	4e27      	ldr	r6, [pc, #156]	; (123c <loop+0x114>)
    119e:	f506 6726 	add.w	r7, r6, #2656	; 0xa60
    if (showintro) {
    11a2:	4634      	mov	r4, r6
            ottopot[i].updateValue(currentMillis, micros());
    11a4:	f000 fef8 	bl	1f98 <micros>
    11a8:	4602      	mov	r2, r0
    11aa:	4620      	mov	r0, r4
        for (int i = 0; i < NUMPOTS; i++) {
    11ac:	f504 74a6 	add.w	r4, r4, #332	; 0x14c
            ottopot[i].updateValue(currentMillis, micros());
    11b0:	4629      	mov	r1, r5
    11b2:	f7ff fc59 	bl	a68 <OttoPot::updateValue(unsigned long, unsigned long)>
        for (int i = 0; i < NUMPOTS; i++) {
    11b6:	42bc      	cmp	r4, r7
    11b8:	d1f4      	bne.n	11a4 <loop+0x7c>
        if (currentMillis - previousMillis >= LED_UPDATE_MILLIS) {
    11ba:	f8df 9098 	ldr.w	r9, [pc, #152]	; 1254 <loop+0x12c>
    11be:	f8d9 3000 	ldr.w	r3, [r9]
    11c2:	1aeb      	subs	r3, r5, r3
    11c4:	2b0f      	cmp	r3, #15
    11c6:	d908      	bls.n	11da <loop+0xb2>
                ottopot[i].updateLEDs();
    11c8:	4630      	mov	r0, r6
            for (int i = 0; i < NUMPOTS; i++) {
    11ca:	f506 76a6 	add.w	r6, r6, #332	; 0x14c
                ottopot[i].updateLEDs();
    11ce:	f7ff fd1f 	bl	c10 <OttoPot::updateLEDs()>
            for (int i = 0; i < NUMPOTS; i++) {
    11d2:	42be      	cmp	r6, r7
    11d4:	d1f8      	bne.n	11c8 <loop+0xa0>
            previousMillis = currentMillis;
    11d6:	f8c9 5000 	str.w	r5, [r9]
        swPrev.update();
    11da:	4819      	ldr	r0, [pc, #100]	; (1240 <loop+0x118>)
    11dc:	f000 f9e6 	bl	15ac <Debouncer::update()>
        swNext.update();
    11e0:	4818      	ldr	r0, [pc, #96]	; (1244 <loop+0x11c>)
    11e2:	f000 f9e3 	bl	15ac <Debouncer::update()>
        if (swPrev.fell()) usbMIDI.sendControlChange(CC_PREV_BANK, 127, MIDI_CHANNEL);
    11e6:	4816      	ldr	r0, [pc, #88]	; (1240 <loop+0x118>)
    11e8:	f000 fa24 	bl	1634 <Debouncer::fell()>
    11ec:	b9c8      	cbnz	r0, 1222 <loop+0xfa>
        if (swNext.fell()) usbMIDI.sendControlChange(CC_NEXT_BANK, 127, MIDI_CHANNEL);
    11ee:	4815      	ldr	r0, [pc, #84]	; (1244 <loop+0x11c>)
    11f0:	f000 fa20 	bl	1634 <Debouncer::fell()>
    11f4:	2800      	cmp	r0, #0
    11f6:	d0c4      	beq.n	1182 <loop+0x5a>
			usb_midi_write_packed((type << 8) | (type >> 4) | ((cable & 0x0F) << 4)
    11f8:	4813      	ldr	r0, [pc, #76]	; (1248 <loop+0x120>)
    11fa:	f001 ffc7 	bl	318c <usb_midi_write_packed>
	}
    11fe:	e7c0      	b.n	1182 <loop+0x5a>
    1200:	4e0e      	ldr	r6, [pc, #56]	; (123c <loop+0x114>)
            for (int i = 0; i < NUMPOTS; i++) {
    1202:	2400      	movs	r4, #0
    1204:	4f0c      	ldr	r7, [pc, #48]	; (1238 <loop+0x110>)
                ottopot[i].intro(currentMillis - introMillis, i);
    1206:	6839      	ldr	r1, [r7, #0]
    1208:	b2e2      	uxtb	r2, r4
            for (int i = 0; i < NUMPOTS; i++) {
    120a:	3401      	adds	r4, #1
                ottopot[i].intro(currentMillis - introMillis, i);
    120c:	4630      	mov	r0, r6
    120e:	1a69      	subs	r1, r5, r1
            for (int i = 0; i < NUMPOTS; i++) {
    1210:	f506 76a6 	add.w	r6, r6, #332	; 0x14c
                ottopot[i].intro(currentMillis - introMillis, i);
    1214:	f7ff fec2 	bl	f9c <OttoPot::intro(unsigned long, unsigned char)>
            for (int i = 0; i < NUMPOTS; i++) {
    1218:	2c08      	cmp	r4, #8
    121a:	d1f4      	bne.n	1206 <loop+0xde>
            previousMillis = currentMillis;
    121c:	f8c9 5000 	str.w	r5, [r9]
    1220:	e794      	b.n	114c <loop+0x24>
			usb_midi_write_packed((type << 8) | (type >> 4) | ((cable & 0x0F) << 4)
    1222:	480a      	ldr	r0, [pc, #40]	; (124c <loop+0x124>)
    1224:	f001 ffb2 	bl	318c <usb_midi_write_packed>
        if (swNext.fell()) usbMIDI.sendControlChange(CC_NEXT_BANK, 127, MIDI_CHANNEL);
    1228:	4806      	ldr	r0, [pc, #24]	; (1244 <loop+0x11c>)
    122a:	f000 fa03 	bl	1634 <Debouncer::fell()>
    122e:	2800      	cmp	r0, #0
    1230:	d0a7      	beq.n	1182 <loop+0x5a>
    1232:	e7e1      	b.n	11f8 <loop+0xd0>
    1234:	20001e48 	.word	0x20001e48
    1238:	20001304 	.word	0x20001304
    123c:	20001350 	.word	0x20001350
    1240:	20001e2c 	.word	0x20001e2c
    1244:	20001e14 	.word	0x20001e14
    1248:	7f6fb50b 	.word	0x7f6fb50b
    124c:	7f6eb50b 	.word	0x7f6eb50b
    1250:	20000a7a 	.word	0x20000a7a
    1254:	20001db0 	.word	0x20001db0

00001258 <_GLOBAL__sub_I_swPrev>:
}
    1258:	b570      	push	{r4, r5, r6, lr}
Bounce swPrev = Bounce();
    125a:	4855      	ldr	r0, [pc, #340]	; (13b0 <_GLOBAL__sub_I_swPrev+0x158>)
}
    125c:	b08a      	sub	sp, #40	; 0x28
Bounce swPrev = Bounce();
    125e:	f000 f9f1 	bl	1644 <Bounce::Bounce()>
Bounce swNext = Bounce();
    1262:	4854      	ldr	r0, [pc, #336]	; (13b4 <_GLOBAL__sub_I_swPrev+0x15c>)
    1264:	f000 f9ee 	bl	1644 <Bounce::Bounce()>
      int8_t pin3 = UNDEFINED,
      int8_t pin4 = UNDEFINED,
      int8_t pin5 = UNDEFINED,
      int8_t pin6 = UNDEFINED,
      int8_t pin7 = UNDEFINED
      ){
    1268:	4a53      	ldr	r2, [pc, #332]	; (13b8 <_GLOBAL__sub_I_swPrev+0x160>)
      pin(pin), mode(mode), type(type) {
    126a:	2300      	movs	r3, #0
  Pin(int8_t pin, uint8_t mode, PinType type) :
    126c:	200e      	movs	r0, #14
      ){
    126e:	f04f 31ff 	mov.w	r1, #4294967295
    1272:	9207      	str	r2, [sp, #28]
    1274:	aa07      	add	r2, sp, #28
    1276:	9108      	str	r1, [sp, #32]
  Pin(int8_t pin, uint8_t mode, PinType type) :
    1278:	e9cd 0305 	strd	r0, r3, [sp, #20]
    127c:	e004      	b.n	1288 <_GLOBAL__sub_I_swPrev+0x30>
    pins[4] = pin4;
    pins[5] = pin5;
    pins[6] = pin6;
    pins[7] = pin7;
    for(int i = 0; i < MAX_SIZE; i++) {
      if (!isDefined(pins[i])) {
    127e:	f912 1f01 	ldrsb.w	r1, [r2, #1]!
    1282:	2900      	cmp	r1, #0
    1284:	f2c0 8090 	blt.w	13a8 <_GLOBAL__sub_I_swPrev+0x150>
    for(int i = 0; i < MAX_SIZE; i++) {
    1288:	3301      	adds	r3, #1
    128a:	2b08      	cmp	r3, #8
    128c:	d1f7      	bne.n	127e <_GLOBAL__sub_I_swPrev+0x26>
Mux mux (Pin(A0, INPUT, PinType::Analog), Pinset(20, 21, 22));
    128e:	ad08      	add	r5, sp, #32
        m_size = i;
    1290:	f88d 3024 	strb.w	r3, [sp, #36]	; 0x24
    1294:	f04f 36ff 	mov.w	r6, #4294967295
    1298:	ac05      	add	r4, sp, #20
    129a:	9b07      	ldr	r3, [sp, #28]
    129c:	e895 0003 	ldmia.w	r5, {r0, r1}
    12a0:	9602      	str	r6, [sp, #8]
    12a2:	9000      	str	r0, [sp, #0]
    12a4:	f88d 1004 	strb.w	r1, [sp, #4]
    12a8:	4844      	ldr	r0, [pc, #272]	; (13bc <_GLOBAL__sub_I_swPrev+0x164>)
    12aa:	e894 0006 	ldmia.w	r4, {r1, r2}
    12ae:	f000 f955 	bl	155c <admux::Mux::Mux(admux::Pin, admux::Pinset, signed char)>
  Pin(int8_t pin, uint8_t mode, PinType type) :
    12b2:	210f      	movs	r1, #15
      pin(pin), mode(mode), type(type) {
    12b4:	2300      	movs	r3, #0
    12b6:	aa07      	add	r2, sp, #28
      ){
    12b8:	9608      	str	r6, [sp, #32]
      pin(pin), mode(mode), type(type) {
    12ba:	e9cd 1305 	strd	r1, r3, [sp, #20]
      ){
    12be:	493e      	ldr	r1, [pc, #248]	; (13b8 <_GLOBAL__sub_I_swPrev+0x160>)
    12c0:	9107      	str	r1, [sp, #28]
    12c2:	e003      	b.n	12cc <_GLOBAL__sub_I_swPrev+0x74>
      if (!isDefined(pins[i])) {
    12c4:	f912 1f01 	ldrsb.w	r1, [r2, #1]!
    12c8:	2900      	cmp	r1, #0
    12ca:	db6f      	blt.n	13ac <_GLOBAL__sub_I_swPrev+0x154>
    for(int i = 0; i < MAX_SIZE; i++) {
    12cc:	3301      	adds	r3, #1
    12ce:	2b08      	cmp	r3, #8
    12d0:	d1f8      	bne.n	12c4 <_GLOBAL__sub_I_swPrev+0x6c>
        m_size = i;
    12d2:	f88d 3024 	strb.w	r3, [sp, #36]	; 0x24
Mux mux2(Pin(A1, INPUT, PinType::Analog), Pinset(20, 21, 22));
    12d6:	f04f 32ff 	mov.w	r2, #4294967295
    12da:	9b07      	ldr	r3, [sp, #28]
    12dc:	e895 0003 	ldmia.w	r5, {r0, r1}
    12e0:	9202      	str	r2, [sp, #8]
};
    12e2:	2510      	movs	r5, #16
Mux mux2(Pin(A1, INPUT, PinType::Analog), Pinset(20, 21, 22));
    12e4:	9000      	str	r0, [sp, #0]
    12e6:	f88d 1004 	strb.w	r1, [sp, #4]
    12ea:	4835      	ldr	r0, [pc, #212]	; (13c0 <_GLOBAL__sub_I_swPrev+0x168>)
    12ec:	e894 0006 	ldmia.w	r4, {r1, r2}
    12f0:	f000 f934 	bl	155c <admux::Mux::Mux(admux::Pin, admux::Pinset, signed char)>
};
    12f4:	2406      	movs	r4, #6
    12f6:	2064      	movs	r0, #100	; 0x64
    12f8:	2109      	movs	r1, #9
    12fa:	2300      	movs	r3, #0
    12fc:	4a30      	ldr	r2, [pc, #192]	; (13c0 <_GLOBAL__sub_I_swPrev+0x168>)
    12fe:	9100      	str	r1, [sp, #0]
    1300:	492e      	ldr	r1, [pc, #184]	; (13bc <_GLOBAL__sub_I_swPrev+0x164>)
    1302:	e9cd 4001 	strd	r4, r0, [sp, #4]
    1306:	482f      	ldr	r0, [pc, #188]	; (13c4 <_GLOBAL__sub_I_swPrev+0x16c>)
    1308:	f7ff f9fe 	bl	708 <OttoPot::OttoPot(admux::Mux*, admux::Mux*, int, int, int, unsigned char)>
    130c:	206e      	movs	r0, #110	; 0x6e
    130e:	210a      	movs	r1, #10
    1310:	2301      	movs	r3, #1
    1312:	4a2b      	ldr	r2, [pc, #172]	; (13c0 <_GLOBAL__sub_I_swPrev+0x168>)
    1314:	9100      	str	r1, [sp, #0]
    1316:	4929      	ldr	r1, [pc, #164]	; (13bc <_GLOBAL__sub_I_swPrev+0x164>)
    1318:	e9cd 4001 	strd	r4, r0, [sp, #4]
    131c:	482a      	ldr	r0, [pc, #168]	; (13c8 <_GLOBAL__sub_I_swPrev+0x170>)
    131e:	f7ff f9f3 	bl	708 <OttoPot::OttoPot(admux::Mux*, admux::Mux*, int, int, int, unsigned char)>
    1322:	206c      	movs	r0, #108	; 0x6c
    1324:	210b      	movs	r1, #11
    1326:	2302      	movs	r3, #2
    1328:	4a25      	ldr	r2, [pc, #148]	; (13c0 <_GLOBAL__sub_I_swPrev+0x168>)
    132a:	9100      	str	r1, [sp, #0]
    132c:	4923      	ldr	r1, [pc, #140]	; (13bc <_GLOBAL__sub_I_swPrev+0x164>)
    132e:	e9cd 4001 	strd	r4, r0, [sp, #4]
    1332:	4826      	ldr	r0, [pc, #152]	; (13cc <_GLOBAL__sub_I_swPrev+0x174>)
    1334:	f7ff f9e8 	bl	708 <OttoPot::OttoPot(admux::Mux*, admux::Mux*, int, int, int, unsigned char)>
    1338:	2061      	movs	r0, #97	; 0x61
    133a:	210c      	movs	r1, #12
    133c:	2303      	movs	r3, #3
    133e:	4a20      	ldr	r2, [pc, #128]	; (13c0 <_GLOBAL__sub_I_swPrev+0x168>)
    1340:	9100      	str	r1, [sp, #0]
    1342:	491e      	ldr	r1, [pc, #120]	; (13bc <_GLOBAL__sub_I_swPrev+0x164>)
    1344:	e9cd 4001 	strd	r4, r0, [sp, #4]
    1348:	4821      	ldr	r0, [pc, #132]	; (13d0 <_GLOBAL__sub_I_swPrev+0x178>)
    134a:	f7ff f9dd 	bl	708 <OttoPot::OttoPot(admux::Mux*, admux::Mux*, int, int, int, unsigned char)>
    134e:	2065      	movs	r0, #101	; 0x65
    1350:	210d      	movs	r1, #13
    1352:	2304      	movs	r3, #4
    1354:	4a1a      	ldr	r2, [pc, #104]	; (13c0 <_GLOBAL__sub_I_swPrev+0x168>)
    1356:	9100      	str	r1, [sp, #0]
    1358:	4918      	ldr	r1, [pc, #96]	; (13bc <_GLOBAL__sub_I_swPrev+0x164>)
    135a:	e9cd 4001 	strd	r4, r0, [sp, #4]
    135e:	481d      	ldr	r0, [pc, #116]	; (13d4 <_GLOBAL__sub_I_swPrev+0x17c>)
    1360:	f7ff f9d2 	bl	708 <OttoPot::OttoPot(admux::Mux*, admux::Mux*, int, int, int, unsigned char)>
    1364:	2069      	movs	r0, #105	; 0x69
    1366:	210e      	movs	r1, #14
    1368:	2305      	movs	r3, #5
    136a:	4a15      	ldr	r2, [pc, #84]	; (13c0 <_GLOBAL__sub_I_swPrev+0x168>)
    136c:	9100      	str	r1, [sp, #0]
    136e:	4913      	ldr	r1, [pc, #76]	; (13bc <_GLOBAL__sub_I_swPrev+0x164>)
    1370:	e9cd 4001 	strd	r4, r0, [sp, #4]
    1374:	4818      	ldr	r0, [pc, #96]	; (13d8 <_GLOBAL__sub_I_swPrev+0x180>)
    1376:	f7ff f9c7 	bl	708 <OttoPot::OttoPot(admux::Mux*, admux::Mux*, int, int, int, unsigned char)>
    137a:	206d      	movs	r0, #109	; 0x6d
    137c:	210f      	movs	r1, #15
    137e:	4623      	mov	r3, r4
    1380:	4a0f      	ldr	r2, [pc, #60]	; (13c0 <_GLOBAL__sub_I_swPrev+0x168>)
    1382:	9100      	str	r1, [sp, #0]
    1384:	490d      	ldr	r1, [pc, #52]	; (13bc <_GLOBAL__sub_I_swPrev+0x164>)
    1386:	e9cd 4001 	strd	r4, r0, [sp, #4]
    138a:	4814      	ldr	r0, [pc, #80]	; (13dc <_GLOBAL__sub_I_swPrev+0x184>)
    138c:	f7ff f9bc 	bl	708 <OttoPot::OttoPot(admux::Mux*, admux::Mux*, int, int, int, unsigned char)>
    1390:	2166      	movs	r1, #102	; 0x66
    1392:	2307      	movs	r3, #7
    1394:	4a0a      	ldr	r2, [pc, #40]	; (13c0 <_GLOBAL__sub_I_swPrev+0x168>)
    1396:	9500      	str	r5, [sp, #0]
    1398:	4811      	ldr	r0, [pc, #68]	; (13e0 <_GLOBAL__sub_I_swPrev+0x188>)
    139a:	e9cd 4101 	strd	r4, r1, [sp, #4]
    139e:	4907      	ldr	r1, [pc, #28]	; (13bc <_GLOBAL__sub_I_swPrev+0x164>)
    13a0:	f7ff f9b2 	bl	708 <OttoPot::OttoPot(admux::Mux*, admux::Mux*, int, int, int, unsigned char)>
}
    13a4:	b00a      	add	sp, #40	; 0x28
    13a6:	bd70      	pop	{r4, r5, r6, pc}
    13a8:	b2db      	uxtb	r3, r3
        return;
    13aa:	e770      	b.n	128e <_GLOBAL__sub_I_swPrev+0x36>
        m_size = i;
    13ac:	b2db      	uxtb	r3, r3
        return;
    13ae:	e790      	b.n	12d2 <_GLOBAL__sub_I_swPrev+0x7a>
    13b0:	20001e2c 	.word	0x20001e2c
    13b4:	20001e14 	.word	0x20001e14
    13b8:	ff161514 	.word	0xff161514
    13bc:	20001308 	.word	0x20001308
    13c0:	20001320 	.word	0x20001320
    13c4:	20001350 	.word	0x20001350
    13c8:	2000149c 	.word	0x2000149c
    13cc:	200015e8 	.word	0x200015e8
    13d0:	20001734 	.word	0x20001734
    13d4:	20001880 	.word	0x20001880
    13d8:	200019cc 	.word	0x200019cc
    13dc:	20001b18 	.word	0x20001b18
    13e0:	20001c64 	.word	0x20001c64

000013e4 <admux::Mux::Mux(admux::Pinset, signed char)>:

#include "Mux.h"

using namespace admux;

Mux::Mux(Pinset channelPins, int8_t enablePin) :
    13e4:	b5f0      	push	{r4, r5, r6, r7, lr}
    13e6:	b085      	sub	sp, #20
    13e8:	4605      	mov	r5, r0
    13ea:	ac01      	add	r4, sp, #4
    13ec:	f99d 7028 	ldrsb.w	r7, [sp, #40]	; 0x28
    13f0:	e884 000e 	stmia.w	r4, {r1, r2, r3}
    m_channelPins(channelPins), m_enablePin(enablePin) {
    13f4:	4602      	mov	r2, r0
    13f6:	21ff      	movs	r1, #255	; 0xff
    13f8:	4623      	mov	r3, r4
    13fa:	f802 1b02 	strb.w	r1, [r2], #2
    13fe:	cb03      	ldmia	r3!, {r0, r1}
    1400:	781b      	ldrb	r3, [r3, #0]
    1402:	f8c5 0002 	str.w	r0, [r5, #2]
    1406:	6051      	str	r1, [r2, #4]
    1408:	2101      	movs	r1, #1
    140a:	7213      	strb	r3, [r2, #8]
      pin(pin), mode(mode), type(type) {
    140c:	f240 12ff 	movw	r2, #511	; 0x1ff
    1410:	732f      	strb	r7, [r5, #12]
    1412:	72e9      	strb	r1, [r5, #11]
    1414:	6169      	str	r1, [r5, #20]
    1416:	822a      	strh	r2, [r5, #16]
  for (int i = 0; i < m_channelPins.size(); i++) {
    1418:	b153      	cbz	r3, 1430 <admux::Mux::Mux(admux::Pinset, signed char)+0x4c>
    141a:	186e      	adds	r6, r5, r1
    m_size = MAX_SIZE;
  }
// @formatter:on

  int8_t operator[](uint8_t index) {
    return pins[index];
    141c:	4634      	mov	r4, r6
    pinMode(m_channelPins[i], OUTPUT);
    141e:	2101      	movs	r1, #1
    1420:	f816 0f01 	ldrb.w	r0, [r6, #1]!
    1424:	f000 fe1e 	bl	2064 <pinMode>
  for (int i = 0; i < m_channelPins.size(); i++) {
    1428:	1b64      	subs	r4, r4, r5
    142a:	7aab      	ldrb	r3, [r5, #10]
    142c:	42a3      	cmp	r3, r4
    142e:	dcf5      	bgt.n	141c <admux::Mux::Mux(admux::Pinset, signed char)+0x38>
  }
  m_channelCount = 1 << m_channelPins.size();
    1430:	2101      	movs	r1, #1

  if (isDefined(enablePin)) {
    1432:	2f00      	cmp	r7, #0
  m_channelCount = 1 << m_channelPins.size();
    1434:	fa01 f303 	lsl.w	r3, r1, r3
    1438:	706b      	strb	r3, [r5, #1]
  if (isDefined(enablePin)) {
    143a:	db02      	blt.n	1442 <admux::Mux::Mux(admux::Pinset, signed char)+0x5e>
    pinMode(m_enablePin, OUTPUT);
    143c:	7b28      	ldrb	r0, [r5, #12]
    143e:	f000 fe11 	bl	2064 <pinMode>
  }
}
    1442:	4628      	mov	r0, r5
    1444:	b005      	add	sp, #20
    1446:	bdf0      	pop	{r4, r5, r6, r7, pc}

00001448 <admux::Mux::channel(signed char)>:
    Mux::Mux(channelPins, enablePin) {
  Mux::signalPin(signalPin);
}

int8_t Mux::channel(int8_t value) {
  if (value == m_channel)
    1448:	f990 3000 	ldrsb.w	r3, [r0]
    144c:	428b      	cmp	r3, r1
    144e:	d019      	beq.n	1484 <admux::Mux::channel(signed char)+0x3c>
int8_t Mux::channel(int8_t value) {
    1450:	b570      	push	{r4, r5, r6, lr}
    return ERROR_SUCCESS;
  else if (value >= m_channelCount)
    1452:	7843      	ldrb	r3, [r0, #1]
    1454:	4605      	mov	r5, r0
    1456:	460e      	mov	r6, r1
    1458:	4299      	cmp	r1, r3
    145a:	da15      	bge.n	1488 <admux::Mux::channel(signed char)+0x40>
    return ERROR_OUT_OF_RANGE;

  m_channel = value;
  for (uint8_t i = 0; i < m_channelPins.size(); i++) {
    145c:	7a83      	ldrb	r3, [r0, #10]
  m_channel = value;
    145e:	7001      	strb	r1, [r0, #0]
  for (uint8_t i = 0; i < m_channelPins.size(); i++) {
    1460:	b173      	cbz	r3, 1480 <admux::Mux::channel(signed char)+0x38>
    1462:	2400      	movs	r4, #0
    1464:	4623      	mov	r3, r4
    digitalWrite(m_channelPins[i], bitRead(value, i));
    1466:	fa46 f103 	asr.w	r1, r6, r3
    146a:	442b      	add	r3, r5
  for (uint8_t i = 0; i < m_channelPins.size(); i++) {
    146c:	3401      	adds	r4, #1
    digitalWrite(m_channelPins[i], bitRead(value, i));
    146e:	7898      	ldrb	r0, [r3, #2]
    1470:	f001 0101 	and.w	r1, r1, #1
    1474:	f000 fdba 	bl	1fec <digitalWrite>
  for (uint8_t i = 0; i < m_channelPins.size(); i++) {
    1478:	7aaa      	ldrb	r2, [r5, #10]
    147a:	b2e3      	uxtb	r3, r4
    147c:	429a      	cmp	r2, r3
    147e:	d8f2      	bhi.n	1466 <admux::Mux::channel(signed char)+0x1e>
    return ERROR_SUCCESS;
    1480:	2000      	movs	r0, #0
  }
  return ERROR_SUCCESS;
}
    1482:	bd70      	pop	{r4, r5, r6, pc}
    return ERROR_SUCCESS;
    1484:	2000      	movs	r0, #0
}
    1486:	4770      	bx	lr
    return ERROR_OUT_OF_RANGE;
    1488:	f06f 0002 	mvn.w	r0, #2
}
    148c:	bd70      	pop	{r4, r5, r6, pc}
    148e:	bf00      	nop

00001490 <admux::Mux::read(signed char)>:

  digitalWrite(m_enablePin, m_enabled = value ? LOW : HIGH);
  return ERROR_SUCCESS;
}

int16_t Mux::read(int8_t channel) {
    1490:	b570      	push	{r4, r5, r6, lr}
  if (isDefined(channel)) {
    1492:	1e0e      	subs	r6, r1, #0
int16_t Mux::read(int8_t channel) {
    1494:	4604      	mov	r4, r0
  if (isDefined(channel)) {
    1496:	da0b      	bge.n	14b0 <admux::Mux::read(signed char)+0x20>
    int8_t result = this->channel(channel);
    if (result != ERROR_SUCCESS)
      return result;
  }

  switch (m_signalPin.type) {
    1498:	6963      	ldr	r3, [r4, #20]
    149a:	b333      	cbz	r3, 14ea <admux::Mux::read(signed char)+0x5a>
    149c:	2b01      	cmp	r3, #1
    149e:	d002      	beq.n	14a6 <admux::Mux::read(signed char)+0x16>
    14a0:	f06f 0001 	mvn.w	r0, #1
    case PinType::Digital:
      return digitalRead(m_signalPin.pin);
    default:
      return ERROR_UNHANDLED_OPERATION;
  }
}
    14a4:	bd70      	pop	{r4, r5, r6, pc}
      return digitalRead(m_signalPin.pin);
    14a6:	7c20      	ldrb	r0, [r4, #16]
    14a8:	f000 fdca 	bl	2040 <digitalRead>
    14ac:	b200      	sxth	r0, r0
}
    14ae:	bd70      	pop	{r4, r5, r6, pc}
  if (value == m_channel)
    14b0:	f990 3000 	ldrsb.w	r3, [r0]
    14b4:	42b3      	cmp	r3, r6
    14b6:	d0ef      	beq.n	1498 <admux::Mux::read(signed char)+0x8>
  else if (value >= m_channelCount)
    14b8:	7843      	ldrb	r3, [r0, #1]
    14ba:	429e      	cmp	r6, r3
    14bc:	da1a      	bge.n	14f4 <admux::Mux::read(signed char)+0x64>
  for (uint8_t i = 0; i < m_channelPins.size(); i++) {
    14be:	7a83      	ldrb	r3, [r0, #10]
  m_channel = value;
    14c0:	7006      	strb	r6, [r0, #0]
  for (uint8_t i = 0; i < m_channelPins.size(); i++) {
    14c2:	2b00      	cmp	r3, #0
    14c4:	d0e8      	beq.n	1498 <admux::Mux::read(signed char)+0x8>
    14c6:	2500      	movs	r5, #0
    14c8:	462b      	mov	r3, r5
    digitalWrite(m_channelPins[i], bitRead(value, i));
    14ca:	fa46 f103 	asr.w	r1, r6, r3
    14ce:	4423      	add	r3, r4
  for (uint8_t i = 0; i < m_channelPins.size(); i++) {
    14d0:	3501      	adds	r5, #1
    digitalWrite(m_channelPins[i], bitRead(value, i));
    14d2:	7898      	ldrb	r0, [r3, #2]
    14d4:	f001 0101 	and.w	r1, r1, #1
    14d8:	f000 fd88 	bl	1fec <digitalWrite>
  for (uint8_t i = 0; i < m_channelPins.size(); i++) {
    14dc:	7aa2      	ldrb	r2, [r4, #10]
    14de:	b2eb      	uxtb	r3, r5
    14e0:	429a      	cmp	r2, r3
    14e2:	d8f2      	bhi.n	14ca <admux::Mux::read(signed char)+0x3a>
  switch (m_signalPin.type) {
    14e4:	6963      	ldr	r3, [r4, #20]
    14e6:	2b00      	cmp	r3, #0
    14e8:	d1d8      	bne.n	149c <admux::Mux::read(signed char)+0xc>
      return analogRead(m_signalPin.pin);
    14ea:	7c20      	ldrb	r0, [r4, #16]
    14ec:	f000 fb00 	bl	1af0 <analogRead>
    14f0:	b200      	sxth	r0, r0
}
    14f2:	bd70      	pop	{r4, r5, r6, pc}
      return result;
    14f4:	f06f 0002 	mvn.w	r0, #2
}
    14f8:	bd70      	pop	{r4, r5, r6, pc}
    14fa:	bf00      	nop

000014fc <admux::Mux::signalPin(admux::Pin)>:

int8_t Mux::signalPin(Pin value) {
    14fc:	b530      	push	{r4, r5, lr}
    14fe:	4604      	mov	r4, r0
    1500:	b083      	sub	sp, #12
  /*
   * NOTE: The same mux can be physically connected to multiple (mutually-
   * exclusive) signal pins at once; this function takes care to electrically
   * exclude previously-selected pins.
   */
  if (isDefined(m_signalPin.pin) && m_signalPin.pin != value.pin) {
    1502:	f990 0010 	ldrsb.w	r0, [r0, #16]
int8_t Mux::signalPin(Pin value) {
    1506:	466d      	mov	r5, sp
  if (isDefined(m_signalPin.pin) && m_signalPin.pin != value.pin) {
    1508:	2800      	cmp	r0, #0
int8_t Mux::signalPin(Pin value) {
    150a:	e885 0006 	stmia.w	r5, {r1, r2}
  if (isDefined(m_signalPin.pin) && m_signalPin.pin != value.pin) {
    150e:	db0a      	blt.n	1526 <admux::Mux::signalPin(admux::Pin)+0x2a>
    1510:	f99d 3000 	ldrsb.w	r3, [sp]
    1514:	4283      	cmp	r3, r0
    1516:	d006      	beq.n	1526 <admux::Mux::signalPin(admux::Pin)+0x2a>
    // Put the old signal pin in high impedance state!
    if (m_signalPin.mode == OUTPUT) {
    1518:	7c63      	ldrb	r3, [r4, #17]
    151a:	2b01      	cmp	r3, #1
    151c:	d016      	beq.n	154c <admux::Mux::signalPin(admux::Pin)+0x50>
      digitalWrite(m_signalPin.pin, LOW);
    }
    pinMode(m_signalPin.pin, INPUT);
    151e:	2100      	movs	r1, #0
    1520:	b2c0      	uxtb	r0, r0
    1522:	f000 fd9f 	bl	2064 <pinMode>
  }

  m_signalPin = value;
    1526:	f104 0310 	add.w	r3, r4, #16
    152a:	e895 0003 	ldmia.w	r5, {r0, r1}
    152e:	e883 0003 	stmia.w	r3, {r0, r1}
  if (m_signalPin.mode == INPUT) {
    1532:	7c61      	ldrb	r1, [r4, #17]
    1534:	b129      	cbz	r1, 1542 <admux::Mux::signalPin(admux::Pin)+0x46>
    // Disable pullup!
    /* SEE: https://www.arduino.cc/en/Tutorial/DigitalPins */
    digitalWrite(m_signalPin.pin, LOW);
  }
  pinMode(m_signalPin.pin, m_signalPin.mode);
    1536:	7c20      	ldrb	r0, [r4, #16]
    1538:	f000 fd94 	bl	2064 <pinMode>
  return ERROR_SUCCESS;
}
    153c:	2000      	movs	r0, #0
    153e:	b003      	add	sp, #12
    1540:	bd30      	pop	{r4, r5, pc}
    digitalWrite(m_signalPin.pin, LOW);
    1542:	7c20      	ldrb	r0, [r4, #16]
    1544:	f000 fd52 	bl	1fec <digitalWrite>
  pinMode(m_signalPin.pin, m_signalPin.mode);
    1548:	7c61      	ldrb	r1, [r4, #17]
    154a:	e7f4      	b.n	1536 <admux::Mux::signalPin(admux::Pin)+0x3a>
      digitalWrite(m_signalPin.pin, LOW);
    154c:	b2c0      	uxtb	r0, r0
    154e:	2100      	movs	r1, #0
    1550:	f000 fd4c 	bl	1fec <digitalWrite>
    pinMode(m_signalPin.pin, INPUT);
    1554:	f994 0010 	ldrsb.w	r0, [r4, #16]
    1558:	e7e1      	b.n	151e <admux::Mux::signalPin(admux::Pin)+0x22>
    155a:	bf00      	nop

0000155c <admux::Mux::Mux(admux::Pin, admux::Pinset, signed char)>:
Mux::Mux(Pin signalPin, Pinset channelPins, int8_t enablePin) :
    155c:	b082      	sub	sp, #8
    155e:	b530      	push	{r4, r5, lr}
    1560:	b085      	sub	sp, #20
    1562:	4604      	mov	r4, r0
    1564:	ad02      	add	r5, sp, #8
    1566:	9309      	str	r3, [sp, #36]	; 0x24
    Mux::Mux(channelPins, enablePin) {
    1568:	ab09      	add	r3, sp, #36	; 0x24
Mux::Mux(Pin signalPin, Pinset channelPins, int8_t enablePin) :
    156a:	e885 0006 	stmia.w	r5, {r1, r2}
    156e:	f99d 2030 	ldrsb.w	r2, [sp, #48]	; 0x30
    Mux::Mux(channelPins, enablePin) {
    1572:	9200      	str	r2, [sp, #0]
    1574:	cb0e      	ldmia	r3, {r1, r2, r3}
    1576:	f7ff ff35 	bl	13e4 <admux::Mux::Mux(admux::Pinset, signed char)>
  Mux::signalPin(signalPin);
    157a:	4620      	mov	r0, r4
    157c:	e895 0006 	ldmia.w	r5, {r1, r2}
    1580:	f7ff ffbc 	bl	14fc <admux::Mux::signalPin(admux::Pin)>
}
    1584:	4620      	mov	r0, r4
    1586:	b005      	add	sp, #20
    1588:	e8bd 4030 	ldmia.w	sp!, {r4, r5, lr}
    158c:	b002      	add	sp, #8
    158e:	4770      	bx	lr

00001590 <Bounce::readCurrentState()>:
protected:


	uint8_t pin;

	virtual bool readCurrentState() { return digitalRead(pin); }
    1590:	b508      	push	{r3, lr}
    1592:	7d00      	ldrb	r0, [r0, #20]
    1594:	f000 fd54 	bl	2040 <digitalRead>
    1598:	3800      	subs	r0, #0
    159a:	bf18      	it	ne
    159c:	2001      	movne	r0, #1
    159e:	bd08      	pop	{r3, pc}

000015a0 <Bounce::setPinMode(int, int)>:
	virtual void setPinMode(int pin, int mode) {
#if defined(ARDUINO_ARCH_STM32F1)
		pinMode(pin, (WiringPinMode)mode);
#else
		pinMode(pin, mode);
    15a0:	b2c8      	uxtb	r0, r1
    15a2:	b2d1      	uxtb	r1, r2
    15a4:	f000 bd5e 	b.w	2064 <pinMode>

000015a8 <Debouncer::interval(unsigned short)>:
    , interval_millis(10)
    , state(0) {}

void Debouncer::interval(uint16_t interval_millis)
{
    this->interval_millis = interval_millis;
    15a8:	8101      	strh	r1, [r0, #8]
}
    15aa:	4770      	bx	lr

000015ac <Debouncer::update()>:
    previous_millis = millis();
#endif
}

bool Debouncer::update()
{
    15ac:	b538      	push	{r3, r4, r5, lr}
  inline void unsetStateFlag(const uint8_t flag)  {state &= ~flag;}
    15ae:	7a83      	ldrb	r3, [r0, #10]
    15b0:	4604      	mov	r4, r0
    }
    
    
#else
    // Read the state of the switch in a temporary variable.
    bool currentState = readCurrentState();
    15b2:	6801      	ldr	r1, [r0, #0]
    15b4:	f023 0304 	bic.w	r3, r3, #4
    15b8:	4a1c      	ldr	r2, [pc, #112]	; (162c <Debouncer::update()+0x80>)
    15ba:	7283      	strb	r3, [r0, #10]
    15bc:	680b      	ldr	r3, [r1, #0]
    15be:	4293      	cmp	r3, r2
    15c0:	d131      	bne.n	1626 <Debouncer::update()+0x7a>
	virtual bool readCurrentState() { return digitalRead(pin); }
    15c2:	7d00      	ldrb	r0, [r0, #20]
    15c4:	f000 fd3c 	bl	2040 <digitalRead>
    15c8:	3800      	subs	r0, #0
    15ca:	bf18      	it	ne
    15cc:	2001      	movne	r0, #1
  inline bool getStateFlag(const uint8_t flag)    {return((state & flag) != 0);}
    15ce:	7aa3      	ldrb	r3, [r4, #10]
    

    // If the reading is different from last reading, reset the debounce counter
    if ( currentState != getStateFlag(UNSTABLE_STATE) ) {
    15d0:	f3c3 0240 	ubfx	r2, r3, #1, #1
    15d4:	4290      	cmp	r0, r2
    15d6:	d008      	beq.n	15ea <Debouncer::update()+0x3e>
    15d8:	4a15      	ldr	r2, [pc, #84]	; (1630 <Debouncer::update()+0x84>)
  inline void toggleStateFlag(const uint8_t flag) {state ^= flag;}
    15da:	f083 0302 	eor.w	r3, r3, #2
    15de:	6812      	ldr	r2, [r2, #0]
  inline bool getStateFlag(const uint8_t flag)    {return((state & flag) != 0);}
    15e0:	f3c3 0080 	ubfx	r0, r3, #2, #1
  inline void toggleStateFlag(const uint8_t flag) {state ^= flag;}
    15e4:	72a3      	strb	r3, [r4, #10]
        previous_millis = millis();
    15e6:	6062      	str	r2, [r4, #4]
    
#endif

		return  changed(); 

}
    15e8:	bd38      	pop	{r3, r4, r5, pc}
    15ea:	4911      	ldr	r1, [pc, #68]	; (1630 <Debouncer::update()+0x84>)
        if ( millis() - previous_millis >= interval_millis ) {
    15ec:	6865      	ldr	r5, [r4, #4]
    15ee:	680a      	ldr	r2, [r1, #0]
    15f0:	f8b4 c008 	ldrh.w	ip, [r4, #8]
    15f4:	1b52      	subs	r2, r2, r5
    15f6:	4562      	cmp	r2, ip
    15f8:	d312      	bcc.n	1620 <Debouncer::update()+0x74>
            if (currentState != getStateFlag(DEBOUNCED_STATE) ) {
    15fa:	f003 0201 	and.w	r2, r3, #1
    15fe:	4290      	cmp	r0, r2
    1600:	d00e      	beq.n	1620 <Debouncer::update()+0x74>
    1602:	6808      	ldr	r0, [r1, #0]
    1604:	f083 0301 	eor.w	r3, r3, #1
    1608:	680a      	ldr	r2, [r1, #0]
}

inline void Debouncer::changeState() {
	toggleStateFlag(DEBOUNCED_STATE);
	setStateFlag(CHANGED_STATE) ;
	durationOfPreviousState = millis() - stateChangeLastTime;
    160a:	68e5      	ldr	r5, [r4, #12]
  inline void setStateFlag(const uint8_t flag)    {state |= flag;}
    160c:	f043 0304 	orr.w	r3, r3, #4
    1610:	6809      	ldr	r1, [r1, #0]
    1612:	1b52      	subs	r2, r2, r5
                previous_millis = millis();
    1614:	6060      	str	r0, [r4, #4]
	stateChangeLastTime = millis();
    1616:	60e1      	str	r1, [r4, #12]
}
    1618:	2001      	movs	r0, #1
	durationOfPreviousState = millis() - stateChangeLastTime;
    161a:	6122      	str	r2, [r4, #16]
    161c:	72a3      	strb	r3, [r4, #10]
}
    161e:	bd38      	pop	{r3, r4, r5, pc}
  inline bool getStateFlag(const uint8_t flag)    {return((state & flag) != 0);}
    1620:	f3c3 0080 	ubfx	r0, r3, #2, #1
    1624:	bd38      	pop	{r3, r4, r5, pc}
    bool currentState = readCurrentState();
    1626:	4798      	blx	r3
    1628:	e7d1      	b.n	15ce <Debouncer::update()+0x22>
    162a:	bf00      	nop
    162c:	00001591 	.word	0x00001591
    1630:	20001e48 	.word	0x20001e48

00001634 <Debouncer::fell()>:
    1634:	7a80      	ldrb	r0, [r0, #10]
    return getStateFlag(DEBOUNCED_STATE) && getStateFlag(CHANGED_STATE);
}

bool Debouncer::fell()
{
    return  !getStateFlag(DEBOUNCED_STATE) && getStateFlag(CHANGED_STATE);
    1636:	07c3      	lsls	r3, r0, #31
    1638:	bf54      	ite	pl
    163a:	f3c0 0080 	ubfxpl	r0, r0, #2, #1
    163e:	2000      	movmi	r0, #0
}
    1640:	4770      	bx	lr
    1642:	bf00      	nop

00001644 <Bounce::Bounce()>:
Debouncer::Debouncer():previous_millis(0)
    1644:	2200      	movs	r2, #0
    , interval_millis(10)
    1646:	f04f 0c0a 	mov.w	ip, #10
// BOUNCE //
////////////


Bounce::Bounce()
    : pin(0)
    164a:	4904      	ldr	r1, [pc, #16]	; (165c <Bounce::Bounce()+0x18>)
Debouncer::Debouncer():previous_millis(0)
    164c:	6042      	str	r2, [r0, #4]
    , interval_millis(10)
    164e:	f8a0 c008 	strh.w	ip, [r0, #8]
    , state(0) {}
    1652:	7282      	strb	r2, [r0, #10]
    : pin(0)
    1654:	6001      	str	r1, [r0, #0]
    1656:	7502      	strb	r2, [r0, #20]
{}
    1658:	4770      	bx	lr
    165a:	bf00      	nop
    165c:	200002e8 	.word	0x200002e8

00001660 <Bounce::attach(int)>:
	 state = 0;
    1660:	f04f 0c00 	mov.w	ip, #0

void Bounce::attach(int pin) {
    this->pin = pin;
    1664:	b2c9      	uxtb	r1, r1
    if (readCurrentState()) {
    1666:	6803      	ldr	r3, [r0, #0]
    1668:	4a0e      	ldr	r2, [pc, #56]	; (16a4 <Bounce::attach(int)+0x44>)
void Bounce::attach(int pin) {
    166a:	b510      	push	{r4, lr}
    this->pin = pin;
    166c:	7501      	strb	r1, [r0, #20]
void Bounce::attach(int pin) {
    166e:	4604      	mov	r4, r0
	 state = 0;
    1670:	f880 c00a 	strb.w	ip, [r0, #10]
    if (readCurrentState()) {
    1674:	681b      	ldr	r3, [r3, #0]
    1676:	4293      	cmp	r3, r2
    1678:	d10b      	bne.n	1692 <Bounce::attach(int)+0x32>
	virtual bool readCurrentState() { return digitalRead(pin); }
    167a:	4608      	mov	r0, r1
    167c:	f000 fce0 	bl	2040 <digitalRead>
    1680:	b118      	cbz	r0, 168a <Bounce::attach(int)+0x2a>
  inline void setStateFlag(const uint8_t flag)    {state |= flag;}
    1682:	7aa3      	ldrb	r3, [r4, #10]
    1684:	f043 0303 	orr.w	r3, r3, #3
    1688:	72a3      	strb	r3, [r4, #10]
    168a:	4b07      	ldr	r3, [pc, #28]	; (16a8 <Bounce::attach(int)+0x48>)
    168c:	681b      	ldr	r3, [r3, #0]
    previous_millis = millis();
    168e:	6063      	str	r3, [r4, #4]
    
    // SET INITIAL STATE
    begin();
}
    1690:	bd10      	pop	{r4, pc}
    if (readCurrentState()) {
    1692:	4798      	blx	r3
    1694:	2800      	cmp	r0, #0
    1696:	d0f8      	beq.n	168a <Bounce::attach(int)+0x2a>
    1698:	7aa3      	ldrb	r3, [r4, #10]
    169a:	f043 0303 	orr.w	r3, r3, #3
    169e:	72a3      	strb	r3, [r4, #10]
    16a0:	e7f3      	b.n	168a <Bounce::attach(int)+0x2a>
    16a2:	bf00      	nop
    16a4:	00001591 	.word	0x00001591
    16a8:	20001e48 	.word	0x20001e48

000016ac <Print::availableForWrite()>:
	constexpr Print() : write_error(0) {}
	virtual size_t write(uint8_t b) = 0;
	size_t write(const char *str)			{ if (str == nullptr) return 0;
							  return write((const uint8_t *)str, strlen(str)); }
	virtual size_t write(const uint8_t *buffer, size_t size);
	virtual int availableForWrite(void)		{ return 0; }
    16ac:	2000      	movs	r0, #0
    16ae:	4770      	bx	lr

000016b0 <TwoWire::available()>:
	}
	uint8_t requestFrom(uint8_t addr, uint8_t qty, uint32_t iaddr, uint8_t n, uint8_t stop);
	virtual size_t write(uint8_t data);
	virtual size_t write(const uint8_t *data, size_t quantity);
	virtual int available(void) {
		return rxBufferLength - rxBufferIndex;
    16b0:	f890 20a3 	ldrb.w	r2, [r0, #163]	; 0xa3
    16b4:	f890 00a2 	ldrb.w	r0, [r0, #162]	; 0xa2
	}
    16b8:	1a10      	subs	r0, r2, r0
    16ba:	4770      	bx	lr

000016bc <TwoWire::read()>:
	virtual int read(void) {
		if (rxBufferIndex >= rxBufferLength) return -1;
    16bc:	f890 30a2 	ldrb.w	r3, [r0, #162]	; 0xa2
    16c0:	f890 20a3 	ldrb.w	r2, [r0, #163]	; 0xa3
    16c4:	429a      	cmp	r2, r3
    16c6:	d905      	bls.n	16d4 <TwoWire::read()+0x18>
		return rxBuffer[rxBufferIndex++];
    16c8:	1c5a      	adds	r2, r3, #1
    16ca:	4403      	add	r3, r0
    16cc:	f880 20a2 	strb.w	r2, [r0, #162]	; 0xa2
    16d0:	7e98      	ldrb	r0, [r3, #26]
    16d2:	4770      	bx	lr
		if (rxBufferIndex >= rxBufferLength) return -1;
    16d4:	f04f 30ff 	mov.w	r0, #4294967295
	}
    16d8:	4770      	bx	lr
    16da:	bf00      	nop

000016dc <TwoWire::peek()>:
	virtual int peek(void) {
		if (rxBufferIndex >= rxBufferLength) return -1;
    16dc:	f890 30a2 	ldrb.w	r3, [r0, #162]	; 0xa2
    16e0:	f890 20a3 	ldrb.w	r2, [r0, #163]	; 0xa3
    16e4:	429a      	cmp	r2, r3
    16e6:	d902      	bls.n	16ee <TwoWire::peek()+0x12>
		return rxBuffer[rxBufferIndex];
    16e8:	4418      	add	r0, r3
    16ea:	7e80      	ldrb	r0, [r0, #26]
    16ec:	4770      	bx	lr
		if (rxBufferIndex >= rxBufferLength) return -1;
    16ee:	f04f 30ff 	mov.w	r0, #4294967295
	}
    16f2:	4770      	bx	lr

000016f4 <TwoWire::flush()>:
	virtual void flush(void) {
	}
    16f4:	4770      	bx	lr
    16f6:	bf00      	nop

000016f8 <TwoWire::write(unsigned char)>:
{
    16f8:	4603      	mov	r3, r0
	if (transmitting || slave_mode) {
    16fa:	f8b0 0130 	ldrh.w	r0, [r0, #304]	; 0x130
    16fe:	b178      	cbz	r0, 1720 <TwoWire::write(unsigned char)+0x28>
		if (txBufferLength >= BUFFER_LENGTH+1) {
    1700:	f893 212f 	ldrb.w	r2, [r3, #303]	; 0x12f
    1704:	2a88      	cmp	r2, #136	; 0x88
    1706:	d903      	bls.n	1710 <TwoWire::write(unsigned char)+0x18>
	// format warnings are too pedantic - disable until newer toolchain offers better...
	// https://forum.pjrc.com/threads/62473?p=256873&viewfull=1#post256873
	// int printf(const char *format, ...) __attribute__ ((format (printf, 2, 3)));

  protected:
	void setWriteError(int err = 1) { write_error = err; }
    1708:	2201      	movs	r2, #1
			return 0;
    170a:	2000      	movs	r0, #0
    170c:	605a      	str	r2, [r3, #4]
    170e:	4770      	bx	lr
		txBuffer[txBufferLength++] = data;
    1710:	f102 0c01 	add.w	ip, r2, #1
		return 1;
    1714:	2001      	movs	r0, #1
		txBuffer[txBufferLength++] = data;
    1716:	441a      	add	r2, r3
    1718:	f883 c12f 	strb.w	ip, [r3, #303]	; 0x12f
    171c:	f882 10a5 	strb.w	r1, [r2, #165]	; 0xa5
}
    1720:	4770      	bx	lr
    1722:	bf00      	nop

00001724 <TwoWire::write(unsigned char const*, unsigned int)>:
{
    1724:	b538      	push	{r3, r4, r5, lr}
	if (transmitting || slave_mode) {
    1726:	f8b0 4130 	ldrh.w	r4, [r0, #304]	; 0x130
    172a:	b90c      	cbnz	r4, 1730 <TwoWire::write(unsigned char const*, unsigned int)+0xc>
}
    172c:	4620      	mov	r0, r4
    172e:	bd38      	pop	{r3, r4, r5, pc}
		size_t avail = BUFFER_LENGTH+1 - txBufferLength;
    1730:	f890 312f 	ldrb.w	r3, [r0, #303]	; 0x12f
    1734:	4605      	mov	r5, r0
    1736:	f1c3 0489 	rsb	r4, r3, #137	; 0x89
		if (quantity > avail) {
    173a:	42a2      	cmp	r2, r4
    173c:	d80d      	bhi.n	175a <TwoWire::write(unsigned char const*, unsigned int)+0x36>
    173e:	4614      	mov	r4, r2
		memcpy(txBuffer + txBufferLength, data, quantity);
    1740:	f105 00a5 	add.w	r0, r5, #165	; 0xa5
    1744:	4622      	mov	r2, r4
    1746:	4418      	add	r0, r3
    1748:	f000 fccc 	bl	20e4 <memcpy>
		txBufferLength += quantity;
    174c:	f895 312f 	ldrb.w	r3, [r5, #303]	; 0x12f
}
    1750:	4620      	mov	r0, r4
		txBufferLength += quantity;
    1752:	4423      	add	r3, r4
    1754:	f885 312f 	strb.w	r3, [r5, #303]	; 0x12f
}
    1758:	bd38      	pop	{r3, r4, r5, pc}
    175a:	2201      	movs	r2, #1
    175c:	6042      	str	r2, [r0, #4]
    175e:	e7ef      	b.n	1740 <TwoWire::write(unsigned char const*, unsigned int)+0x1c>

00001760 <TwoWire::force_clock()>:
{
    1760:	e92d 4ff0 	stmdb	sp!, {r4, r5, r6, r7, r8, r9, sl, fp, lr}
	uint32_t sda_pin = hardware.sda_pins[sda_pin_index_].pin;
    1764:	f8d0 a014 	ldr.w	sl, [r0, #20]
	*portConfigRegister(sda_pin) = 5 | 0x10;
    1768:	2415      	movs	r4, #21
	uint32_t sda_pin = hardware.sda_pins[sda_pin_index_].pin;
    176a:	7e01      	ldrb	r1, [r0, #24]
{
    176c:	4681      	mov	r9, r0
	uint32_t scl_pin = hardware.scl_pins[scl_pin_index_].pin;
    176e:	7e43      	ldrb	r3, [r0, #25]
{
    1770:	b083      	sub	sp, #12
	uint32_t sda_pin = hardware.sda_pins[sda_pin_index_].pin;
    1772:	eb0a 1101 	add.w	r1, sl, r1, lsl #4
	uint32_t sda_mask = digitalPinToBitMask(sda_pin);
    1776:	4a38      	ldr	r2, [pc, #224]	; (1858 <TwoWire::force_clock()+0xf8>)
	uint32_t scl_pin = hardware.scl_pins[scl_pin_index_].pin;
    1778:	eb0a 1303 	add.w	r3, sl, r3, lsl #4
// active, but the rest of your program becomes effectively stalled.  For shorter
// delay, use delayNanoseconds().
static inline void delayMicroseconds(uint32_t usec)
{
	uint32_t begin = ARM_DWT_CYCCNT;
	uint32_t cycles = F_CPU_ACTUAL / 1000000 * usec;
    177c:	4f37      	ldr	r7, [pc, #220]	; (185c <TwoWire::force_clock()+0xfc>)
	uint32_t sda_pin = hardware.sda_pins[sda_pin_index_].pin;
    177e:	7a09      	ldrb	r1, [r1, #8]
	uint32_t scl_pin = hardware.scl_pins[scl_pin_index_].pin;
    1780:	f893 3028 	ldrb.w	r3, [r3, #40]	; 0x28
	uint32_t sda_mask = digitalPinToBitMask(sda_pin);
    1784:	eb02 1501 	add.w	r5, r2, r1, lsl #4
    1788:	0109      	lsls	r1, r1, #4
    178a:	68e8      	ldr	r0, [r5, #12]
	*portSetRegister(sda_pin) = sda_mask;
    178c:	f852 8001 	ldr.w	r8, [r2, r1]
	uint32_t scl_mask = digitalPinToBitMask(scl_pin);
    1790:	eb02 1103 	add.w	r1, r2, r3, lsl #4
	*portConfigRegister(sda_pin) = 5 | 0x10;
    1794:	f8d5 b004 	ldr.w	fp, [r5, #4]
	uint32_t scl_mask = digitalPinToBitMask(scl_pin);
    1798:	011b      	lsls	r3, r3, #4
    179a:	68ce      	ldr	r6, [r1, #12]
	*portSetRegister(scl_pin) = scl_mask;
    179c:	58d5      	ldr	r5, [r2, r3]
	*portConfigRegister(sda_pin) = 5 | 0x10;
    179e:	f8cb 4000 	str.w	r4, [fp]
	*portSetRegister(sda_pin) = sda_mask;
    17a2:	f8c8 0084 	str.w	r0, [r8, #132]	; 0x84
	*portModeRegister(sda_pin) |= sda_mask;
    17a6:	f8d8 3004 	ldr.w	r3, [r8, #4]
	*portConfigRegister(scl_pin) = 5 | 0x10;
    17aa:	684a      	ldr	r2, [r1, #4]
	*portModeRegister(sda_pin) |= sda_mask;
    17ac:	4303      	orrs	r3, r0
	uint32_t begin = ARM_DWT_CYCCNT;
    17ae:	492c      	ldr	r1, [pc, #176]	; (1860 <TwoWire::force_clock()+0x100>)
	*portConfigRegister(scl_pin) = 5 | 0x10;
    17b0:	9201      	str	r2, [sp, #4]
	*portModeRegister(sda_pin) |= sda_mask;
    17b2:	f8c8 3004 	str.w	r3, [r8, #4]
	*portConfigRegister(scl_pin) = 5 | 0x10;
    17b6:	6014      	str	r4, [r2, #0]
	*portSetRegister(scl_pin) = scl_mask;
    17b8:	f8c5 6084 	str.w	r6, [r5, #132]	; 0x84
	*portModeRegister(scl_pin) |= scl_mask;
    17bc:	686b      	ldr	r3, [r5, #4]
    17be:	4333      	orrs	r3, r6
    17c0:	606b      	str	r3, [r5, #4]
	uint32_t cycles = F_CPU_ACTUAL / 1000000 * usec;
    17c2:	4b28      	ldr	r3, [pc, #160]	; (1864 <TwoWire::force_clock()+0x104>)
	uint32_t begin = ARM_DWT_CYCCNT;
    17c4:	684c      	ldr	r4, [r1, #4]
	uint32_t cycles = F_CPU_ACTUAL / 1000000 * usec;
    17c6:	683a      	ldr	r2, [r7, #0]
    17c8:	fba3 3202 	umull	r3, r2, r3, r2
    17cc:	0c92      	lsrs	r2, r2, #18
    17ce:	eb02 0282 	add.w	r2, r2, r2, lsl #2
    17d2:	0052      	lsls	r2, r2, #1
	// TODO: check if cycles is large, do a wait with yield calls until it's smaller
	while (ARM_DWT_CYCCNT - begin < cycles) ; // wait
    17d4:	684b      	ldr	r3, [r1, #4]
    17d6:	1b1b      	subs	r3, r3, r4
    17d8:	429a      	cmp	r2, r3
    17da:	d8fb      	bhi.n	17d4 <TwoWire::force_clock()+0x74>
    17dc:	f04f 0c09 	mov.w	ip, #9
	uint32_t begin = ARM_DWT_CYCCNT;
    17e0:	4a1f      	ldr	r2, [pc, #124]	; (1860 <TwoWire::force_clock()+0x100>)
	uint32_t cycles = F_CPU_ACTUAL / 1000000 * usec;
    17e2:	f8df e080 	ldr.w	lr, [pc, #128]	; 1864 <TwoWire::force_clock()+0x104>
		if ((*portInputRegister(sda_pin) & sda_mask)
    17e6:	f8d8 3008 	ldr.w	r3, [r8, #8]
		  && (*portInputRegister(scl_pin) & scl_mask)) {
    17ea:	4203      	tst	r3, r0
    17ec:	d002      	beq.n	17f4 <TwoWire::force_clock()+0x94>
    17ee:	68ab      	ldr	r3, [r5, #8]
    17f0:	4233      	tst	r3, r6
    17f2:	d12f      	bne.n	1854 <TwoWire::force_clock()+0xf4>
		*portClearRegister(scl_pin) = scl_mask;
    17f4:	f8c5 6088 	str.w	r6, [r5, #136]	; 0x88
	uint32_t begin = ARM_DWT_CYCCNT;
    17f8:	6854      	ldr	r4, [r2, #4]
	uint32_t cycles = F_CPU_ACTUAL / 1000000 * usec;
    17fa:	6839      	ldr	r1, [r7, #0]
    17fc:	fbae 3101 	umull	r3, r1, lr, r1
    1800:	0c89      	lsrs	r1, r1, #18
    1802:	eb01 0181 	add.w	r1, r1, r1, lsl #2
	while (ARM_DWT_CYCCNT - begin < cycles) ; // wait
    1806:	6853      	ldr	r3, [r2, #4]
    1808:	1b1b      	subs	r3, r3, r4
    180a:	4299      	cmp	r1, r3
    180c:	d8fb      	bhi.n	1806 <TwoWire::force_clock()+0xa6>
		*portSetRegister(scl_pin) = scl_mask;
    180e:	f8c5 6084 	str.w	r6, [r5, #132]	; 0x84
	uint32_t begin = ARM_DWT_CYCCNT;
    1812:	6854      	ldr	r4, [r2, #4]
	uint32_t cycles = F_CPU_ACTUAL / 1000000 * usec;
    1814:	6839      	ldr	r1, [r7, #0]
    1816:	fbae 3101 	umull	r3, r1, lr, r1
    181a:	0c89      	lsrs	r1, r1, #18
    181c:	eb01 0181 	add.w	r1, r1, r1, lsl #2
	while (ARM_DWT_CYCCNT - begin < cycles) ; // wait
    1820:	6853      	ldr	r3, [r2, #4]
    1822:	1b1b      	subs	r3, r3, r4
    1824:	4299      	cmp	r1, r3
    1826:	d8fb      	bhi.n	1820 <TwoWire::force_clock()+0xc0>
	for (int i=0; i < 9; i++) {
    1828:	f1bc 0c01 	subs.w	ip, ip, #1
    182c:	d1db      	bne.n	17e6 <TwoWire::force_clock()+0x86>
	bool ret = false;
    182e:	4660      	mov	r0, ip
	*(portConfigRegister(sda_pin)) = hardware.sda_pins[sda_pin_index_].mux_val;
    1830:	f899 3018 	ldrb.w	r3, [r9, #24]
	*(portConfigRegister(scl_pin)) = hardware.scl_pins[scl_pin_index_].mux_val;
    1834:	9a01      	ldr	r2, [sp, #4]
	*(portConfigRegister(sda_pin)) = hardware.sda_pins[sda_pin_index_].mux_val;
    1836:	eb0a 1303 	add.w	r3, sl, r3, lsl #4
    183a:	68db      	ldr	r3, [r3, #12]
    183c:	f8cb 3000 	str.w	r3, [fp]
	*(portConfigRegister(scl_pin)) = hardware.scl_pins[scl_pin_index_].mux_val;
    1840:	f899 3019 	ldrb.w	r3, [r9, #25]
    1844:	eb0a 1a03 	add.w	sl, sl, r3, lsl #4
    1848:	f8da 302c 	ldr.w	r3, [sl, #44]	; 0x2c
    184c:	6013      	str	r3, [r2, #0]
}
    184e:	b003      	add	sp, #12
    1850:	e8bd 8ff0 	ldmia.w	sp!, {r4, r5, r6, r7, r8, r9, sl, fp, pc}
			ret = true;
    1854:	2001      	movs	r0, #1
    1856:	e7eb      	b.n	1830 <TwoWire::force_clock()+0xd0>
    1858:	20000334 	.word	0x20000334
    185c:	20000658 	.word	0x20000658
    1860:	e0001000 	.word	0xe0001000
    1864:	431bde83 	.word	0x431bde83

00001868 <TwoWire::wait_idle()>:
	return systick_millis_count;
    1868:	4a0e      	ldr	r2, [pc, #56]	; (18a4 <TwoWire::wait_idle()+0x3c>)
{
    186a:	b510      	push	{r4, lr}
    186c:	6811      	ldr	r1, [r2, #0]
	IMXRT_LPI2C_t* port = (IMXRT_LPI2C_t*)portAddr;
    186e:	6904      	ldr	r4, [r0, #16]
{
private:
	unsigned long ms;
public:
	elapsedMillis(void) { ms = millis(); }
	elapsedMillis(unsigned long val) { ms = millis() - val; }
    1870:	e005      	b.n	187e <TwoWire::wait_idle()+0x16>
		if (status & LPI2C_MSR_MBF) break; // we already have bus control
    1872:	01db      	lsls	r3, r3, #7
    1874:	d407      	bmi.n	1886 <TwoWire::wait_idle()+0x1e>
    1876:	6813      	ldr	r3, [r2, #0]
	elapsedMillis(const elapsedMillis &orig) { ms = orig.ms; }
	operator unsigned long () const { return millis() - ms; }
    1878:	1a5b      	subs	r3, r3, r1
		if (timeout > 16) {
    187a:	2b10      	cmp	r3, #16
    187c:	d808      	bhi.n	1890 <TwoWire::wait_idle()+0x28>
		uint32_t status = port->MSR; // pg 2899 & 2892
    187e:	6963      	ldr	r3, [r4, #20]
		if (!(status & LPI2C_MSR_BBF)) break; // bus is available
    1880:	f013 7f00 	tst.w	r3, #33554432	; 0x2000000
    1884:	d1f5      	bne.n	1872 <TwoWire::wait_idle()+0xa>
	port->MSR = 0x00007F00; // clear all prior flags
    1886:	f44f 43fe 	mov.w	r3, #32512	; 0x7f00
	return true;
    188a:	2001      	movs	r0, #1
	port->MSR = 0x00007F00; // clear all prior flags
    188c:	6163      	str	r3, [r4, #20]
}
    188e:	bd10      	pop	{r4, pc}
			if (force_clock()) break;
    1890:	f7ff ff66 	bl	1760 <TwoWire::force_clock()>
    1894:	2800      	cmp	r0, #0
    1896:	d0fa      	beq.n	188e <TwoWire::wait_idle()+0x26>
	port->MSR = 0x00007F00; // clear all prior flags
    1898:	f44f 43fe 	mov.w	r3, #32512	; 0x7f00
	return true;
    189c:	2001      	movs	r0, #1
	port->MSR = 0x00007F00; // clear all prior flags
    189e:	6163      	str	r3, [r4, #20]
	return true;
    18a0:	e7f5      	b.n	188e <TwoWire::wait_idle()+0x26>
    18a2:	bf00      	nop
    18a4:	20001e48 	.word	0x20001e48

000018a8 <TwoWire::endTransmission(unsigned char)>:
{
    18a8:	e92d 47f0 	stmdb	sp!, {r4, r5, r6, r7, r8, r9, sl, lr}
	uint32_t tx_len = txBufferLength;
    18ac:	f890 a12f 	ldrb.w	sl, [r0, #303]	; 0x12f
	IMXRT_LPI2C_t* port = (IMXRT_LPI2C_t*)portAddr;
    18b0:	6905      	ldr	r5, [r0, #16]
	if (!tx_len) return 4; // no address for transmit
    18b2:	f1ba 0f00 	cmp.w	sl, #0
    18b6:	d04f      	beq.n	1958 <TwoWire::endTransmission(unsigned char)+0xb0>
	if (!wait_idle()) return 4;
    18b8:	4681      	mov	r9, r0
    18ba:	4688      	mov	r8, r1
    18bc:	f7ff ffd4 	bl	1868 <TwoWire::wait_idle()>
    18c0:	2800      	cmp	r0, #0
    18c2:	d049      	beq.n	1958 <TwoWire::endTransmission(unsigned char)+0xb0>
    18c4:	4e37      	ldr	r6, [pc, #220]	; (19a4 <TwoWire::endTransmission(unsigned char)+0xfc>)
	uint32_t tx_index = 0; // 0=start, 1=addr, 2-(N-1)=data, N=stop
    18c6:	2400      	movs	r4, #0
    18c8:	6837      	ldr	r7, [r6, #0]
	elapsedMillis(unsigned long val) { ms = millis() - val; }
    18ca:	e018      	b.n	18fe <TwoWire::endTransmission(unsigned char)+0x56>
		uint32_t status = port->MSR; // pg 2884 & 2891
    18cc:	696b      	ldr	r3, [r5, #20]
		if (status & LPI2C_MSR_ALF) {
    18ce:	0519      	lsls	r1, r3, #20
    18d0:	d451      	bmi.n	1976 <TwoWire::endTransmission(unsigned char)+0xce>
		if (status & LPI2C_MSR_FEF) {
    18d2:	04da      	lsls	r2, r3, #19
    18d4:	d455      	bmi.n	1982 <TwoWire::endTransmission(unsigned char)+0xda>
		if (status & LPI2C_MSR_NDF) {
    18d6:	0558      	lsls	r0, r3, #21
    18d8:	d459      	bmi.n	198e <TwoWire::endTransmission(unsigned char)+0xe6>
		if ((status & LPI2C_MSR_PLTF) || timeout > 50) {
    18da:	0499      	lsls	r1, r3, #18
    18dc:	d441      	bmi.n	1962 <TwoWire::endTransmission(unsigned char)+0xba>
    18de:	6832      	ldr	r2, [r6, #0]
	operator unsigned long () const { return millis() - ms; }
    18e0:	1bd2      	subs	r2, r2, r7
    18e2:	2a32      	cmp	r2, #50	; 0x32
    18e4:	d83d      	bhi.n	1962 <TwoWire::endTransmission(unsigned char)+0xba>
		if (tx_index > tx_len) {
    18e6:	4554      	cmp	r4, sl
    18e8:	d907      	bls.n	18fa <TwoWire::endTransmission(unsigned char)+0x52>
			uint32_t tx_fifo = port->MFSR & 0x07;
    18ea:	6dea      	ldr	r2, [r5, #92]	; 0x5c
			if (tx_fifo == 0 && ((status & LPI2C_MSR_SDF) || !sendStop)) {
    18ec:	0752      	lsls	r2, r2, #29
    18ee:	d104      	bne.n	18fa <TwoWire::endTransmission(unsigned char)+0x52>
    18f0:	059b      	lsls	r3, r3, #22
    18f2:	d455      	bmi.n	19a0 <TwoWire::endTransmission(unsigned char)+0xf8>
    18f4:	f1b8 0f00 	cmp.w	r8, #0
    18f8:	d052      	beq.n	19a0 <TwoWire::endTransmission(unsigned char)+0xf8>
		yield();
    18fa:	f001 fff7 	bl	38ec <yield>
		if (tx_index <= tx_len) {
    18fe:	4554      	cmp	r4, sl
    1900:	d8e4      	bhi.n	18cc <TwoWire::endTransmission(unsigned char)+0x24>
			uint32_t fifo_used = port->MFSR & 0x07; // pg 2914
    1902:	6dea      	ldr	r2, [r5, #92]	; 0x5c
			while (fifo_used < 4) {
    1904:	0750      	lsls	r0, r2, #29
			uint32_t fifo_used = port->MFSR & 0x07; // pg 2914
    1906:	f002 0307 	and.w	r3, r2, #7
			while (fifo_used < 4) {
    190a:	d4df      	bmi.n	18cc <TwoWire::endTransmission(unsigned char)+0x24>
    190c:	e013      	b.n	1936 <TwoWire::endTransmission(unsigned char)+0x8e>
					port->MTDR = LPI2C_MTDR_CMD_START | txBuffer[0];
    190e:	f899 20a5 	ldrb.w	r2, [r9, #165]	; 0xa5
				fifo_used++;
    1912:	3301      	adds	r3, #1
			while (fifo_used < 4) {
    1914:	2402      	movs	r4, #2
					port->MTDR = LPI2C_MTDR_CMD_START | txBuffer[0];
    1916:	f442 6280 	orr.w	r2, r2, #1024	; 0x400
			while (fifo_used < 4) {
    191a:	2b04      	cmp	r3, #4
					port->MTDR = LPI2C_MTDR_CMD_START | txBuffer[0];
    191c:	662a      	str	r2, [r5, #96]	; 0x60
			while (fifo_used < 4) {
    191e:	d01e      	beq.n	195e <TwoWire::endTransmission(unsigned char)+0xb6>
				} else if (tx_index < tx_len) {
    1920:	458a      	cmp	sl, r1
				fifo_used++;
    1922:	f103 0301 	add.w	r3, r3, #1
					port->MTDR = LPI2C_MTDR_CMD_TRANSMIT | txBuffer[tx_index++];
    1926:	eb09 0201 	add.w	r2, r9, r1
				} else if (tx_index < tx_len) {
    192a:	d90e      	bls.n	194a <TwoWire::endTransmission(unsigned char)+0xa2>
					port->MTDR = LPI2C_MTDR_CMD_TRANSMIT | txBuffer[tx_index++];
    192c:	f892 20a5 	ldrb.w	r2, [r2, #165]	; 0xa5
			while (fifo_used < 4) {
    1930:	2b04      	cmp	r3, #4
					port->MTDR = LPI2C_MTDR_CMD_TRANSMIT | txBuffer[tx_index++];
    1932:	662a      	str	r2, [r5, #96]	; 0x60
			while (fifo_used < 4) {
    1934:	d0ca      	beq.n	18cc <TwoWire::endTransmission(unsigned char)+0x24>
					tx_index = 1;
    1936:	2101      	movs	r1, #1
				if (tx_index == 0) {
    1938:	2c00      	cmp	r4, #0
    193a:	d0e8      	beq.n	190e <TwoWire::endTransmission(unsigned char)+0x66>
					port->MTDR = LPI2C_MTDR_CMD_TRANSMIT | txBuffer[tx_index++];
    193c:	4621      	mov	r1, r4
				fifo_used++;
    193e:	3301      	adds	r3, #1
					port->MTDR = LPI2C_MTDR_CMD_TRANSMIT | txBuffer[tx_index++];
    1940:	3401      	adds	r4, #1
				} else if (tx_index < tx_len) {
    1942:	458a      	cmp	sl, r1
					port->MTDR = LPI2C_MTDR_CMD_TRANSMIT | txBuffer[tx_index++];
    1944:	eb09 0201 	add.w	r2, r9, r1
				} else if (tx_index < tx_len) {
    1948:	d8f0      	bhi.n	192c <TwoWire::endTransmission(unsigned char)+0x84>
					if (sendStop) port->MTDR = LPI2C_MTDR_CMD_STOP;
    194a:	f1b8 0f00 	cmp.w	r8, #0
    194e:	d0bd      	beq.n	18cc <TwoWire::endTransmission(unsigned char)+0x24>
    1950:	f44f 7300 	mov.w	r3, #512	; 0x200
    1954:	662b      	str	r3, [r5, #96]	; 0x60
					break;
    1956:	e7b9      	b.n	18cc <TwoWire::endTransmission(unsigned char)+0x24>
	if (!tx_len) return 4; // no address for transmit
    1958:	2004      	movs	r0, #4
}
    195a:	e8bd 87f0 	ldmia.w	sp!, {r4, r5, r6, r7, r8, r9, sl, pc}
					tx_index = 1;
    195e:	2401      	movs	r4, #1
    1960:	e7b4      	b.n	18cc <TwoWire::endTransmission(unsigned char)+0x24>
			port->MCR |= LPI2C_MCR_RTF | LPI2C_MCR_RRF; // clear FIFOs
    1962:	692b      	ldr	r3, [r5, #16]
			port->MTDR = LPI2C_MTDR_CMD_STOP; // try to send a stop
    1964:	f44f 7200 	mov.w	r2, #512	; 0x200
			return 4; // clock stretched too long or generic timeout
    1968:	2004      	movs	r0, #4
			port->MCR |= LPI2C_MCR_RTF | LPI2C_MCR_RRF; // clear FIFOs
    196a:	f443 7340 	orr.w	r3, r3, #768	; 0x300
    196e:	612b      	str	r3, [r5, #16]
			port->MTDR = LPI2C_MTDR_CMD_STOP; // try to send a stop
    1970:	662a      	str	r2, [r5, #96]	; 0x60
}
    1972:	e8bd 87f0 	ldmia.w	sp!, {r4, r5, r6, r7, r8, r9, sl, pc}
			port->MCR |= LPI2C_MCR_RTF | LPI2C_MCR_RRF; // clear FIFOs
    1976:	692b      	ldr	r3, [r5, #16]
			return 4; // we lost bus arbitration to another master
    1978:	2004      	movs	r0, #4
			port->MCR |= LPI2C_MCR_RTF | LPI2C_MCR_RRF; // clear FIFOs
    197a:	f443 7340 	orr.w	r3, r3, #768	; 0x300
    197e:	612b      	str	r3, [r5, #16]
			return 4; // we lost bus arbitration to another master
    1980:	e7eb      	b.n	195a <TwoWire::endTransmission(unsigned char)+0xb2>
			port->MCR |= LPI2C_MCR_RTF | LPI2C_MCR_RRF; // clear FIFOs
    1982:	692b      	ldr	r3, [r5, #16]
			return 5; // FIFO error
    1984:	2005      	movs	r0, #5
			port->MCR |= LPI2C_MCR_RTF | LPI2C_MCR_RRF; // clear FIFOs
    1986:	f443 7340 	orr.w	r3, r3, #768	; 0x300
    198a:	612b      	str	r3, [r5, #16]
			return 5; // FIFO error
    198c:	e7e5      	b.n	195a <TwoWire::endTransmission(unsigned char)+0xb2>
			port->MCR |= LPI2C_MCR_RTF | LPI2C_MCR_RRF; // clear FIFOs
    198e:	692b      	ldr	r3, [r5, #16]
			port->MTDR = LPI2C_MTDR_CMD_STOP;
    1990:	f44f 7200 	mov.w	r2, #512	; 0x200
			return 2; // NACK (assume address, TODO: how to tell address from data)
    1994:	2002      	movs	r0, #2
			port->MCR |= LPI2C_MCR_RTF | LPI2C_MCR_RRF; // clear FIFOs
    1996:	f443 7340 	orr.w	r3, r3, #768	; 0x300
    199a:	612b      	str	r3, [r5, #16]
			port->MTDR = LPI2C_MTDR_CMD_STOP;
    199c:	662a      	str	r2, [r5, #96]	; 0x60
			return 2; // NACK (assume address, TODO: how to tell address from data)
    199e:	e7dc      	b.n	195a <TwoWire::endTransmission(unsigned char)+0xb2>
				return 0;
    19a0:	2000      	movs	r0, #0
    19a2:	e7da      	b.n	195a <TwoWire::endTransmission(unsigned char)+0xb2>
    19a4:	20001e48 	.word	0x20001e48

000019a8 <TwoWire::isr()>:
{
    19a8:	b5f8      	push	{r3, r4, r5, r6, r7, lr}
	IMXRT_LPI2C_t* port = (IMXRT_LPI2C_t*)portAddr;
    19aa:	6906      	ldr	r6, [r0, #16]
{
    19ac:	4604      	mov	r4, r0
	uint32_t status = port->SSR;
    19ae:	f8d6 5114 	ldr.w	r5, [r6, #276]	; 0x114
	if (w1c_bits) port->SSR = w1c_bits;
    19b2:	f415 6370 	ands.w	r3, r5, #3840	; 0xf00
    19b6:	d001      	beq.n	19bc <TwoWire::isr()+0x14>
    19b8:	f8c6 3114 	str.w	r3, [r6, #276]	; 0x114
	if (status & LPI2C_SSR_RDF) { // Receive Data Flag
    19bc:	07a8      	lsls	r0, r5, #30
    19be:	d50b      	bpl.n	19d8 <TwoWire::isr()+0x30>
		int rx = port->SRDR;
    19c0:	f8d6 2170 	ldr.w	r2, [r6, #368]	; 0x170
		if (rx & 0x8000) {
    19c4:	0411      	lsls	r1, r2, #16
    19c6:	d53e      	bpl.n	1a46 <TwoWire::isr()+0x9e>
			rxBufferIndex = 0;
    19c8:	2300      	movs	r3, #0
    19ca:	2101      	movs	r1, #1
    19cc:	f884 30a2 	strb.w	r3, [r4, #162]	; 0xa2
			rxBuffer[rxBufferLength++] = rx & 255;
    19d0:	4423      	add	r3, r4
    19d2:	f884 10a3 	strb.w	r1, [r4, #163]	; 0xa3
    19d6:	769a      	strb	r2, [r3, #26]
	if (status & LPI2C_SSR_TDF) { // Transmit Data Flag
    19d8:	07eb      	lsls	r3, r5, #31
    19da:	d510      	bpl.n	19fe <TwoWire::isr()+0x56>
		if (!transmitting) {
    19dc:	f894 7130 	ldrb.w	r7, [r4, #304]	; 0x130
    19e0:	b1ff      	cbz	r7, 1a22 <TwoWire::isr()+0x7a>
		if (txBufferIndex < txBufferLength) {
    19e2:	f894 712e 	ldrb.w	r7, [r4, #302]	; 0x12e
    19e6:	f894 312f 	ldrb.w	r3, [r4, #303]	; 0x12f
    19ea:	42bb      	cmp	r3, r7
    19ec:	d927      	bls.n	1a3e <TwoWire::isr()+0x96>
			port->STDR = txBuffer[txBufferIndex++];
    19ee:	1c7b      	adds	r3, r7, #1
    19f0:	4427      	add	r7, r4
    19f2:	f884 312e 	strb.w	r3, [r4, #302]	; 0x12e
    19f6:	f897 30a5 	ldrb.w	r3, [r7, #165]	; 0xa5
    19fa:	f8c6 3160 	str.w	r3, [r6, #352]	; 0x160
	if ((status & LPI2C_SSR_SDF) || (status & LPI2C_SSR_RSF)) { // Stop or Repeat Start
    19fe:	f415 7f40 	tst.w	r5, #768	; 0x300
    1a02:	d00d      	beq.n	1a20 <TwoWire::isr()+0x78>
		if (rxBufferLength > 0 && user_onReceive != nullptr) {
    1a04:	f894 00a3 	ldrb.w	r0, [r4, #163]	; 0xa3
    1a08:	b118      	cbz	r0, 1a12 <TwoWire::isr()+0x6a>
    1a0a:	f8d4 313c 	ldr.w	r3, [r4, #316]	; 0x13c
    1a0e:	b103      	cbz	r3, 1a12 <TwoWire::isr()+0x6a>
			(*user_onReceive)(rxBufferLength);
    1a10:	4798      	blx	r3
		rxBufferIndex = 0;
    1a12:	2300      	movs	r3, #0
    1a14:	f8a4 30a2 	strh.w	r3, [r4, #162]	; 0xa2
		txBufferIndex = 0;
    1a18:	f8a4 312e 	strh.w	r3, [r4, #302]	; 0x12e
		transmitting = 0;
    1a1c:	f884 3130 	strb.w	r3, [r4, #304]	; 0x130
}
    1a20:	bdf8      	pop	{r3, r4, r5, r6, r7, pc}
			if (user_onRequest != nullptr) {
    1a22:	f8d4 3138 	ldr.w	r3, [r4, #312]	; 0x138
    1a26:	b103      	cbz	r3, 1a2a <TwoWire::isr()+0x82>
				(*user_onRequest)();
    1a28:	4798      	blx	r3
			txBufferIndex = 0;
    1a2a:	2300      	movs	r3, #0
    1a2c:	f884 312e 	strb.w	r3, [r4, #302]	; 0x12e
			transmitting = 1;
    1a30:	2301      	movs	r3, #1
    1a32:	f884 3130 	strb.w	r3, [r4, #304]	; 0x130
		if (txBufferIndex < txBufferLength) {
    1a36:	f894 312f 	ldrb.w	r3, [r4, #303]	; 0x12f
    1a3a:	42bb      	cmp	r3, r7
    1a3c:	d8d7      	bhi.n	19ee <TwoWire::isr()+0x46>
			port->STDR = 0;
    1a3e:	2300      	movs	r3, #0
    1a40:	f8c6 3160 	str.w	r3, [r6, #352]	; 0x160
    1a44:	e7db      	b.n	19fe <TwoWire::isr()+0x56>
		if (rxBufferLength < BUFFER_LENGTH) {
    1a46:	f894 30a3 	ldrb.w	r3, [r4, #163]	; 0xa3
    1a4a:	2b87      	cmp	r3, #135	; 0x87
    1a4c:	d8c4      	bhi.n	19d8 <TwoWire::isr()+0x30>
			rxBuffer[rxBufferLength++] = rx & 255;
    1a4e:	1c59      	adds	r1, r3, #1
    1a50:	b2c9      	uxtb	r1, r1
    1a52:	e7bd      	b.n	19d0 <TwoWire::isr()+0x28>

00001a54 <lpi2c1_isr()>:
void lpi2c1_isr(void) { Wire.isr(); }
    1a54:	4801      	ldr	r0, [pc, #4]	; (1a5c <lpi2c1_isr()+0x8>)
    1a56:	f7ff bfa7 	b.w	19a8 <TwoWire::isr()>
    1a5a:	bf00      	nop
    1a5c:	2000065c 	.word	0x2000065c

00001a60 <lpi2c3_isr()>:
void lpi2c3_isr(void) { Wire1.isr(); }
    1a60:	4801      	ldr	r0, [pc, #4]	; (1a68 <lpi2c3_isr()+0x8>)
    1a62:	f7ff bfa1 	b.w	19a8 <TwoWire::isr()>
    1a66:	bf00      	nop
    1a68:	2000079c 	.word	0x2000079c

00001a6c <lpi2c4_isr()>:
void lpi2c4_isr(void) { Wire2.isr(); }
    1a6c:	4801      	ldr	r0, [pc, #4]	; (1a74 <lpi2c4_isr()+0x8>)
    1a6e:	f7ff bf9b 	b.w	19a8 <TwoWire::isr()>
    1a72:	bf00      	nop
    1a74:	200008dc 	.word	0x200008dc

00001a78 <TwoWire::setClock(unsigned long)>:
{
    1a78:	b410      	push	{r4}
	if (frequency < 400000) {
    1a7a:	4c14      	ldr	r4, [pc, #80]	; (1acc <TwoWire::setClock(unsigned long)+0x54>)
	port->MCR = 0;
    1a7c:	2200      	movs	r2, #0
	IMXRT_LPI2C_t* port = (IMXRT_LPI2C_t*)portAddr;
    1a7e:	6903      	ldr	r3, [r0, #16]
	if (frequency < 400000) {
    1a80:	42a1      	cmp	r1, r4
	port->MCR = 0;
    1a82:	611a      	str	r2, [r3, #16]
	if (frequency < 400000) {
    1a84:	d814      	bhi.n	1ab0 <TwoWire::setClock(unsigned long)+0x38>
		port->MCCR0 = LPI2C_MCCR0_CLKHI(55) | LPI2C_MCCR0_CLKLO(59) |
    1a86:	4c12      	ldr	r4, [pc, #72]	; (1ad0 <TwoWire::setClock(unsigned long)+0x58>)
		port->MCFGR1 = LPI2C_MCFGR1_PRESCALE(1);
    1a88:	2001      	movs	r0, #1
		port->MCFGR2 = LPI2C_MCFGR2_FILTSDA(5) | LPI2C_MCFGR2_FILTSCL(5) |
    1a8a:	4912      	ldr	r1, [pc, #72]	; (1ad4 <TwoWire::setClock(unsigned long)+0x5c>)
		port->MCFGR3 = LPI2C_MCFGR3_PINLOW(CLOCK_STRETCH_TIMEOUT * 12 / 256 + 1);
    1a8c:	f44f 3230 	mov.w	r2, #180224	; 0x2c000
		port->MCCR0 = LPI2C_MCCR0_CLKHI(55) | LPI2C_MCCR0_CLKLO(59) |
    1a90:	649c      	str	r4, [r3, #72]	; 0x48
		port->MCFGR1 = LPI2C_MCFGR1_PRESCALE(1);
    1a92:	6258      	str	r0, [r3, #36]	; 0x24
		port->MCFGR2 = LPI2C_MCFGR2_FILTSDA(5) | LPI2C_MCFGR2_FILTSCL(5) |
    1a94:	6299      	str	r1, [r3, #40]	; 0x28
		port->MCFGR3 = LPI2C_MCFGR3_PINLOW(CLOCK_STRETCH_TIMEOUT * 12 / 256 + 1);
    1a96:	62da      	str	r2, [r3, #44]	; 0x2c
	port->MCCR1 = port->MCCR0;
    1a98:	6c9c      	ldr	r4, [r3, #72]	; 0x48
	port->MCFGR0 = 0;
    1a9a:	2000      	movs	r0, #0
	port->MFCR = LPI2C_MFCR_RXWATER(1) | LPI2C_MFCR_TXWATER(1);
    1a9c:	f04f 1101 	mov.w	r1, #65537	; 0x10001
	port->MCR = LPI2C_MCR_MEN;
    1aa0:	2201      	movs	r2, #1
	port->MCCR1 = port->MCCR0;
    1aa2:	651c      	str	r4, [r3, #80]	; 0x50
	port->MCFGR0 = 0;
    1aa4:	6218      	str	r0, [r3, #32]
}
    1aa6:	f85d 4b04 	ldr.w	r4, [sp], #4
	port->MFCR = LPI2C_MFCR_RXWATER(1) | LPI2C_MFCR_TXWATER(1);
    1aaa:	6599      	str	r1, [r3, #88]	; 0x58
	port->MCR = LPI2C_MCR_MEN;
    1aac:	611a      	str	r2, [r3, #16]
}
    1aae:	4770      	bx	lr
	} else if (frequency < 1000000) {
    1ab0:	4809      	ldr	r0, [pc, #36]	; (1ad8 <TwoWire::setClock(unsigned long)+0x60>)
    1ab2:	4281      	cmp	r1, r0
    1ab4:	d907      	bls.n	1ac6 <TwoWire::setClock(unsigned long)+0x4e>
		port->MCCR0 = LPI2C_MCCR0_CLKHI(9) | LPI2C_MCCR0_CLKLO(10) |
    1ab6:	4c09      	ldr	r4, [pc, #36]	; (1adc <TwoWire::setClock(unsigned long)+0x64>)
		port->MCFGR2 = LPI2C_MCFGR2_FILTSDA(1) | LPI2C_MCFGR2_FILTSCL(1) |
    1ab8:	4809      	ldr	r0, [pc, #36]	; (1ae0 <TwoWire::setClock(unsigned long)+0x68>)
		port->MCFGR3 = LPI2C_MCFGR3_PINLOW(CLOCK_STRETCH_TIMEOUT * 24 / 256 + 1);
    1aba:	490a      	ldr	r1, [pc, #40]	; (1ae4 <TwoWire::setClock(unsigned long)+0x6c>)
		port->MCCR0 = LPI2C_MCCR0_CLKHI(9) | LPI2C_MCCR0_CLKLO(10) |
    1abc:	649c      	str	r4, [r3, #72]	; 0x48
		port->MCFGR1 = LPI2C_MCFGR1_PRESCALE(0);
    1abe:	625a      	str	r2, [r3, #36]	; 0x24
		port->MCFGR2 = LPI2C_MCFGR2_FILTSDA(1) | LPI2C_MCFGR2_FILTSCL(1) |
    1ac0:	6298      	str	r0, [r3, #40]	; 0x28
		port->MCFGR3 = LPI2C_MCFGR3_PINLOW(CLOCK_STRETCH_TIMEOUT * 24 / 256 + 1);
    1ac2:	62d9      	str	r1, [r3, #44]	; 0x2c
    1ac4:	e7e8      	b.n	1a98 <TwoWire::setClock(unsigned long)+0x20>
		port->MCCR0 = LPI2C_MCCR0_CLKHI(26) | LPI2C_MCCR0_CLKLO(28) |
    1ac6:	4c08      	ldr	r4, [pc, #32]	; (1ae8 <TwoWire::setClock(unsigned long)+0x70>)
		port->MCFGR2 = LPI2C_MCFGR2_FILTSDA(2) | LPI2C_MCFGR2_FILTSCL(2) |
    1ac8:	4808      	ldr	r0, [pc, #32]	; (1aec <TwoWire::setClock(unsigned long)+0x74>)
    1aca:	e7f6      	b.n	1aba <TwoWire::setClock(unsigned long)+0x42>
    1acc:	00061a7f 	.word	0x00061a7f
    1ad0:	1928373b 	.word	0x1928373b
    1ad4:	05050bb8 	.word	0x05050bb8
    1ad8:	000f423f 	.word	0x000f423f
    1adc:	0407090a 	.word	0x0407090a
    1ae0:	01010960 	.word	0x01010960
    1ae4:	00057f00 	.word	0x00057f00
    1ae8:	0c121a1c 	.word	0x0c121a1c
    1aec:	02020e10 	.word	0x02020e10

00001af0 <analogRead>:
	if (pin > sizeof(pin_to_channel)) return 0;
    1af0:	281c      	cmp	r0, #28
    1af2:	d849      	bhi.n	1b88 <analogRead+0x98>
{
    1af4:	b5f8      	push	{r3, r4, r5, r6, r7, lr}
	if (calibrating) wait_for_cal();
    1af6:	4f25      	ldr	r7, [pc, #148]	; (1b8c <analogRead+0x9c>)
    1af8:	4604      	mov	r4, r0
    1afa:	783b      	ldrb	r3, [r7, #0]
    1afc:	b9e3      	cbnz	r3, 1b38 <analogRead+0x48>
	uint8_t ch = pin_to_channel[pin];
    1afe:	4b24      	ldr	r3, [pc, #144]	; (1b90 <analogRead+0xa0>)
    1b00:	5d1b      	ldrb	r3, [r3, r4]
	if (ch == 255) return 0;
    1b02:	2bff      	cmp	r3, #255	; 0xff
    1b04:	d029      	beq.n	1b5a <analogRead+0x6a>
	volatile uint32_t *pad = portControlRegister(pin);
    1b06:	4a23      	ldr	r2, [pc, #140]	; (1b94 <analogRead+0xa4>)
    1b08:	eb02 1204 	add.w	r2, r2, r4, lsl #4
    1b0c:	6891      	ldr	r1, [r2, #8]
	uint32_t padval = *pad;
    1b0e:	680a      	ldr	r2, [r1, #0]
	if ((padval & (IOMUXC_PAD_PUE | IOMUXC_PAD_PKE)) == IOMUXC_PAD_PKE) {
    1b10:	f402 5040 	and.w	r0, r2, #12288	; 0x3000
    1b14:	f5b0 5f80 	cmp.w	r0, #4096	; 0x1000
    1b18:	d030      	beq.n	1b7c <analogRead+0x8c>
	if(!(ch & 0x80)) {
    1b1a:	061c      	lsls	r4, r3, #24
    1b1c:	d41f      	bmi.n	1b5e <analogRead+0x6e>
		ADC1_HC0 = ch;
    1b1e:	4c1e      	ldr	r4, [pc, #120]	; (1b98 <analogRead+0xa8>)
    1b20:	6023      	str	r3, [r4, #0]
		while (!(ADC1_HS & ADC_HS_COCO0)) {
    1b22:	6a23      	ldr	r3, [r4, #32]
    1b24:	07d8      	lsls	r0, r3, #31
    1b26:	d404      	bmi.n	1b32 <analogRead+0x42>
			yield(); // TODO: what happens if yield-called code uses analogRead()
    1b28:	f001 fee0 	bl	38ec <yield>
		while (!(ADC1_HS & ADC_HS_COCO0)) {
    1b2c:	6a23      	ldr	r3, [r4, #32]
    1b2e:	07d9      	lsls	r1, r3, #31
    1b30:	d5fa      	bpl.n	1b28 <analogRead+0x38>
		return ADC1_R0;
    1b32:	4b19      	ldr	r3, [pc, #100]	; (1b98 <analogRead+0xa8>)
    1b34:	6a58      	ldr	r0, [r3, #36]	; 0x24
}
    1b36:	bdf8      	pop	{r3, r4, r5, r6, r7, pc}
	while ((ADC1_GC & ADC_GC_CAL) || (ADC2_GC & ADC_GC_CAL)) {
    1b38:	4d17      	ldr	r5, [pc, #92]	; (1b98 <analogRead+0xa8>)
    1b3a:	4e18      	ldr	r6, [pc, #96]	; (1b9c <analogRead+0xac>)
    1b3c:	e001      	b.n	1b42 <analogRead+0x52>
		yield();
    1b3e:	f001 fed5 	bl	38ec <yield>
	while ((ADC1_GC & ADC_GC_CAL) || (ADC2_GC & ADC_GC_CAL)) {
    1b42:	6cab      	ldr	r3, [r5, #72]	; 0x48
    1b44:	061b      	lsls	r3, r3, #24
    1b46:	d4fa      	bmi.n	1b3e <analogRead+0x4e>
    1b48:	6cb3      	ldr	r3, [r6, #72]	; 0x48
    1b4a:	f013 0380 	ands.w	r3, r3, #128	; 0x80
    1b4e:	d1f6      	bne.n	1b3e <analogRead+0x4e>
	calibrating = 0;
    1b50:	703b      	strb	r3, [r7, #0]
	uint8_t ch = pin_to_channel[pin];
    1b52:	4b0f      	ldr	r3, [pc, #60]	; (1b90 <analogRead+0xa0>)
    1b54:	5d1b      	ldrb	r3, [r3, r4]
	if (ch == 255) return 0;
    1b56:	2bff      	cmp	r3, #255	; 0xff
    1b58:	d1d5      	bne.n	1b06 <analogRead+0x16>
	if (pin > sizeof(pin_to_channel)) return 0;
    1b5a:	2000      	movs	r0, #0
}
    1b5c:	bdf8      	pop	{r3, r4, r5, r6, r7, pc}
		ADC2_HC0 = ch & 0x7f;
    1b5e:	4c0f      	ldr	r4, [pc, #60]	; (1b9c <analogRead+0xac>)
    1b60:	f003 037f 	and.w	r3, r3, #127	; 0x7f
    1b64:	6023      	str	r3, [r4, #0]
		while (!(ADC2_HS & ADC_HS_COCO0)) {
    1b66:	6a23      	ldr	r3, [r4, #32]
    1b68:	07da      	lsls	r2, r3, #31
    1b6a:	d404      	bmi.n	1b76 <analogRead+0x86>
			yield(); // TODO: what happens if yield-called code uses analogRead()
    1b6c:	f001 febe 	bl	38ec <yield>
		while (!(ADC2_HS & ADC_HS_COCO0)) {
    1b70:	6a23      	ldr	r3, [r4, #32]
    1b72:	07db      	lsls	r3, r3, #31
    1b74:	d5fa      	bpl.n	1b6c <analogRead+0x7c>
		return ADC2_R0;
    1b76:	4b09      	ldr	r3, [pc, #36]	; (1b9c <analogRead+0xac>)
    1b78:	6a58      	ldr	r0, [r3, #36]	; 0x24
}
    1b7a:	bdf8      	pop	{r3, r4, r5, r6, r7, pc}
		*pad = padval & ~IOMUXC_PAD_PKE;
    1b7c:	f422 5280 	bic.w	r2, r2, #4096	; 0x1000
	if(!(ch & 0x80)) {
    1b80:	061c      	lsls	r4, r3, #24
		*pad = padval & ~IOMUXC_PAD_PKE;
    1b82:	600a      	str	r2, [r1, #0]
	if(!(ch & 0x80)) {
    1b84:	d4eb      	bmi.n	1b5e <analogRead+0x6e>
    1b86:	e7ca      	b.n	1b1e <analogRead+0x2e>
	if (pin > sizeof(pin_to_channel)) return 0;
    1b88:	2000      	movs	r0, #0
}
    1b8a:	4770      	bx	lr
    1b8c:	20001fd9 	.word	0x20001fd9
    1b90:	200005b4 	.word	0x200005b4
    1b94:	20000334 	.word	0x20000334
    1b98:	400c4000 	.word	0x400c4000
    1b9c:	400c8000 	.word	0x400c8000

00001ba0 <analogReadRes>:
   if (bits == 8) {
    1ba0:	2808      	cmp	r0, #8
{
    1ba2:	b430      	push	{r4, r5}
   if (bits == 8) {
    1ba4:	d022      	beq.n	1bec <analogReadRes+0x4c>
    mode = ADC_CFG_MODE(2) | ADC_CFG_ADSTS(3) | ADC_CFG_ADLSMP;
    1ba6:	280a      	cmp	r0, #10
    1ba8:	bf0c      	ite	eq
    1baa:	f44f 7105 	moveq.w	r1, #532	; 0x214
    1bae:	f44f 7146 	movne.w	r1, #792	; 0x318
  tmp32  = (ADC1_CFG & (0xFFFFFC00));
    1bb2:	4c10      	ldr	r4, [pc, #64]	; (1bf4 <analogReadRes+0x54>)
    1bb4:	4d10      	ldr	r5, [pc, #64]	; (1bf8 <analogReadRes+0x58>)
    1bb6:	6c63      	ldr	r3, [r4, #68]	; 0x44
  tmp32 |= (ADC1_CFG & (0x03));  // ADICLK
    1bb8:	6c62      	ldr	r2, [r4, #68]	; 0x44
  tmp32  = (ADC1_CFG & (0xFFFFFC00));
    1bba:	402b      	ands	r3, r5
  tmp32  = (ADC2_CFG & (0xFFFFFC00));
    1bbc:	480f      	ldr	r0, [pc, #60]	; (1bfc <analogReadRes+0x5c>)
  tmp32 |= (ADC1_CFG & (0x03));  // ADICLK
    1bbe:	f002 0203 	and.w	r2, r2, #3
    1bc2:	431a      	orrs	r2, r3
  tmp32 |= (ADC1_CFG & (0xE0));  // ADIV & ADLPC
    1bc4:	6c63      	ldr	r3, [r4, #68]	; 0x44
    1bc6:	f003 03e0 	and.w	r3, r3, #224	; 0xe0
    1bca:	4313      	orrs	r3, r2
  tmp32 |= mode; 
    1bcc:	430b      	orrs	r3, r1
  ADC1_CFG = tmp32;
    1bce:	6463      	str	r3, [r4, #68]	; 0x44
  tmp32  = (ADC2_CFG & (0xFFFFFC00));
    1bd0:	6c43      	ldr	r3, [r0, #68]	; 0x44
  tmp32 |= (ADC2_CFG & (0x03));  // ADICLK
    1bd2:	6c42      	ldr	r2, [r0, #68]	; 0x44
  tmp32  = (ADC2_CFG & (0xFFFFFC00));
    1bd4:	402b      	ands	r3, r5
  tmp32 |= (ADC2_CFG & (0x03));  // ADICLK
    1bd6:	f002 0203 	and.w	r2, r2, #3
    1bda:	431a      	orrs	r2, r3
  tmp32 |= (ADC2_CFG & (0xE0));  // ADIV & ADLPC
    1bdc:	6c43      	ldr	r3, [r0, #68]	; 0x44
    1bde:	f003 03e0 	and.w	r3, r3, #224	; 0xe0
    1be2:	4313      	orrs	r3, r2
  tmp32 |= mode; 
    1be4:	4319      	orrs	r1, r3
}
    1be6:	bc30      	pop	{r4, r5}
  ADC2_CFG = tmp32;
    1be8:	6441      	str	r1, [r0, #68]	; 0x44
}
    1bea:	4770      	bx	lr
    mode = ADC_CFG_MODE(0) | ADC_CFG_ADSTS(3);
    1bec:	f44f 7140 	mov.w	r1, #768	; 0x300
    1bf0:	e7df      	b.n	1bb2 <analogReadRes+0x12>
    1bf2:	bf00      	nop
    1bf4:	400c4000 	.word	0x400c4000
    1bf8:	fffffc00 	.word	0xfffffc00
    1bfc:	400c8000 	.word	0x400c8000

00001c00 <set_arm_clock>:
	uint32_t cbcmr = CCM_CBCMR; // pg 1023
	uint32_t dcdc = DCDC_REG3;

	// compute required voltage
	uint32_t voltage = 1150; // default = 1.15V
	if (frequency > 528000000) {
    1c00:	49a2      	ldr	r1, [pc, #648]	; (1e8c <set_arm_clock+0x28c>)
	uint32_t cbcdr = CCM_CBCDR; // pg 1021
    1c02:	4ba3      	ldr	r3, [pc, #652]	; (1e90 <set_arm_clock+0x290>)
	if (frequency > 528000000) {
    1c04:	4288      	cmp	r0, r1
{
    1c06:	e92d 47f0 	stmdb	sp!, {r4, r5, r6, r7, r8, r9, sl, lr}
	uint32_t dcdc = DCDC_REG3;
    1c0a:	4ca2      	ldr	r4, [pc, #648]	; (1e94 <set_arm_clock+0x294>)
	uint32_t cbcdr = CCM_CBCDR; // pg 1021
    1c0c:	695e      	ldr	r6, [r3, #20]
	uint32_t cbcmr = CCM_CBCMR; // pg 1023
    1c0e:	699a      	ldr	r2, [r3, #24]
	uint32_t dcdc = DCDC_REG3;
    1c10:	f8d4 800c 	ldr.w	r8, [r4, #12]
	if (frequency > 528000000) {
    1c14:	d91b      	bls.n	1c4e <set_arm_clock+0x4e>
		voltage = 1250; // 1.25V
#if defined(OVERCLOCK_STEPSIZE) && defined(OVERCLOCK_MAX_VOLT)
		if (frequency > 600000000) {
    1c16:	4ba0      	ldr	r3, [pc, #640]	; (1e98 <set_arm_clock+0x298>)
    1c18:	4298      	cmp	r0, r3
    1c1a:	f240 8102 	bls.w	1e22 <set_arm_clock+0x222>
			voltage += ((frequency - 600000000) / OVERCLOCK_STEPSIZE) * 25;
    1c1e:	1ac3      	subs	r3, r0, r3
    1c20:	499e      	ldr	r1, [pc, #632]	; (1e9c <set_arm_clock+0x29c>)
    1c22:	0a1b      	lsrs	r3, r3, #8
    1c24:	fba1 1303 	umull	r1, r3, r1, r3
		voltage = 950; // 0.95
	}

	// if voltage needs to increase, do it before switch clock speed
	CCM_CCGR6 |= CCM_CCGR6_DCDC(CCM_CCGR_ON);
	if ((dcdc & DCDC_REG3_TRG_MASK) < DCDC_REG3_TRG((voltage - 800) / 25)) {
    1c28:	f240 6127 	movw	r1, #1575	; 0x627
			voltage += ((frequency - 600000000) / OVERCLOCK_STEPSIZE) * 25;
    1c2c:	09db      	lsrs	r3, r3, #7
    1c2e:	eb03 0383 	add.w	r3, r3, r3, lsl #2
    1c32:	eb03 0383 	add.w	r3, r3, r3, lsl #2
    1c36:	f203 43e2 	addw	r3, r3, #1250	; 0x4e2
	if ((dcdc & DCDC_REG3_TRG_MASK) < DCDC_REG3_TRG((voltage - 800) / 25)) {
    1c3a:	428b      	cmp	r3, r1
    1c3c:	bf28      	it	cs
    1c3e:	460b      	movcs	r3, r1
    1c40:	f5a3 7748 	sub.w	r7, r3, #800	; 0x320
    1c44:	4b96      	ldr	r3, [pc, #600]	; (1ea0 <set_arm_clock+0x2a0>)
    1c46:	fba3 3707 	umull	r3, r7, r3, r7
    1c4a:	08ff      	lsrs	r7, r7, #3
    1c4c:	e004      	b.n	1c58 <set_arm_clock+0x58>
	} else if (frequency <= 24000000) {
    1c4e:	4f95      	ldr	r7, [pc, #596]	; (1ea4 <set_arm_clock+0x2a4>)
    1c50:	42b8      	cmp	r0, r7
    1c52:	bf8c      	ite	hi
    1c54:	270e      	movhi	r7, #14
    1c56:	2706      	movls	r7, #6
	CCM_CCGR6 |= CCM_CCGR6_DCDC(CCM_CCGR_ON);
    1c58:	498d      	ldr	r1, [pc, #564]	; (1e90 <set_arm_clock+0x290>)
	if ((dcdc & DCDC_REG3_TRG_MASK) < DCDC_REG3_TRG((voltage - 800) / 25)) {
    1c5a:	f008 091f 	and.w	r9, r8, #31
	CCM_CCGR6 |= CCM_CCGR6_DCDC(CCM_CCGR_ON);
    1c5e:	f8d1 3080 	ldr.w	r3, [r1, #128]	; 0x80
	if ((dcdc & DCDC_REG3_TRG_MASK) < DCDC_REG3_TRG((voltage - 800) / 25)) {
    1c62:	45b9      	cmp	r9, r7
	CCM_CCGR6 |= CCM_CCGR6_DCDC(CCM_CCGR_ON);
    1c64:	f043 03c0 	orr.w	r3, r3, #192	; 0xc0
    1c68:	f8c1 3080 	str.w	r3, [r1, #128]	; 0x80
	if ((dcdc & DCDC_REG3_TRG_MASK) < DCDC_REG3_TRG((voltage - 800) / 25)) {
    1c6c:	d20c      	bcs.n	1c88 <set_arm_clock+0x88>
		printf("Increasing voltage to %u mV\n", voltage);
		dcdc &= ~DCDC_REG3_TRG_MASK;
    1c6e:	f028 081f 	bic.w	r8, r8, #31
		dcdc |= DCDC_REG3_TRG((voltage - 800) / 25);
		DCDC_REG3 = dcdc;
    1c72:	f5a1 21f8 	sub.w	r1, r1, #507904	; 0x7c000
		dcdc |= DCDC_REG3_TRG((voltage - 800) / 25);
    1c76:	ea48 0807 	orr.w	r8, r8, r7
		DCDC_REG3 = dcdc;
    1c7a:	f8c1 800c 	str.w	r8, [r1, #12]
		while (!(DCDC_REG0 & DCDC_REG0_STS_DC_OK)) ; // wait voltage settling
    1c7e:	680b      	ldr	r3, [r1, #0]
    1c80:	2b00      	cmp	r3, #0
    1c82:	dafc      	bge.n	1c7e <set_arm_clock+0x7e>
	scale_cpu_cycles_to_microseconds = 0xFFFFFFFFu / (uint32_t)(frequency / 1000000u);

	printf("New Frequency: ARM=%u, IPG=%u\n", frequency, frequency / div_ipg);

	// if voltage needs to decrease, do it after switch clock speed
	if ((dcdc & DCDC_REG3_TRG_MASK) > DCDC_REG3_TRG((voltage - 800) / 25)) {
    1c84:	f008 091f 	and.w	r9, r8, #31
	if (!(cbcdr & CCM_CBCDR_PERIPH_CLK_SEL)) {
    1c88:	f016 7300 	ands.w	r3, r6, #33554432	; 0x2000000
    1c8c:	d124      	bne.n	1cd8 <set_arm_clock+0xd8>
		if ((CCM_ANALOG_PLL_USB1 & need1s) == need1s) {
    1c8e:	4986      	ldr	r1, [pc, #536]	; (1ea8 <set_arm_clock+0x2a8>)
    1c90:	690c      	ldr	r4, [r1, #16]
    1c92:	4986      	ldr	r1, [pc, #536]	; (1eac <set_arm_clock+0x2ac>)
    1c94:	43a1      	bics	r1, r4
    1c96:	f000 80ea 	beq.w	1e6e <set_arm_clock+0x26e>
		if ((cbcmr & CCM_CBCMR_PERIPH_CLK2_SEL_MASK) != CCM_CBCMR_PERIPH_CLK2_SEL(sel)) {
    1c9a:	f482 5180 	eor.w	r1, r2, #4096	; 0x1000
    1c9e:	4634      	mov	r4, r6
    1ca0:	f44f 5580 	mov.w	r5, #4096	; 0x1000
		if ((cbcdr & CCM_CBCDR_PERIPH_CLK2_PODF_MASK) != CCM_CBCDR_PERIPH_CLK2_PODF(div)) {
    1ca4:	f014 5f60 	tst.w	r4, #939524096	; 0x38000000
    1ca8:	d004      	beq.n	1cb4 <set_arm_clock+0xb4>
			cbcdr &= ~CCM_CBCDR_PERIPH_CLK2_PODF_MASK;
    1caa:	f026 5660 	bic.w	r6, r6, #939524096	; 0x38000000
			cbcdr |= CCM_CBCDR_PERIPH_CLK2_PODF(div);
    1cae:	431e      	orrs	r6, r3
			CCM_CBCDR = cbcdr;
    1cb0:	4b77      	ldr	r3, [pc, #476]	; (1e90 <set_arm_clock+0x290>)
    1cb2:	615e      	str	r6, [r3, #20]
		if ((cbcmr & CCM_CBCMR_PERIPH_CLK2_SEL_MASK) != CCM_CBCMR_PERIPH_CLK2_SEL(sel)) {
    1cb4:	f411 5f40 	tst.w	r1, #12288	; 0x3000
    1cb8:	d007      	beq.n	1cca <set_arm_clock+0xca>
			cbcmr &= ~CCM_CBCMR_PERIPH_CLK2_SEL_MASK;
    1cba:	f422 5240 	bic.w	r2, r2, #12288	; 0x3000
			CCM_CBCMR = cbcmr;
    1cbe:	4974      	ldr	r1, [pc, #464]	; (1e90 <set_arm_clock+0x290>)
			cbcmr |= CCM_CBCMR_PERIPH_CLK2_SEL(sel);
    1cc0:	432a      	orrs	r2, r5
			CCM_CBCMR = cbcmr;
    1cc2:	618a      	str	r2, [r1, #24]
			while (CCM_CDHIPR & CCM_CDHIPR_PERIPH2_CLK_SEL_BUSY) ; // wait
    1cc4:	6c8b      	ldr	r3, [r1, #72]	; 0x48
    1cc6:	071a      	lsls	r2, r3, #28
    1cc8:	d4fc      	bmi.n	1cc4 <set_arm_clock+0xc4>
		cbcdr |= CCM_CBCDR_PERIPH_CLK_SEL;
    1cca:	f046 7600 	orr.w	r6, r6, #33554432	; 0x2000000
		CCM_CBCDR = cbcdr;
    1cce:	4a70      	ldr	r2, [pc, #448]	; (1e90 <set_arm_clock+0x290>)
    1cd0:	6156      	str	r6, [r2, #20]
		while (CCM_CDHIPR & CCM_CDHIPR_PERIPH_CLK_SEL_BUSY) ; // wait
    1cd2:	6c93      	ldr	r3, [r2, #72]	; 0x48
    1cd4:	069b      	lsls	r3, r3, #26
    1cd6:	d4fc      	bmi.n	1cd2 <set_arm_clock+0xd2>
	while (frequency * div_arm * div_ahb < 648000000) {
    1cd8:	4c75      	ldr	r4, [pc, #468]	; (1eb0 <set_arm_clock+0x2b0>)
    1cda:	42a0      	cmp	r0, r4
    1cdc:	f200 80ce 	bhi.w	1e7c <set_arm_clock+0x27c>
	uint32_t div_ahb = 1;
    1ce0:	f04f 0c01 	mov.w	ip, #1
    1ce4:	4601      	mov	r1, r0
	uint32_t div_arm = 1;
    1ce6:	4663      	mov	r3, ip
	while (frequency * div_arm * div_ahb < 648000000) {
    1ce8:	fb03 1201 	mla	r2, r3, r1, r1
			div_arm = div_arm + 1;
    1cec:	f103 0e01 	add.w	lr, r3, #1
				div_ahb = div_ahb + 1;
    1cf0:	f10c 0501 	add.w	r5, ip, #1
	while (frequency * div_arm * div_ahb < 648000000) {
    1cf4:	42a2      	cmp	r2, r4
    1cf6:	d818      	bhi.n	1d2a <set_arm_clock+0x12a>
		if (div_arm < 8) {
    1cf8:	f1be 0f08 	cmp.w	lr, #8
				div_arm = 1;
    1cfc:	f04f 0301 	mov.w	r3, #1
		if (div_arm < 8) {
    1d00:	f040 808d 	bne.w	1e1e <set_arm_clock+0x21e>
			if (div_ahb < 5) {
    1d04:	f1bc 0f04 	cmp.w	ip, #4
    1d08:	f200 8091 	bhi.w	1e2e <set_arm_clock+0x22e>
	while (frequency * div_arm * div_ahb < 648000000) {
    1d0c:	180a      	adds	r2, r1, r0
    1d0e:	42a2      	cmp	r2, r4
    1d10:	f200 80a4 	bhi.w	1e5c <set_arm_clock+0x25c>
    1d14:	fb05 f100 	mul.w	r1, r5, r0
				div_ahb = div_ahb + 1;
    1d18:	46ac      	mov	ip, r5
			div_arm = div_arm + 1;
    1d1a:	f103 0e01 	add.w	lr, r3, #1
	while (frequency * div_arm * div_ahb < 648000000) {
    1d1e:	fb03 1201 	mla	r2, r3, r1, r1
				div_ahb = div_ahb + 1;
    1d22:	f10c 0501 	add.w	r5, ip, #1
	while (frequency * div_arm * div_ahb < 648000000) {
    1d26:	42a2      	cmp	r2, r4
    1d28:	d9e6      	bls.n	1cf8 <set_arm_clock+0xf8>
	if ((cbcdr & CCM_CBCDR_AHB_PODF_MASK) != CCM_CBCDR_AHB_PODF(div_ahb - 1)) {
    1d2a:	f10c 31ff 	add.w	r1, ip, #4294967295
    1d2e:	028c      	lsls	r4, r1, #10
    1d30:	ea86 2181 	eor.w	r1, r6, r1, lsl #10
	uint32_t mult = (frequency * div_arm * div_ahb + 6000000) / 12000000;
    1d34:	485f      	ldr	r0, [pc, #380]	; (1eb4 <set_arm_clock+0x2b4>)
    1d36:	4410      	add	r0, r2
	if (mult > 108) mult = 108;
    1d38:	4a5f      	ldr	r2, [pc, #380]	; (1eb8 <set_arm_clock+0x2b8>)
    1d3a:	4290      	cmp	r0, r2
    1d3c:	d97f      	bls.n	1e3e <set_arm_clock+0x23e>
    1d3e:	f8df a1a4 	ldr.w	sl, [pc, #420]	; 1ee4 <set_arm_clock+0x2e4>
    1d42:	226c      	movs	r2, #108	; 0x6c
    1d44:	485d      	ldr	r0, [pc, #372]	; (1ebc <set_arm_clock+0x2bc>)
	if ((CCM_ANALOG_PLL_ARM & arm_pll_mask) != (CCM_ANALOG_PLL_ARM_LOCK
    1d46:	4d58      	ldr	r5, [pc, #352]	; (1ea8 <set_arm_clock+0x2a8>)
	frequency = mult * 12000000 / div_arm / div_ahb;
    1d48:	fbb0 f0fe 	udiv	r0, r0, lr
	if ((CCM_ANALOG_PLL_ARM & arm_pll_mask) != (CCM_ANALOG_PLL_ARM_LOCK
    1d4c:	f8d5 e000 	ldr.w	lr, [r5]
	frequency = mult * 12000000 / div_arm / div_ahb;
    1d50:	fbb0 f0fc 	udiv	r0, r0, ip
	if ((CCM_ANALOG_PLL_ARM & arm_pll_mask) != (CCM_ANALOG_PLL_ARM_LOCK
    1d54:	f8df c190 	ldr.w	ip, [pc, #400]	; 1ee8 <set_arm_clock+0x2e8>
    1d58:	ea0e 0c0c 	and.w	ip, lr, ip
    1d5c:	45d4      	cmp	ip, sl
    1d5e:	d009      	beq.n	1d74 <set_arm_clock+0x174>
			| CCM_ANALOG_PLL_ARM_DIV_SELECT(mult);
    1d60:	f442 5200 	orr.w	r2, r2, #8192	; 0x2000
		CCM_ANALOG_PLL_ARM = CCM_ANALOG_PLL_ARM_POWERDOWN;
    1d64:	f44f 5c80 	mov.w	ip, #4096	; 0x1000
    1d68:	f8c5 c000 	str.w	ip, [r5]
		CCM_ANALOG_PLL_ARM = CCM_ANALOG_PLL_ARM_ENABLE
    1d6c:	602a      	str	r2, [r5, #0]
		while (!(CCM_ANALOG_PLL_ARM & CCM_ANALOG_PLL_ARM_LOCK)) ; // wait for lock
    1d6e:	682a      	ldr	r2, [r5, #0]
    1d70:	2a00      	cmp	r2, #0
    1d72:	dafc      	bge.n	1d6e <set_arm_clock+0x16e>
	if ((CCM_CACRR & CCM_CACRR_ARM_PODF_MASK) != (div_arm - 1)) {
    1d74:	4a46      	ldr	r2, [pc, #280]	; (1e90 <set_arm_clock+0x290>)
    1d76:	6915      	ldr	r5, [r2, #16]
    1d78:	f005 0507 	and.w	r5, r5, #7
    1d7c:	429d      	cmp	r5, r3
    1d7e:	d003      	beq.n	1d88 <set_arm_clock+0x188>
		CCM_CACRR = CCM_CACRR_ARM_PODF(div_arm - 1);
    1d80:	6113      	str	r3, [r2, #16]
		while (CCM_CDHIPR & CCM_CDHIPR_ARM_PODF_BUSY) ; // wait
    1d82:	6c93      	ldr	r3, [r2, #72]	; 0x48
    1d84:	03dd      	lsls	r5, r3, #15
    1d86:	d4fc      	bmi.n	1d82 <set_arm_clock+0x182>
	if ((cbcdr & CCM_CBCDR_AHB_PODF_MASK) != CCM_CBCDR_AHB_PODF(div_ahb - 1)) {
    1d88:	f411 5fe0 	tst.w	r1, #7168	; 0x1c00
    1d8c:	d009      	beq.n	1da2 <set_arm_clock+0x1a2>
		cbcdr &= ~CCM_CBCDR_AHB_PODF_MASK;
    1d8e:	f426 56e0 	bic.w	r6, r6, #7168	; 0x1c00
		cbcdr |= CCM_CBCDR_AHB_PODF(div_ahb - 1);
    1d92:	f404 54e0 	and.w	r4, r4, #7168	; 0x1c00
		CCM_CBCDR = cbcdr;
    1d96:	4a3e      	ldr	r2, [pc, #248]	; (1e90 <set_arm_clock+0x290>)
		cbcdr |= CCM_CBCDR_AHB_PODF(div_ahb - 1);
    1d98:	4326      	orrs	r6, r4
		CCM_CBCDR = cbcdr;
    1d9a:	6156      	str	r6, [r2, #20]
		while (CCM_CDHIPR & CCM_CDHIPR_AHB_PODF_BUSY); // wait
    1d9c:	6c93      	ldr	r3, [r2, #72]	; 0x48
    1d9e:	0799      	lsls	r1, r3, #30
    1da0:	d4fc      	bmi.n	1d9c <set_arm_clock+0x19c>
	uint32_t div_ipg = (frequency + 149999999) / 150000000;
    1da2:	4947      	ldr	r1, [pc, #284]	; (1ec0 <set_arm_clock+0x2c0>)
	if (div_ipg > 4) div_ipg = 4;
    1da4:	4a47      	ldr	r2, [pc, #284]	; (1ec4 <set_arm_clock+0x2c4>)
	uint32_t div_ipg = (frequency + 149999999) / 150000000;
    1da6:	4401      	add	r1, r0
	if (div_ipg > 4) div_ipg = 4;
    1da8:	4291      	cmp	r1, r2
    1daa:	d83c      	bhi.n	1e26 <set_arm_clock+0x226>
	uint32_t div_ipg = (frequency + 149999999) / 150000000;
    1dac:	4b46      	ldr	r3, [pc, #280]	; (1ec8 <set_arm_clock+0x2c8>)
    1dae:	09c9      	lsrs	r1, r1, #7
    1db0:	fba3 3101 	umull	r3, r1, r3, r1
    1db4:	0b09      	lsrs	r1, r1, #12
	if ((cbcdr & CCM_CBCDR_IPG_PODF_MASK) != (CCM_CBCDR_IPG_PODF(div_ipg - 1))) {
    1db6:	1e4b      	subs	r3, r1, #1
    1db8:	021b      	lsls	r3, r3, #8
    1dba:	ea86 0203 	eor.w	r2, r6, r3
    1dbe:	f412 7f40 	tst.w	r2, #768	; 0x300
    1dc2:	d006      	beq.n	1dd2 <set_arm_clock+0x1d2>
		cbcdr &= ~CCM_CBCDR_IPG_PODF_MASK;
    1dc4:	f426 7640 	bic.w	r6, r6, #768	; 0x300
		cbcdr |= CCM_CBCDR_IPG_PODF(div_ipg - 1);
    1dc8:	f403 7340 	and.w	r3, r3, #768	; 0x300
		CCM_CBCDR = cbcdr;
    1dcc:	4a30      	ldr	r2, [pc, #192]	; (1e90 <set_arm_clock+0x290>)
		cbcdr |= CCM_CBCDR_IPG_PODF(div_ipg - 1);
    1dce:	4333      	orrs	r3, r6
		CCM_CBCDR = cbcdr;
    1dd0:	6153      	str	r3, [r2, #20]
	CCM_CBCDR &= ~CCM_CBCDR_PERIPH_CLK_SEL;
    1dd2:	4a2f      	ldr	r2, [pc, #188]	; (1e90 <set_arm_clock+0x290>)
    1dd4:	6953      	ldr	r3, [r2, #20]
    1dd6:	f023 7300 	bic.w	r3, r3, #33554432	; 0x2000000
    1dda:	6153      	str	r3, [r2, #20]
	while (CCM_CDHIPR & CCM_CDHIPR_PERIPH_CLK_SEL_BUSY) ; // wait
    1ddc:	6c93      	ldr	r3, [r2, #72]	; 0x48
    1dde:	069b      	lsls	r3, r3, #26
    1de0:	d4fc      	bmi.n	1ddc <set_arm_clock+0x1dc>
	scale_cpu_cycles_to_microseconds = 0xFFFFFFFFu / (uint32_t)(frequency / 1000000u);
    1de2:	4b3a      	ldr	r3, [pc, #232]	; (1ecc <set_arm_clock+0x2cc>)
	if ((dcdc & DCDC_REG3_TRG_MASK) > DCDC_REG3_TRG((voltage - 800) / 25)) {
    1de4:	454f      	cmp	r7, r9
	scale_cpu_cycles_to_microseconds = 0xFFFFFFFFu / (uint32_t)(frequency / 1000000u);
    1de6:	fba3 2300 	umull	r2, r3, r3, r0
    1dea:	f04f 32ff 	mov.w	r2, #4294967295
    1dee:	ea4f 4393 	mov.w	r3, r3, lsr #18
	F_BUS_ACTUAL = frequency / div_ipg;
    1df2:	fbb0 f1f1 	udiv	r1, r0, r1
	scale_cpu_cycles_to_microseconds = 0xFFFFFFFFu / (uint32_t)(frequency / 1000000u);
    1df6:	fbb2 f3f3 	udiv	r3, r2, r3
	F_CPU_ACTUAL = frequency;
    1dfa:	4a35      	ldr	r2, [pc, #212]	; (1ed0 <set_arm_clock+0x2d0>)
    1dfc:	6010      	str	r0, [r2, #0]
	F_BUS_ACTUAL = frequency / div_ipg;
    1dfe:	4a35      	ldr	r2, [pc, #212]	; (1ed4 <set_arm_clock+0x2d4>)
    1e00:	6011      	str	r1, [r2, #0]
	scale_cpu_cycles_to_microseconds = 0xFFFFFFFFu / (uint32_t)(frequency / 1000000u);
    1e02:	4a35      	ldr	r2, [pc, #212]	; (1ed8 <set_arm_clock+0x2d8>)
    1e04:	6013      	str	r3, [r2, #0]
	if ((dcdc & DCDC_REG3_TRG_MASK) > DCDC_REG3_TRG((voltage - 800) / 25)) {
    1e06:	d208      	bcs.n	1e1a <set_arm_clock+0x21a>
		printf("Decreasing voltage to %u mV\n", voltage);
		dcdc &= ~DCDC_REG3_TRG_MASK;
    1e08:	f028 081f 	bic.w	r8, r8, #31
		dcdc |= DCDC_REG3_TRG((voltage - 800) / 25);
		DCDC_REG3 = dcdc;
    1e0c:	4a21      	ldr	r2, [pc, #132]	; (1e94 <set_arm_clock+0x294>)
		dcdc |= DCDC_REG3_TRG((voltage - 800) / 25);
    1e0e:	ea48 0707 	orr.w	r7, r8, r7
		DCDC_REG3 = dcdc;
    1e12:	60d7      	str	r7, [r2, #12]
		while (!(DCDC_REG0 & DCDC_REG0_STS_DC_OK)) ; // wait voltage settling
    1e14:	6813      	ldr	r3, [r2, #0]
    1e16:	2b00      	cmp	r3, #0
    1e18:	dafc      	bge.n	1e14 <set_arm_clock+0x214>
	}

	return frequency;
}
    1e1a:	e8bd 87f0 	ldmia.w	sp!, {r4, r5, r6, r7, r8, r9, sl, pc}
    1e1e:	4673      	mov	r3, lr
    1e20:	e762      	b.n	1ce8 <set_arm_clock+0xe8>
    1e22:	2712      	movs	r7, #18
    1e24:	e718      	b.n	1c58 <set_arm_clock+0x58>
    1e26:	f44f 7340 	mov.w	r3, #768	; 0x300
	if (div_ipg > 4) div_ipg = 4;
    1e2a:	2104      	movs	r1, #4
    1e2c:	e7c5      	b.n	1dba <set_arm_clock+0x1ba>
	if ((cbcdr & CCM_CBCDR_AHB_PODF_MASK) != CCM_CBCDR_AHB_PODF(div_ahb - 1)) {
    1e2e:	f10c 31ff 	add.w	r1, ip, #4294967295
	uint32_t mult = (frequency * div_arm * div_ahb + 6000000) / 12000000;
    1e32:	4820      	ldr	r0, [pc, #128]	; (1eb4 <set_arm_clock+0x2b4>)
    1e34:	2307      	movs	r3, #7
	if ((cbcdr & CCM_CBCDR_AHB_PODF_MASK) != CCM_CBCDR_AHB_PODF(div_ahb - 1)) {
    1e36:	028c      	lsls	r4, r1, #10
	uint32_t mult = (frequency * div_arm * div_ahb + 6000000) / 12000000;
    1e38:	4410      	add	r0, r2
	if ((cbcdr & CCM_CBCDR_AHB_PODF_MASK) != CCM_CBCDR_AHB_PODF(div_ahb - 1)) {
    1e3a:	ea86 2181 	eor.w	r1, r6, r1, lsl #10
	uint32_t mult = (frequency * div_arm * div_ahb + 6000000) / 12000000;
    1e3e:	4a27      	ldr	r2, [pc, #156]	; (1edc <set_arm_clock+0x2dc>)
	  | CCM_ANALOG_PLL_ARM_ENABLE | CCM_ANALOG_PLL_ARM_DIV_SELECT(mult))) {
    1e40:	f8df a0a8 	ldr.w	sl, [pc, #168]	; 1eec <set_arm_clock+0x2ec>
	uint32_t mult = (frequency * div_arm * div_ahb + 6000000) / 12000000;
    1e44:	fba2 2000 	umull	r2, r0, r2, r0
    1e48:	0d02      	lsrs	r2, r0, #20
	frequency = mult * 12000000 / div_arm / div_ahb;
    1e4a:	4825      	ldr	r0, [pc, #148]	; (1ee0 <set_arm_clock+0x2e0>)
    1e4c:	2a36      	cmp	r2, #54	; 0x36
    1e4e:	bf38      	it	cc
    1e50:	2236      	movcc	r2, #54	; 0x36
    1e52:	fb02 f000 	mul.w	r0, r2, r0
	  | CCM_ANALOG_PLL_ARM_ENABLE | CCM_ANALOG_PLL_ARM_DIV_SELECT(mult))) {
    1e56:	ea42 0a0a 	orr.w	sl, r2, sl
    1e5a:	e774      	b.n	1d46 <set_arm_clock+0x146>
	if ((cbcdr & CCM_CBCDR_AHB_PODF_MASK) != CCM_CBCDR_AHB_PODF(div_ahb - 1)) {
    1e5c:	ea4f 248c 	mov.w	r4, ip, lsl #10
    1e60:	2300      	movs	r3, #0
    1e62:	ea86 218c 	eor.w	r1, r6, ip, lsl #10
				div_arm = 1;
    1e66:	f04f 0e01 	mov.w	lr, #1
				div_ahb = div_ahb + 1;
    1e6a:	46ac      	mov	ip, r5
    1e6c:	e762      	b.n	1d34 <set_arm_clock+0x134>
		if ((cbcdr & CCM_CBCDR_PERIPH_CLK2_PODF_MASK) != CCM_CBCDR_PERIPH_CLK2_PODF(div)) {
    1e6e:	461d      	mov	r5, r3
    1e70:	f086 54c0 	eor.w	r4, r6, #402653184	; 0x18000000
    1e74:	4611      	mov	r1, r2
    1e76:	f04f 53c0 	mov.w	r3, #402653184	; 0x18000000
    1e7a:	e713      	b.n	1ca4 <set_arm_clock+0xa4>
	while (frequency * div_arm * div_ahb < 648000000) {
    1e7c:	2400      	movs	r4, #0
	uint32_t div_ahb = 1;
    1e7e:	f04f 0c01 	mov.w	ip, #1
	while (frequency * div_arm * div_ahb < 648000000) {
    1e82:	4602      	mov	r2, r0
    1e84:	4631      	mov	r1, r6
    1e86:	4623      	mov	r3, r4
	uint32_t div_arm = 1;
    1e88:	46e6      	mov	lr, ip
    1e8a:	e753      	b.n	1d34 <set_arm_clock+0x134>
    1e8c:	1f78a400 	.word	0x1f78a400
    1e90:	400fc000 	.word	0x400fc000
    1e94:	40080000 	.word	0x40080000
    1e98:	23c34600 	.word	0x23c34600
    1e9c:	004cb223 	.word	0x004cb223
    1ea0:	51eb851f 	.word	0x51eb851f
    1ea4:	016e3600 	.word	0x016e3600
    1ea8:	400d8000 	.word	0x400d8000
    1eac:	80003040 	.word	0x80003040
    1eb0:	269fb1ff 	.word	0x269fb1ff
    1eb4:	005b8d80 	.word	0x005b8d80
    1eb8:	4df67eff 	.word	0x4df67eff
    1ebc:	4d3f6400 	.word	0x4d3f6400
    1ec0:	08f0d17f 	.word	0x08f0d17f
    1ec4:	2cb4177f 	.word	0x2cb4177f
    1ec8:	00e5109f 	.word	0x00e5109f
    1ecc:	431bde83 	.word	0x431bde83
    1ed0:	20000658 	.word	0x20000658
    1ed4:	20000654 	.word	0x20000654
    1ed8:	20001e10 	.word	0x20001e10
    1edc:	165e9f81 	.word	0x165e9f81
    1ee0:	00b71b00 	.word	0x00b71b00
    1ee4:	8000206c 	.word	0x8000206c
    1ee8:	8001307f 	.word	0x8001307f
    1eec:	80002000 	.word	0x80002000

00001ef0 <delay>:
// or delayNanoseconds().
void delay(uint32_t msec)
{
	uint32_t start;

	if (msec == 0) return;
    1ef0:	b900      	cbnz	r0, 1ef4 <delay+0x4>
    1ef2:	4770      	bx	lr
{
    1ef4:	e92d 4ff8 	stmdb	sp!, {r3, r4, r5, r6, r7, r8, r9, sl, fp, lr}
 */
__attribute__( ( always_inline ) ) __STATIC_INLINE uint32_t __STREXW(uint32_t value, volatile uint32_t *addr)
{
   uint32_t result;

   __ASM volatile ("strex %0, %2, [%1]" : "=&r" (result) : "r" (addr), "r" (value) );
    1ef8:	2101      	movs	r1, #1
    1efa:	4681      	mov	r9, r0
    1efc:	4c21      	ldr	r4, [pc, #132]	; (1f84 <delay+0x94>)
    1efe:	4d22      	ldr	r5, [pc, #136]	; (1f88 <delay+0x98>)
    1f00:	4e22      	ldr	r6, [pc, #136]	; (1f8c <delay+0x9c>)
   __ASM volatile ("ldrex %0, [%1]" : "=r" (result) : "r" (addr) );
    1f02:	e854 3f00 	ldrex	r3, [r4]
uint32_t micros(void)
{
	uint32_t smc, scc;
	do {
		__LDREXW(&systick_safe_read);
		smc = systick_millis_count;
    1f06:	682a      	ldr	r2, [r5, #0]
		scc = systick_cycle_count;
    1f08:	6830      	ldr	r0, [r6, #0]
   __ASM volatile ("strex %0, %2, [%1]" : "=&r" (result) : "r" (addr), "r" (value) );
    1f0a:	e844 1300 	strex	r3, r1, [r4]
	} while ( __STREXW(1, &systick_safe_read));
    1f0e:	2b00      	cmp	r3, #0
    1f10:	d1f7      	bne.n	1f02 <delay+0x12>
	uint32_t cyccnt = ARM_DWT_CYCCNT;
    1f12:	491f      	ldr	r1, [pc, #124]	; (1f90 <delay+0xa0>)
    1f14:	684b      	ldr	r3, [r1, #4]
	asm volatile("" : : : "memory");
	uint32_t ccdelta = cyccnt - scc;
	uint32_t frac = ((uint64_t)ccdelta * scale_cpu_cycles_to_microseconds) >> 32;
	if (frac > 1000) frac = 1000;
	uint32_t usec = 1000*smc + frac;
    1f16:	f44f 7b7a 	mov.w	fp, #1000	; 0x3e8
	uint32_t frac = ((uint64_t)ccdelta * scale_cpu_cycles_to_microseconds) >> 32;
    1f1a:	f8df a078 	ldr.w	sl, [pc, #120]	; 1f94 <delay+0xa4>
	uint32_t ccdelta = cyccnt - scc;
    1f1e:	1a1b      	subs	r3, r3, r0
    1f20:	2701      	movs	r7, #1
	uint32_t usec = 1000*smc + frac;
    1f22:	fb0b f802 	mul.w	r8, fp, r2
	uint32_t frac = ((uint64_t)ccdelta * scale_cpu_cycles_to_microseconds) >> 32;
    1f26:	f8da 2000 	ldr.w	r2, [sl]
    1f2a:	fba3 3202 	umull	r3, r2, r3, r2
	uint32_t usec = 1000*smc + frac;
    1f2e:	455a      	cmp	r2, fp
    1f30:	bf94      	ite	ls
    1f32:	4490      	addls	r8, r2
    1f34:	44d8      	addhi	r8, fp
   __ASM volatile ("ldrex %0, [%1]" : "=r" (result) : "r" (addr) );
    1f36:	e854 3f00 	ldrex	r3, [r4]
		smc = systick_millis_count;
    1f3a:	682a      	ldr	r2, [r5, #0]
		scc = systick_cycle_count;
    1f3c:	6830      	ldr	r0, [r6, #0]
   __ASM volatile ("strex %0, %2, [%1]" : "=&r" (result) : "r" (addr), "r" (value) );
    1f3e:	e844 7300 	strex	r3, r7, [r4]
	} while ( __STREXW(1, &systick_safe_read));
    1f42:	2b00      	cmp	r3, #0
    1f44:	d1f7      	bne.n	1f36 <delay+0x46>
	uint32_t cyccnt = ARM_DWT_CYCCNT;
    1f46:	684b      	ldr	r3, [r1, #4]
	uint32_t frac = ((uint64_t)ccdelta * scale_cpu_cycles_to_microseconds) >> 32;
    1f48:	f8da c000 	ldr.w	ip, [sl]
	uint32_t ccdelta = cyccnt - scc;
    1f4c:	1a1b      	subs	r3, r3, r0
	uint32_t usec = 1000*smc + frac;
    1f4e:	fb0b f202 	mul.w	r2, fp, r2
	uint32_t frac = ((uint64_t)ccdelta * scale_cpu_cycles_to_microseconds) >> 32;
    1f52:	fba3 3c0c 	umull	r3, ip, r3, ip
	uint32_t usec = 1000*smc + frac;
    1f56:	f5bc 7f7a 	cmp.w	ip, #1000	; 0x3e8
    1f5a:	bf94      	ite	ls
    1f5c:	4462      	addls	r2, ip
    1f5e:	f502 727a 	addhi.w	r2, r2, #1000	; 0x3e8
		while ((micros() - start) >= 1000) {
    1f62:	eba2 0208 	sub.w	r2, r2, r8
    1f66:	f5b2 7f7a 	cmp.w	r2, #1000	; 0x3e8
    1f6a:	d306      	bcc.n	1f7a <delay+0x8a>
			if (--msec == 0) return;
    1f6c:	f1b9 0901 	subs.w	r9, r9, #1
			start += 1000;
    1f70:	f508 787a 	add.w	r8, r8, #1000	; 0x3e8
			if (--msec == 0) return;
    1f74:	d1df      	bne.n	1f36 <delay+0x46>
}
    1f76:	e8bd 8ff8 	ldmia.w	sp!, {r3, r4, r5, r6, r7, r8, r9, sl, fp, pc}
		yield();
    1f7a:	f001 fcb7 	bl	38ec <yield>
		while ((micros() - start) >= 1000) {
    1f7e:	4904      	ldr	r1, [pc, #16]	; (1f90 <delay+0xa0>)
    1f80:	e7d9      	b.n	1f36 <delay+0x46>
    1f82:	bf00      	nop
    1f84:	20001e4c 	.word	0x20001e4c
    1f88:	20001e48 	.word	0x20001e48
    1f8c:	20001e44 	.word	0x20001e44
    1f90:	e0001000 	.word	0xe0001000
    1f94:	20001e10 	.word	0x20001e10

00001f98 <micros>:
{
    1f98:	b430      	push	{r4, r5}
    1f9a:	4b0f      	ldr	r3, [pc, #60]	; (1fd8 <micros+0x40>)
    1f9c:	f04f 0c01 	mov.w	ip, #1
    1fa0:	4d0e      	ldr	r5, [pc, #56]	; (1fdc <micros+0x44>)
    1fa2:	4c0f      	ldr	r4, [pc, #60]	; (1fe0 <micros+0x48>)
   __ASM volatile ("ldrex %0, [%1]" : "=r" (result) : "r" (addr) );
    1fa4:	e853 2f00 	ldrex	r2, [r3]
		smc = systick_millis_count;
    1fa8:	6828      	ldr	r0, [r5, #0]
		scc = systick_cycle_count;
    1faa:	6821      	ldr	r1, [r4, #0]
   __ASM volatile ("strex %0, %2, [%1]" : "=&r" (result) : "r" (addr), "r" (value) );
    1fac:	e843 c200 	strex	r2, ip, [r3]
	} while ( __STREXW(1, &systick_safe_read));
    1fb0:	2a00      	cmp	r2, #0
    1fb2:	d1f7      	bne.n	1fa4 <micros+0xc>
	uint32_t cyccnt = ARM_DWT_CYCCNT;
    1fb4:	4b0b      	ldr	r3, [pc, #44]	; (1fe4 <micros+0x4c>)
    1fb6:	685b      	ldr	r3, [r3, #4]
	uint32_t frac = ((uint64_t)ccdelta * scale_cpu_cycles_to_microseconds) >> 32;
    1fb8:	4a0b      	ldr	r2, [pc, #44]	; (1fe8 <micros+0x50>)
	uint32_t ccdelta = cyccnt - scc;
    1fba:	1a5b      	subs	r3, r3, r1
	uint32_t usec = 1000*smc + frac;
    1fbc:	f44f 717a 	mov.w	r1, #1000	; 0x3e8
	uint32_t frac = ((uint64_t)ccdelta * scale_cpu_cycles_to_microseconds) >> 32;
    1fc0:	6812      	ldr	r2, [r2, #0]
	uint32_t usec = 1000*smc + frac;
    1fc2:	fb01 f000 	mul.w	r0, r1, r0
	uint32_t frac = ((uint64_t)ccdelta * scale_cpu_cycles_to_microseconds) >> 32;
    1fc6:	fba3 3202 	umull	r3, r2, r3, r2
	return usec;
}
    1fca:	bc30      	pop	{r4, r5}
    1fcc:	428a      	cmp	r2, r1
    1fce:	bf94      	ite	ls
    1fd0:	1880      	addls	r0, r0, r2
    1fd2:	1840      	addhi	r0, r0, r1
    1fd4:	4770      	bx	lr
    1fd6:	bf00      	nop
    1fd8:	20001e4c 	.word	0x20001e4c
    1fdc:	20001e48 	.word	0x20001e48
    1fe0:	20001e44 	.word	0x20001e44
    1fe4:	e0001000 	.word	0xe0001000
    1fe8:	20001e10 	.word	0x20001e10

00001fec <digitalWrite>:
void digitalWrite(uint8_t pin, uint8_t val)
{
	const struct digital_pin_bitband_and_config_table_struct *p;
	uint32_t pinmode, mask;

	if (pin >= CORE_NUM_DIGITAL) return;
    1fec:	2827      	cmp	r0, #39	; 0x27
    1fee:	d816      	bhi.n	201e <digitalWrite+0x32>
	p = digital_pin_to_info_PGM + pin;
    1ff0:	0102      	lsls	r2, r0, #4
    1ff2:	4b10      	ldr	r3, [pc, #64]	; (2034 <digitalWrite+0x48>)
    1ff4:	eb03 1000 	add.w	r0, r3, r0, lsl #4
	pinmode = *(p->reg + 1);
    1ff8:	589b      	ldr	r3, [r3, r2]
{
    1ffa:	b410      	push	{r4}
	mask = p->mask;
    1ffc:	68c2      	ldr	r2, [r0, #12]
	pinmode = *(p->reg + 1);
    1ffe:	685c      	ldr	r4, [r3, #4]
	if (pinmode & mask) {
    2000:	4214      	tst	r4, r2
    2002:	d005      	beq.n	2010 <digitalWrite+0x24>
		// pin is configured for output mode
		if (val) {
    2004:	b961      	cbnz	r1, 2020 <digitalWrite+0x34>
			*(p->pad) = IOMUXC_PAD_DSE(7) | IOMUXC_PAD_PKE | IOMUXC_PAD_PUE | IOMUXC_PAD_PUS(3) | IOMUXC_PAD_HYS;
		} else {
			*(p->pad) = IOMUXC_PAD_DSE(7) | IOMUXC_PAD_PKE | IOMUXC_PAD_PUE | IOMUXC_PAD_PUS(0) | IOMUXC_PAD_HYS;
		}
	}
}
    2006:	f85d 4b04 	ldr.w	r4, [sp], #4
			*(p->reg + 0x22) = mask; // clear register
    200a:	f8c3 2088 	str.w	r2, [r3, #136]	; 0x88
}
    200e:	4770      	bx	lr
			*(p->pad) = IOMUXC_PAD_DSE(7) | IOMUXC_PAD_PKE | IOMUXC_PAD_PUE | IOMUXC_PAD_PUS(3) | IOMUXC_PAD_HYS;
    2010:	6883      	ldr	r3, [r0, #8]
		if (val) {
    2012:	b151      	cbz	r1, 202a <digitalWrite+0x3e>
			*(p->pad) = IOMUXC_PAD_DSE(7) | IOMUXC_PAD_PKE | IOMUXC_PAD_PUE | IOMUXC_PAD_PUS(3) | IOMUXC_PAD_HYS;
    2014:	4a08      	ldr	r2, [pc, #32]	; (2038 <digitalWrite+0x4c>)
}
    2016:	f85d 4b04 	ldr.w	r4, [sp], #4
			*(p->pad) = IOMUXC_PAD_DSE(7) | IOMUXC_PAD_PKE | IOMUXC_PAD_PUE | IOMUXC_PAD_PUS(3) | IOMUXC_PAD_HYS;
    201a:	601a      	str	r2, [r3, #0]
}
    201c:	4770      	bx	lr
    201e:	4770      	bx	lr
    2020:	f85d 4b04 	ldr.w	r4, [sp], #4
			*(p->reg + 0x21) = mask; // set register
    2024:	f8c3 2084 	str.w	r2, [r3, #132]	; 0x84
}
    2028:	4770      	bx	lr
			*(p->pad) = IOMUXC_PAD_DSE(7) | IOMUXC_PAD_PKE | IOMUXC_PAD_PUE | IOMUXC_PAD_PUS(0) | IOMUXC_PAD_HYS;
    202a:	4a04      	ldr	r2, [pc, #16]	; (203c <digitalWrite+0x50>)
}
    202c:	f85d 4b04 	ldr.w	r4, [sp], #4
			*(p->pad) = IOMUXC_PAD_DSE(7) | IOMUXC_PAD_PKE | IOMUXC_PAD_PUE | IOMUXC_PAD_PUS(0) | IOMUXC_PAD_HYS;
    2030:	601a      	str	r2, [r3, #0]
}
    2032:	4770      	bx	lr
    2034:	20000334 	.word	0x20000334
    2038:	0001f038 	.word	0x0001f038
    203c:	00013038 	.word	0x00013038

00002040 <digitalRead>:

uint8_t digitalRead(uint8_t pin)
{
	const struct digital_pin_bitband_and_config_table_struct *p;

	if (pin >= CORE_NUM_DIGITAL) return 0;
    2040:	2827      	cmp	r0, #39	; 0x27
    2042:	d80b      	bhi.n	205c <digitalRead+0x1c>
	p = digital_pin_to_info_PGM + pin;
    2044:	4b06      	ldr	r3, [pc, #24]	; (2060 <digitalRead+0x20>)
    2046:	0102      	lsls	r2, r0, #4
    2048:	eb03 1000 	add.w	r0, r3, r0, lsl #4
	return (*(p->reg + 2) & p->mask) ? 1 : 0;
    204c:	589a      	ldr	r2, [r3, r2]
    204e:	68c3      	ldr	r3, [r0, #12]
    2050:	6892      	ldr	r2, [r2, #8]
    2052:	421a      	tst	r2, r3
    2054:	bf14      	ite	ne
    2056:	2001      	movne	r0, #1
    2058:	2000      	moveq	r0, #0
    205a:	4770      	bx	lr
	if (pin >= CORE_NUM_DIGITAL) return 0;
    205c:	2000      	movs	r0, #0
}
    205e:	4770      	bx	lr
    2060:	20000334 	.word	0x20000334

00002064 <pinMode>:

void pinMode(uint8_t pin, uint8_t mode)
{
	const struct digital_pin_bitband_and_config_table_struct *p;

	if (pin >= CORE_NUM_DIGITAL) return;
    2064:	2827      	cmp	r0, #39	; 0x27
    2066:	d829      	bhi.n	20bc <pinMode+0x58>
	p = digital_pin_to_info_PGM + pin;
    2068:	4b16      	ldr	r3, [pc, #88]	; (20c4 <pinMode+0x60>)
    206a:	0102      	lsls	r2, r0, #4
	if (mode == OUTPUT || mode == OUTPUT_OPENDRAIN) {
    206c:	2901      	cmp	r1, #1
	p = digital_pin_to_info_PGM + pin;
    206e:	eb03 1000 	add.w	r0, r3, r0, lsl #4
			*(p->pad) = IOMUXC_PAD_DSE(7);
		} else { // OUTPUT_OPENDRAIN
			*(p->pad) = IOMUXC_PAD_DSE(7) | IOMUXC_PAD_ODE;
		}
	} else {
		*(p->reg + 1) &= ~(p->mask); // TODO: atomic
    2072:	589a      	ldr	r2, [r3, r2]
{
    2074:	b410      	push	{r4}
		*(p->reg + 1) &= ~(p->mask); // TODO: atomic
    2076:	6853      	ldr	r3, [r2, #4]
    2078:	68c4      	ldr	r4, [r0, #12]
	if (mode == OUTPUT || mode == OUTPUT_OPENDRAIN) {
    207a:	d00e      	beq.n	209a <pinMode+0x36>
    207c:	2904      	cmp	r1, #4
    207e:	d00c      	beq.n	209a <pinMode+0x36>
		*(p->reg + 1) &= ~(p->mask); // TODO: atomic
    2080:	ea23 0304 	bic.w	r3, r3, r4
    2084:	6053      	str	r3, [r2, #4]
		if (mode == INPUT) {
			*(p->pad) = IOMUXC_PAD_DSE(7);
    2086:	6883      	ldr	r3, [r0, #8]
		if (mode == INPUT) {
    2088:	b1a9      	cbz	r1, 20b6 <pinMode+0x52>
		} else if (mode == INPUT_PULLUP) {
    208a:	2902      	cmp	r1, #2
    208c:	d017      	beq.n	20be <pinMode+0x5a>
			*(p->pad) = IOMUXC_PAD_DSE(7) | IOMUXC_PAD_PKE | IOMUXC_PAD_PUE | IOMUXC_PAD_PUS(3) | IOMUXC_PAD_HYS;
		} else if (mode == INPUT_PULLDOWN) {
    208e:	2903      	cmp	r1, #3
			*(p->pad) = IOMUXC_PAD_DSE(7) | IOMUXC_PAD_PKE | IOMUXC_PAD_PUE | IOMUXC_PAD_PUS(0) | IOMUXC_PAD_HYS;
    2090:	bf0c      	ite	eq
    2092:	4a0d      	ldreq	r2, [pc, #52]	; (20c8 <pinMode+0x64>)
		} else { // INPUT_DISABLE
			*(p->pad) = IOMUXC_PAD_DSE(7) | IOMUXC_PAD_HYS;
    2094:	4a0d      	ldrne	r2, [pc, #52]	; (20cc <pinMode+0x68>)
    2096:	601a      	str	r2, [r3, #0]
    2098:	e007      	b.n	20aa <pinMode+0x46>
		*(p->reg + 1) |= p->mask; // TODO: atomic
    209a:	4323      	orrs	r3, r4
		if (mode == OUTPUT) {
    209c:	2901      	cmp	r1, #1
		*(p->reg + 1) |= p->mask; // TODO: atomic
    209e:	6053      	str	r3, [r2, #4]
			*(p->pad) = IOMUXC_PAD_DSE(7);
    20a0:	6883      	ldr	r3, [r0, #8]
		if (mode == OUTPUT) {
    20a2:	d008      	beq.n	20b6 <pinMode+0x52>
			*(p->pad) = IOMUXC_PAD_DSE(7) | IOMUXC_PAD_ODE;
    20a4:	f640 0238 	movw	r2, #2104	; 0x838
    20a8:	601a      	str	r2, [r3, #0]
		}
	}
	*(p->mux) = 5 | 0x10;
    20aa:	6843      	ldr	r3, [r0, #4]
    20ac:	2215      	movs	r2, #21
}
    20ae:	f85d 4b04 	ldr.w	r4, [sp], #4
	*(p->mux) = 5 | 0x10;
    20b2:	601a      	str	r2, [r3, #0]
}
    20b4:	4770      	bx	lr
			*(p->pad) = IOMUXC_PAD_DSE(7);
    20b6:	2238      	movs	r2, #56	; 0x38
    20b8:	601a      	str	r2, [r3, #0]
    20ba:	e7f6      	b.n	20aa <pinMode+0x46>
    20bc:	4770      	bx	lr
			*(p->pad) = IOMUXC_PAD_DSE(7) | IOMUXC_PAD_PKE | IOMUXC_PAD_PUE | IOMUXC_PAD_PUS(3) | IOMUXC_PAD_HYS;
    20be:	4a04      	ldr	r2, [pc, #16]	; (20d0 <pinMode+0x6c>)
    20c0:	601a      	str	r2, [r3, #0]
    20c2:	e7f2      	b.n	20aa <pinMode+0x46>
    20c4:	20000334 	.word	0x20000334
    20c8:	00013038 	.word	0x00013038
    20cc:	00010038 	.word	0x00010038
    20d0:	0001f038 	.word	0x0001f038

000020d4 <main>:
 */

#include <Arduino.h>

extern "C" int main(void)
{
    20d4:	b508      	push	{r3, lr}
	}


#else
	// Arduino's main() function just calls setup() and loop()....
	setup();
    20d6:	f7fe ffb9 	bl	104c <setup>
	while (1) {
		loop();
    20da:	f7ff f825 	bl	1128 <loop>
		yield();
    20de:	f001 fc05 	bl	38ec <yield>
	while (1) {
    20e2:	e7fa      	b.n	20da <main+0x6>

000020e4 <memcpy>:
	@ r1: src
	@ r2: len
#ifdef __ARM_FEATURE_UNALIGNED
	/* In case of UNALIGNED access supported, ip is not used in
	   function body.  */
	mov	ip, r0
    20e4:	4684      	mov	ip, r0
#else
	push	{r0}
#endif
	orr	r3, r1, r0
    20e6:	ea41 0300 	orr.w	r3, r1, r0
	ands	r3, r3, #3
    20ea:	f013 0303 	ands.w	r3, r3, #3
	bne	.Lmisaligned_copy
    20ee:	d16d      	bne.n	21cc <memcpy+0xe8>

.Lbig_block:
	subs	r2, __OPT_BIG_BLOCK_SIZE
    20f0:	3a40      	subs	r2, #64	; 0x40
	blo	.Lmid_block
    20f2:	d341      	bcc.n	2178 <memcpy+0x94>
.Lbig_block_loop:
	BEGIN_UNROLL_BIG_BLOCK
#ifdef __ARM_ARCH_7EM__
	ldr	r3, [r1], #4
	str	r3, [r0], #4
	END_UNROLL
    20f4:	f851 3b04 	ldr.w	r3, [r1], #4
    20f8:	f840 3b04 	str.w	r3, [r0], #4
    20fc:	f851 3b04 	ldr.w	r3, [r1], #4
    2100:	f840 3b04 	str.w	r3, [r0], #4
    2104:	f851 3b04 	ldr.w	r3, [r1], #4
    2108:	f840 3b04 	str.w	r3, [r0], #4
    210c:	f851 3b04 	ldr.w	r3, [r1], #4
    2110:	f840 3b04 	str.w	r3, [r0], #4
    2114:	f851 3b04 	ldr.w	r3, [r1], #4
    2118:	f840 3b04 	str.w	r3, [r0], #4
    211c:	f851 3b04 	ldr.w	r3, [r1], #4
    2120:	f840 3b04 	str.w	r3, [r0], #4
    2124:	f851 3b04 	ldr.w	r3, [r1], #4
    2128:	f840 3b04 	str.w	r3, [r0], #4
    212c:	f851 3b04 	ldr.w	r3, [r1], #4
    2130:	f840 3b04 	str.w	r3, [r0], #4
    2134:	f851 3b04 	ldr.w	r3, [r1], #4
    2138:	f840 3b04 	str.w	r3, [r0], #4
    213c:	f851 3b04 	ldr.w	r3, [r1], #4
    2140:	f840 3b04 	str.w	r3, [r0], #4
    2144:	f851 3b04 	ldr.w	r3, [r1], #4
    2148:	f840 3b04 	str.w	r3, [r0], #4
    214c:	f851 3b04 	ldr.w	r3, [r1], #4
    2150:	f840 3b04 	str.w	r3, [r0], #4
    2154:	f851 3b04 	ldr.w	r3, [r1], #4
    2158:	f840 3b04 	str.w	r3, [r0], #4
    215c:	f851 3b04 	ldr.w	r3, [r1], #4
    2160:	f840 3b04 	str.w	r3, [r0], #4
    2164:	f851 3b04 	ldr.w	r3, [r1], #4
    2168:	f840 3b04 	str.w	r3, [r0], #4
    216c:	f851 3b04 	ldr.w	r3, [r1], #4
    2170:	f840 3b04 	str.w	r3, [r0], #4
	str	r3, [r0, \offset]
	END_UNROLL
	adds	r0, __OPT_BIG_BLOCK_SIZE
	adds	r1, __OPT_BIG_BLOCK_SIZE
#endif
	subs	r2, __OPT_BIG_BLOCK_SIZE
    2174:	3a40      	subs	r2, #64	; 0x40
	bhs .Lbig_block_loop
    2176:	d2bd      	bcs.n	20f4 <memcpy+0x10>

.Lmid_block:
	adds	r2, __OPT_BIG_BLOCK_SIZE - __OPT_MID_BLOCK_SIZE
    2178:	3230      	adds	r2, #48	; 0x30
	blo	.Lcopy_word_by_word
    217a:	d311      	bcc.n	21a0 <memcpy+0xbc>
.Lmid_block_loop:
	BEGIN_UNROLL_MID_BLOCK
#ifdef __ARM_ARCH_7EM__
	ldr	r3, [r1], #4
	str	r3, [r0], #4
	END_UNROLL
    217c:	f851 3b04 	ldr.w	r3, [r1], #4
    2180:	f840 3b04 	str.w	r3, [r0], #4
    2184:	f851 3b04 	ldr.w	r3, [r1], #4
    2188:	f840 3b04 	str.w	r3, [r0], #4
    218c:	f851 3b04 	ldr.w	r3, [r1], #4
    2190:	f840 3b04 	str.w	r3, [r0], #4
    2194:	f851 3b04 	ldr.w	r3, [r1], #4
    2198:	f840 3b04 	str.w	r3, [r0], #4
	str	r3, [r0, \offset]
	END_UNROLL
	adds    r0, __OPT_MID_BLOCK_SIZE
	adds    r1, __OPT_MID_BLOCK_SIZE
#endif
	subs	r2, __OPT_MID_BLOCK_SIZE
    219c:	3a10      	subs	r2, #16
	bhs	.Lmid_block_loop
    219e:	d2ed      	bcs.n	217c <memcpy+0x98>

.Lcopy_word_by_word:
	adds	r2, __OPT_MID_BLOCK_SIZE - 4
    21a0:	320c      	adds	r2, #12
	blo	.Lcopy_less_than_4
    21a2:	d305      	bcc.n	21b0 <memcpy+0xcc>

	/* Kernel loop for small block copy */
	.align 2
.Lcopy_word_by_word_loop:
	ldr	r3, [r1], #4
    21a4:	f851 3b04 	ldr.w	r3, [r1], #4
	str	r3, [r0], #4
    21a8:	f840 3b04 	str.w	r3, [r0], #4
	subs	r2, #4
    21ac:	3a04      	subs	r2, #4
	bhs	.Lcopy_word_by_word_loop
    21ae:	d2f9      	bcs.n	21a4 <memcpy+0xc0>

.Lcopy_less_than_4:
	adds	r2, #4
    21b0:	3204      	adds	r2, #4
	beq	.Ldone
    21b2:	d008      	beq.n	21c6 <memcpy+0xe2>

	lsls	r2, r2, #31
    21b4:	07d2      	lsls	r2, r2, #31
	itt ne
    21b6:	bf1c      	itt	ne
	ldrbne  r3, [r1], #1
    21b8:	f811 3b01 	ldrbne.w	r3, [r1], #1
	strbne  r3, [r0], #1
    21bc:	f800 3b01 	strbne.w	r3, [r0], #1

	bcc	.Ldone
    21c0:	d301      	bcc.n	21c6 <memcpy+0xe2>
#ifdef __ARM_FEATURE_UNALIGNED
	ldrh	r3, [r1]
    21c2:	880b      	ldrh	r3, [r1, #0]
	strh	r3, [r0]
    21c4:	8003      	strh	r3, [r0, #0]
	strb	r3, [r0, #1]
#endif /* __ARM_FEATURE_UNALIGNED */

.Ldone:
#ifdef __ARM_FEATURE_UNALIGNED
	mov	r0, ip
    21c6:	4660      	mov	r0, ip
#else
	pop	{r0}
#endif
	bx	lr
    21c8:	4770      	bx	lr
    21ca:	bf00      	nop
#define Ldst_aligned Lbig_block

	/* Copy word by word using LDR when alignment can be done in hardware,
	i.e., SCTLR.A is set, supporting unaligned access in LDR and STR.  */

	cmp	r2, #8
    21cc:	2a08      	cmp	r2, #8
	blo	.Lbyte_copy
    21ce:	d313      	bcc.n	21f8 <memcpy+0x114>

	/* if src is aligned, just go to the big block loop.  */
	lsls	r3, r1, #30
    21d0:	078b      	lsls	r3, r1, #30
	beq	.Ldst_aligned
    21d2:	d08d      	beq.n	20f0 <memcpy+0xc>
	handling of aligned src and misaligned dst need more overhead than
	otherwise.  By doing this the worst case is when initial src is aligned,
	additional up to 4 byte additional copy will executed, which is
	acceptable.  */

	ands	r3, r0, #3
    21d4:	f010 0303 	ands.w	r3, r0, #3
	beq	.Ldst_aligned
    21d8:	d08a      	beq.n	20f0 <memcpy+0xc>

	rsb	r3, #4
    21da:	f1c3 0304 	rsb	r3, r3, #4
	subs	r2, r3
    21de:	1ad2      	subs	r2, r2, r3

	lsls    r3, r3, #31
    21e0:	07db      	lsls	r3, r3, #31
	itt ne
    21e2:	bf1c      	itt	ne
	ldrbne  r3, [r1], #1
    21e4:	f811 3b01 	ldrbne.w	r3, [r1], #1
	strbne  r3, [r0], #1
    21e8:	f800 3b01 	strbne.w	r3, [r0], #1

	bcc .Ldst_aligned
    21ec:	d380      	bcc.n	20f0 <memcpy+0xc>

#ifdef __ARM_FEATURE_UNALIGNED
	ldrh    r3, [r1], #2
    21ee:	f831 3b02 	ldrh.w	r3, [r1], #2
	strh    r3, [r0], #2
    21f2:	f820 3b02 	strh.w	r3, [r0], #2
	b	.Ldst_aligned
    21f6:	e77b      	b.n	20f0 <memcpy+0xc>
	pop	{r4, r5}

#endif /* __ARM_FEATURE_UNALIGNED */

.Lbyte_copy:
	subs	r2, #4
    21f8:	3a04      	subs	r2, #4
	blo	.Lcopy_less_than_4
    21fa:	d3d9      	bcc.n	21b0 <memcpy+0xcc>

.Lbyte_copy_loop:
	subs    r2, #1
    21fc:	3a01      	subs	r2, #1
	ldrb    r3, [r1], #1
    21fe:	f811 3b01 	ldrb.w	r3, [r1], #1
	strb    r3, [r0], #1
    2202:	f800 3b01 	strb.w	r3, [r0], #1
	bhs	.Lbyte_copy_loop
    2206:	d2f9      	bcs.n	21fc <memcpy+0x118>

	ldrb	r3, [r1]
    2208:	780b      	ldrb	r3, [r1, #0]
	strb	r3, [r0]
    220a:	7003      	strb	r3, [r0, #0]
	ldrb	r3, [r1, #1]
    220c:	784b      	ldrb	r3, [r1, #1]
	strb	r3, [r0, #1]
    220e:	7043      	strb	r3, [r0, #1]
	ldrb	r3, [r1, #2]
    2210:	788b      	ldrb	r3, [r1, #2]
	strb	r3, [r0, #2]
    2212:	7083      	strb	r3, [r0, #2]

#ifdef __ARM_FEATURE_UNALIGNED
	mov	r0, ip
    2214:	4660      	mov	r0, ip
#else
	pop	{r0}
#endif
	bx	lr
    2216:	4770      	bx	lr

00002218 <flexpwm_init>:
{
	int i;

	p->FCTRL0 = FLEXPWM_FCTRL0_FLVL(15); // logic high = fault
	p->FSTS0 = 0x000F; // clear fault status
	p->FFILT0 = 0;
    2218:	2300      	movs	r3, #0
	p->FSTS0 = 0x000F; // clear fault status
    221a:	220f      	movs	r2, #15
		p->SM[i].CTRL = FLEXPWM_SMCTRL_FULL;
		p->SM[i].OCTRL = 0;
		p->SM[i].DTCNT0 = 0;
		p->SM[i].INIT = 0;
		p->SM[i].VAL0 = 0;
		p->SM[i].VAL1 = 33464;
    221c:	f248 2cb8 	movw	ip, #33464	; 0x82b8
	for (i=0; i < 4; i++) {
    2220:	4619      	mov	r1, r3
{
    2222:	b510      	push	{r4, lr}
	p->FCTRL0 = FLEXPWM_FCTRL0_FLVL(15); // logic high = fault
    2224:	f44f 4470 	mov.w	r4, #61440	; 0xf000
		p->SM[i].CTRL = FLEXPWM_SMCTRL_FULL;
    2228:	f44f 6e80 	mov.w	lr, #1024	; 0x400
	p->FCTRL0 = FLEXPWM_FCTRL0_FLVL(15); // logic high = fault
    222c:	f8a0 418c 	strh.w	r4, [r0, #396]	; 0x18c
		p->SM[i].CTRL2 = FLEXPWM_SMCTRL2_INDEP | FLEXPWM_SMCTRL2_WAITEN
    2230:	f44f 4460 	mov.w	r4, #57344	; 0xe000
	p->FSTS0 = 0x000F; // clear fault status
    2234:	f8a0 218e 	strh.w	r2, [r0, #398]	; 0x18e
		p->SM[i].OCTRL = 0;
    2238:	460a      	mov	r2, r1
	p->FFILT0 = 0;
    223a:	f8a0 3190 	strh.w	r3, [r0, #400]	; 0x190
	p->MCTRL |= FLEXPWM_MCTRL_CLDOK(15);
    223e:	f8b0 3188 	ldrh.w	r3, [r0, #392]	; 0x188
    2242:	b29b      	uxth	r3, r3
    2244:	f043 03f0 	orr.w	r3, r3, #240	; 0xf0
    2248:	f8a0 3188 	strh.w	r3, [r0, #392]	; 0x188
		p->SM[i].CTRL2 = FLEXPWM_SMCTRL2_INDEP | FLEXPWM_SMCTRL2_WAITEN
    224c:	eb01 0341 	add.w	r3, r1, r1, lsl #1
	for (i=0; i < 4; i++) {
    2250:	3101      	adds	r1, #1
    2252:	eb00 1343 	add.w	r3, r0, r3, lsl #5
    2256:	2904      	cmp	r1, #4
		p->SM[i].CTRL2 = FLEXPWM_SMCTRL2_INDEP | FLEXPWM_SMCTRL2_WAITEN
    2258:	809c      	strh	r4, [r3, #4]
		p->SM[i].CTRL = FLEXPWM_SMCTRL_FULL;
    225a:	f8a3 e006 	strh.w	lr, [r3, #6]
		p->SM[i].OCTRL = 0;
    225e:	845a      	strh	r2, [r3, #34]	; 0x22
		p->SM[i].DTCNT0 = 0;
    2260:	861a      	strh	r2, [r3, #48]	; 0x30
		p->SM[i].INIT = 0;
    2262:	805a      	strh	r2, [r3, #2]
		p->SM[i].VAL0 = 0;
    2264:	815a      	strh	r2, [r3, #10]
		p->SM[i].VAL1 = 33464;
    2266:	f8a3 c00e 	strh.w	ip, [r3, #14]
		p->SM[i].VAL2 = 0;
    226a:	825a      	strh	r2, [r3, #18]
		p->SM[i].VAL3 = 0;
    226c:	82da      	strh	r2, [r3, #22]
		p->SM[i].VAL4 = 0;
    226e:	835a      	strh	r2, [r3, #26]
		p->SM[i].VAL5 = 0;
    2270:	83da      	strh	r2, [r3, #30]
	for (i=0; i < 4; i++) {
    2272:	d1eb      	bne.n	224c <flexpwm_init+0x34>
	}
	p->MCTRL |= FLEXPWM_MCTRL_LDOK(15);
    2274:	f8b0 3188 	ldrh.w	r3, [r0, #392]	; 0x188
    2278:	b29b      	uxth	r3, r3
    227a:	f043 030f 	orr.w	r3, r3, #15
    227e:	f8a0 3188 	strh.w	r3, [r0, #392]	; 0x188
	p->MCTRL |= FLEXPWM_MCTRL_RUN(15);
    2282:	f8b0 3188 	ldrh.w	r3, [r0, #392]	; 0x188
    2286:	b29b      	uxth	r3, r3
    2288:	f443 6370 	orr.w	r3, r3, #3840	; 0xf00
    228c:	f8a0 3188 	strh.w	r3, [r0, #392]	; 0x188
}
    2290:	bd10      	pop	{r4, pc}
    2292:	bf00      	nop

00002294 <pwm_init>:
}

void pwm_init(void)
{
	//printf("pwm init\n");
	CCM_CCGR4 |= CCM_CCGR4_PWM1(CCM_CCGR_ON) | CCM_CCGR4_PWM2(CCM_CCGR_ON) |
    2294:	4b37      	ldr	r3, [pc, #220]	; (2374 <pwm_init+0xe0>)
		CCM_CCGR4_PWM3(CCM_CCGR_ON) | CCM_CCGR4_PWM4(CCM_CCGR_ON);
	CCM_CCGR6 |= CCM_CCGR6_QTIMER1(CCM_CCGR_ON) | CCM_CCGR6_QTIMER2(CCM_CCGR_ON) |
    2296:	4a38      	ldr	r2, [pc, #224]	; (2378 <pwm_init+0xe4>)
	CCM_CCGR4 |= CCM_CCGR4_PWM1(CCM_CCGR_ON) | CCM_CCGR4_PWM2(CCM_CCGR_ON) |
    2298:	6f99      	ldr	r1, [r3, #120]	; 0x78
		CCM_CCGR6_QTIMER3(CCM_CCGR_ON) | CCM_CCGR6_QTIMER4(CCM_CCGR_ON);
	flexpwm_init(&IMXRT_FLEXPWM1);
    229a:	4838      	ldr	r0, [pc, #224]	; (237c <pwm_init+0xe8>)
	CCM_CCGR4 |= CCM_CCGR4_PWM1(CCM_CCGR_ON) | CCM_CCGR4_PWM2(CCM_CCGR_ON) |
    229c:	f441 017f 	orr.w	r1, r1, #16711680	; 0xff0000
{
    22a0:	b570      	push	{r4, r5, r6, lr}
	CCM_CCGR4 |= CCM_CCGR4_PWM1(CCM_CCGR_ON) | CCM_CCGR4_PWM2(CCM_CCGR_ON) |
    22a2:	6799      	str	r1, [r3, #120]	; 0x78
		p->CH[i].CSCTRL = TMR_CSCTRL_CL1(1) | TMR_CSCTRL_ALT_LOAD;
    22a4:	f241 0601 	movw	r6, #4097	; 0x1001
	CCM_CCGR6 |= CCM_CCGR6_QTIMER1(CCM_CCGR_ON) | CCM_CCGR6_QTIMER2(CCM_CCGR_ON) |
    22a8:	f8d3 1080 	ldr.w	r1, [r3, #128]	; 0x80
		p->CH[i].LOAD = 24000;   // low time  (65537 - x) - 
    22ac:	f645 55c0 	movw	r5, #24000	; 0x5dc0
		p->CH[i].CTRL = TMR_CTRL_CM(1) | TMR_CTRL_PCS(8) |
    22b0:	f243 0426 	movw	r4, #12326	; 0x3026
	CCM_CCGR6 |= CCM_CCGR6_QTIMER1(CCM_CCGR_ON) | CCM_CCGR6_QTIMER2(CCM_CCGR_ON) |
    22b4:	430a      	orrs	r2, r1
    22b6:	f8c3 2080 	str.w	r2, [r3, #128]	; 0x80
	flexpwm_init(&IMXRT_FLEXPWM1);
    22ba:	f7ff ffad 	bl	2218 <flexpwm_init>
	flexpwm_init(&IMXRT_FLEXPWM2);
    22be:	f500 4080 	add.w	r0, r0, #16384	; 0x4000
    22c2:	f7ff ffa9 	bl	2218 <flexpwm_init>
	flexpwm_init(&IMXRT_FLEXPWM3);
    22c6:	f500 4080 	add.w	r0, r0, #16384	; 0x4000
    22ca:	f7ff ffa5 	bl	2218 <flexpwm_init>
	flexpwm_init(&IMXRT_FLEXPWM4);
    22ce:	f500 4080 	add.w	r0, r0, #16384	; 0x4000
    22d2:	f7ff ffa1 	bl	2218 <flexpwm_init>
	for (i=0; i < 4; i++) {
    22d6:	2200      	movs	r2, #0
		p->CH[i].CTRL = 0; // stop timer
    22d8:	f5a0 1003 	sub.w	r0, r0, #2146304	; 0x20c000
		p->CH[i].SCTRL = TMR_SCTRL_OEN | TMR_SCTRL_OPS | TMR_SCTRL_VAL | TMR_SCTRL_FORCE;
    22dc:	f04f 0e0f 	mov.w	lr, #15
		p->CH[i].CTRL = 0; // stop timer
    22e0:	4611      	mov	r1, r2
    22e2:	eb00 1342 	add.w	r3, r0, r2, lsl #5
    22e6:	ea4f 1c42 	mov.w	ip, r2, lsl #5
	for (i=0; i < 4; i++) {
    22ea:	3201      	adds	r2, #1
		p->CH[i].CTRL = 0; // stop timer
    22ec:	8199      	strh	r1, [r3, #12]
	for (i=0; i < 4; i++) {
    22ee:	2a04      	cmp	r2, #4
		p->CH[i].CNTR = 0;
    22f0:	8159      	strh	r1, [r3, #10]
		p->CH[i].SCTRL = TMR_SCTRL_OEN | TMR_SCTRL_OPS | TMR_SCTRL_VAL | TMR_SCTRL_FORCE;
    22f2:	f8a3 e00e 	strh.w	lr, [r3, #14]
		p->CH[i].CSCTRL = TMR_CSCTRL_CL1(1) | TMR_CSCTRL_ALT_LOAD;
    22f6:	829e      	strh	r6, [r3, #20]
		p->CH[i].LOAD = 24000;   // low time  (65537 - x) - 
    22f8:	80dd      	strh	r5, [r3, #6]
		p->CH[i].COMP1 = 0;  // high time (0 = always low, max = LOAD-1)
    22fa:	f820 100c 	strh.w	r1, [r0, ip]
		p->CH[i].CMPLD1 = 0;
    22fe:	8219      	strh	r1, [r3, #16]
		p->CH[i].CTRL = TMR_CTRL_CM(1) | TMR_CTRL_PCS(8) |
    2300:	819c      	strh	r4, [r3, #12]
	for (i=0; i < 4; i++) {
    2302:	d1ee      	bne.n	22e2 <pwm_init+0x4e>
    2304:	2200      	movs	r2, #0
		p->CH[i].CTRL = 0; // stop timer
    2306:	481e      	ldr	r0, [pc, #120]	; (2380 <pwm_init+0xec>)
		p->CH[i].SCTRL = TMR_SCTRL_OEN | TMR_SCTRL_OPS | TMR_SCTRL_VAL | TMR_SCTRL_FORCE;
    2308:	f04f 0e0f 	mov.w	lr, #15
		p->CH[i].CSCTRL = TMR_CSCTRL_CL1(1) | TMR_CSCTRL_ALT_LOAD;
    230c:	f241 0601 	movw	r6, #4097	; 0x1001
		p->CH[i].CTRL = 0; // stop timer
    2310:	4611      	mov	r1, r2
		p->CH[i].LOAD = 24000;   // low time  (65537 - x) - 
    2312:	f645 55c0 	movw	r5, #24000	; 0x5dc0
		p->CH[i].CTRL = TMR_CTRL_CM(1) | TMR_CTRL_PCS(8) |
    2316:	f243 0426 	movw	r4, #12326	; 0x3026
		p->CH[i].CTRL = 0; // stop timer
    231a:	eb00 1342 	add.w	r3, r0, r2, lsl #5
    231e:	ea4f 1c42 	mov.w	ip, r2, lsl #5
	for (i=0; i < 4; i++) {
    2322:	3201      	adds	r2, #1
		p->CH[i].CTRL = 0; // stop timer
    2324:	8199      	strh	r1, [r3, #12]
	for (i=0; i < 4; i++) {
    2326:	2a04      	cmp	r2, #4
		p->CH[i].CNTR = 0;
    2328:	8159      	strh	r1, [r3, #10]
		p->CH[i].SCTRL = TMR_SCTRL_OEN | TMR_SCTRL_OPS | TMR_SCTRL_VAL | TMR_SCTRL_FORCE;
    232a:	f8a3 e00e 	strh.w	lr, [r3, #14]
		p->CH[i].CSCTRL = TMR_CSCTRL_CL1(1) | TMR_CSCTRL_ALT_LOAD;
    232e:	829e      	strh	r6, [r3, #20]
		p->CH[i].LOAD = 24000;   // low time  (65537 - x) - 
    2330:	80dd      	strh	r5, [r3, #6]
		p->CH[i].COMP1 = 0;  // high time (0 = always low, max = LOAD-1)
    2332:	f820 100c 	strh.w	r1, [r0, ip]
		p->CH[i].CMPLD1 = 0;
    2336:	8219      	strh	r1, [r3, #16]
		p->CH[i].CTRL = TMR_CTRL_CM(1) | TMR_CTRL_PCS(8) |
    2338:	819c      	strh	r4, [r3, #12]
	for (i=0; i < 4; i++) {
    233a:	d1ee      	bne.n	231a <pwm_init+0x86>
    233c:	2200      	movs	r2, #0
		p->CH[i].CTRL = 0; // stop timer
    233e:	4811      	ldr	r0, [pc, #68]	; (2384 <pwm_init+0xf0>)
		p->CH[i].SCTRL = TMR_SCTRL_OEN | TMR_SCTRL_OPS | TMR_SCTRL_VAL | TMR_SCTRL_FORCE;
    2340:	260f      	movs	r6, #15
		p->CH[i].CSCTRL = TMR_CSCTRL_CL1(1) | TMR_CSCTRL_ALT_LOAD;
    2342:	f241 0501 	movw	r5, #4097	; 0x1001
		p->CH[i].CTRL = 0; // stop timer
    2346:	4611      	mov	r1, r2
		p->CH[i].LOAD = 24000;   // low time  (65537 - x) - 
    2348:	f645 54c0 	movw	r4, #24000	; 0x5dc0
		p->CH[i].CTRL = TMR_CTRL_CM(1) | TMR_CTRL_PCS(8) |
    234c:	f243 0e26 	movw	lr, #12326	; 0x3026
		p->CH[i].CTRL = 0; // stop timer
    2350:	eb00 1342 	add.w	r3, r0, r2, lsl #5
    2354:	ea4f 1c42 	mov.w	ip, r2, lsl #5
	for (i=0; i < 4; i++) {
    2358:	3201      	adds	r2, #1
		p->CH[i].CTRL = 0; // stop timer
    235a:	8199      	strh	r1, [r3, #12]
	for (i=0; i < 4; i++) {
    235c:	2a04      	cmp	r2, #4
		p->CH[i].CNTR = 0;
    235e:	8159      	strh	r1, [r3, #10]
		p->CH[i].SCTRL = TMR_SCTRL_OEN | TMR_SCTRL_OPS | TMR_SCTRL_VAL | TMR_SCTRL_FORCE;
    2360:	81de      	strh	r6, [r3, #14]
		p->CH[i].CSCTRL = TMR_CSCTRL_CL1(1) | TMR_CSCTRL_ALT_LOAD;
    2362:	829d      	strh	r5, [r3, #20]
		p->CH[i].LOAD = 24000;   // low time  (65537 - x) - 
    2364:	80dc      	strh	r4, [r3, #6]
		p->CH[i].COMP1 = 0;  // high time (0 = always low, max = LOAD-1)
    2366:	f820 100c 	strh.w	r1, [r0, ip]
		p->CH[i].CMPLD1 = 0;
    236a:	8219      	strh	r1, [r3, #16]
		p->CH[i].CTRL = TMR_CTRL_CM(1) | TMR_CTRL_PCS(8) |
    236c:	f8a3 e00c 	strh.w	lr, [r3, #12]
	for (i=0; i < 4; i++) {
    2370:	d1ee      	bne.n	2350 <pwm_init+0xbc>
	quadtimer_init(&IMXRT_TMR1);
	quadtimer_init(&IMXRT_TMR2);
	quadtimer_init(&IMXRT_TMR3);
}
    2372:	bd70      	pop	{r4, r5, r6, pc}
    2374:	400fc000 	.word	0x400fc000
    2378:	fc030000 	.word	0xfc030000
    237c:	403dc000 	.word	0x403dc000
    2380:	401e0000 	.word	0x401e0000
    2384:	401e4000 	.word	0x401e4000

00002388 <unused_interrupt_vector>:
	__disable_irq();
    2388:	b672      	cpsid	i
	asm volatile("mrs %0, ipsr\n" : "=r" (ipsr) :: "memory");
    238a:	f3ef 8305 	mrs	r3, IPSR
	info->ipsr = ipsr;
    238e:	4c52      	ldr	r4, [pc, #328]	; (24d8 <unused_interrupt_vector+0x150>)
    2390:	f8c4 3084 	str.w	r3, [r4, #132]	; 0x84
	asm volatile("tst lr, #4\nite eq\nmrseq %0, msp\nmrsne %0, psp\n" : "=r" (stack) :: "memory");
    2394:	f01e 0f04 	tst.w	lr, #4
    2398:	bf0c      	ite	eq
    239a:	f3ef 8208 	mrseq	r2, MSP
    239e:	f3ef 8209 	mrsne	r2, PSP
	info->cfsr = SCB_CFSR;
    23a2:	f04f 23e0 	mov.w	r3, #3758153728	; 0xe000e000
	p = (uint32_t *)info;
    23a6:	4e4d      	ldr	r6, [pc, #308]	; (24dc <unused_interrupt_vector+0x154>)
	while (p < end) {
    23a8:	4d4d      	ldr	r5, [pc, #308]	; (24e0 <unused_interrupt_vector+0x158>)
	info->cfsr = SCB_CFSR;
    23aa:	f8d3 0d28 	ldr.w	r0, [r3, #3368]	; 0xd28
	info->hfsr = SCB_HFSR;
    23ae:	f8d3 1d2c 	ldr.w	r1, [r3, #3372]	; 0xd2c
    23b2:	e9c4 0122 	strd	r0, r1, [r4, #136]	; 0x88
	info->mmfar = SCB_MMFAR;
    23b6:	f8d3 1d34 	ldr.w	r1, [r3, #3380]	; 0xd34
	info->bfar = SCB_BFAR;
    23ba:	f8d3 3d38 	ldr.w	r3, [r3, #3384]	; 0xd38
    23be:	e9c4 1324 	strd	r1, r3, [r4, #144]	; 0x90
	info->ret = stack[6];
    23c2:	6993      	ldr	r3, [r2, #24]
    23c4:	f8c4 3098 	str.w	r3, [r4, #152]	; 0x98
	info->xpsr = stack[7];
    23c8:	69d3      	ldr	r3, [r2, #28]
    23ca:	f8c4 309c 	str.w	r3, [r4, #156]	; 0x9c
	info->temp = tempmonGetTemp();
    23ce:	f000 f8a3 	bl	2518 <tempmonGetTemp>
    23d2:	ed84 0a28 	vstr	s0, [r4, #160]	; 0xa0
	info->time = rtc_get();
    23d6:	f001 fb5b 	bl	3a90 <rtc_get>
	info->len = sizeof(*info) / 4;
    23da:	210b      	movs	r1, #11
	crc = 0xFFFFFFFF;
    23dc:	f04f 32ff 	mov.w	r2, #4294967295
	info->time = rtc_get();
    23e0:	f8c4 00a4 	str.w	r0, [r4, #164]	; 0xa4
	info->len = sizeof(*info) / 4;
    23e4:	460b      	mov	r3, r1
    23e6:	f8c4 1080 	str.w	r1, [r4, #128]	; 0x80
		for (i=0; i < 32; i++) crc = (crc >> 1) ^ (crc & 1)*0xEDB88320;
    23ea:	493e      	ldr	r1, [pc, #248]	; (24e4 <unused_interrupt_vector+0x15c>)
		crc ^= *p++;
    23ec:	1d30      	adds	r0, r6, #4
    23ee:	405a      	eors	r2, r3
    23f0:	2420      	movs	r4, #32
		for (i=0; i < 32; i++) crc = (crc >> 1) ^ (crc & 1)*0xEDB88320;
    23f2:	f002 0301 	and.w	r3, r2, #1
    23f6:	3c01      	subs	r4, #1
    23f8:	fb01 f303 	mul.w	r3, r1, r3
    23fc:	ea83 0252 	eor.w	r2, r3, r2, lsr #1
    2400:	d1f7      	bne.n	23f2 <unused_interrupt_vector+0x6a>
	while (p < end) {
    2402:	42a8      	cmp	r0, r5
    2404:	d002      	beq.n	240c <unused_interrupt_vector+0x84>
		crc ^= *p++;
    2406:	6873      	ldr	r3, [r6, #4]
    2408:	4606      	mov	r6, r0
    240a:	e7ef      	b.n	23ec <unused_interrupt_vector+0x64>
	info->crc = crc;
    240c:	4b32      	ldr	r3, [pc, #200]	; (24d8 <unused_interrupt_vector+0x150>)
    240e:	f8c3 20a8 	str.w	r2, [r3, #168]	; 0xa8
static inline void arm_dcache_flush_delete(void *addr, uint32_t size)
{
	uint32_t location = (uint32_t)addr & 0xFFFFFFE0;
	uint32_t end_addr = (uint32_t)addr + size;
	asm volatile("": : :"memory");
	asm("dsb");
    2412:	f3bf 8f4f 	dsb	sy
	do {
		SCB_CACHE_DCCIMVAC = location;
    2416:	f04f 23e0 	mov.w	r3, #3758153728	; 0xe000e000
    241a:	4930      	ldr	r1, [pc, #192]	; (24dc <unused_interrupt_vector+0x154>)
    241c:	4a32      	ldr	r2, [pc, #200]	; (24e8 <unused_interrupt_vector+0x160>)
    241e:	f8c3 1f70 	str.w	r1, [r3, #3952]	; 0xf70
    2422:	f8c3 2f70 	str.w	r2, [r3, #3952]	; 0xf70
		location += 32;
	} while (location < end_addr);
	asm("dsb");
    2426:	f3bf 8f4f 	dsb	sy
	asm("isb");
    242a:	f3bf 8f6f 	isb	sy
	CCM_CCGR1 |= CCM_CCGR1_PIT(CCM_CCGR_ON);
    242e:	4a2f      	ldr	r2, [pc, #188]	; (24ec <unused_interrupt_vector+0x164>)
	PIT_MCR = PIT_MCR_MDIS;
    2430:	2502      	movs	r5, #2
    2432:	482f      	ldr	r0, [pc, #188]	; (24f0 <unused_interrupt_vector+0x168>)
	CCM_CCGR1 |= CCM_CCGR1_PIT(CCM_CCGR_ON);
    2434:	6ed3      	ldr	r3, [r2, #108]	; 0x6c
  	if (F_CPU_ACTUAL > 198000000) set_arm_clock(198000000);
    2436:	492f      	ldr	r1, [pc, #188]	; (24f4 <unused_interrupt_vector+0x16c>)
	CCM_CCGR1 |= CCM_CCGR1_PIT(CCM_CCGR_ON);
    2438:	f443 5340 	orr.w	r3, r3, #12288	; 0x3000
    243c:	66d3      	str	r3, [r2, #108]	; 0x6c
	PIT_MCR = PIT_MCR_MDIS;
    243e:	6005      	str	r5, [r0, #0]
	CCM_CSCMR1 = (CCM_CSCMR1 & ~CCM_CSCMR1_PERCLK_PODF(0x3F)) | CCM_CSCMR1_PERCLK_CLK_SEL;
    2440:	69d3      	ldr	r3, [r2, #28]
  	if (F_CPU_ACTUAL > 198000000) set_arm_clock(198000000);
    2442:	482d      	ldr	r0, [pc, #180]	; (24f8 <unused_interrupt_vector+0x170>)
	CCM_CSCMR1 = (CCM_CSCMR1 & ~CCM_CSCMR1_PERCLK_PODF(0x3F)) | CCM_CSCMR1_PERCLK_CLK_SEL;
    2444:	f023 037f 	bic.w	r3, r3, #127	; 0x7f
    2448:	f043 0340 	orr.w	r3, r3, #64	; 0x40
    244c:	61d3      	str	r3, [r2, #28]
  	if (F_CPU_ACTUAL > 198000000) set_arm_clock(198000000);
    244e:	680b      	ldr	r3, [r1, #0]
    2450:	4283      	cmp	r3, r0
    2452:	d83d      	bhi.n	24d0 <unused_interrupt_vector+0x148>
	PIT_MCR = 0;
    2454:	4d26      	ldr	r5, [pc, #152]	; (24f0 <unused_interrupt_vector+0x168>)
    2456:	2100      	movs	r1, #0
	NVIC_ICER0 = 0xFFFFFFFF;
    2458:	f04f 23e0 	mov.w	r3, #3758153728	; 0xe000e000
    245c:	f04f 32ff 	mov.w	r2, #4294967295
	PIT_MCR = 0;
    2460:	6029      	str	r1, [r5, #0]
	PIT_TCTRL0 = PIT_TCTRL_TEN;
    2462:	2601      	movs	r6, #1
	PIT_TCTRL0 = 0;
    2464:	f8c5 1108 	str.w	r1, [r5, #264]	; 0x108
	PIT_LDVAL0 = 2400000; // 2400000 = 100ms
    2468:	4924      	ldr	r1, [pc, #144]	; (24fc <unused_interrupt_vector+0x174>)
    246a:	f8c5 1100 	str.w	r1, [r5, #256]	; 0x100
	PIT_TCTRL0 = PIT_TCTRL_TEN;
    246e:	f8c5 6108 	str.w	r6, [r5, #264]	; 0x108
	NVIC_ICER0 = 0xFFFFFFFF;
    2472:	f8c3 2180 	str.w	r2, [r3, #384]	; 0x180
	NVIC_ICER1 = 0xFFFFFFFF;
    2476:	f8c3 2184 	str.w	r2, [r3, #388]	; 0x184
	NVIC_ICER2 = 0xFFFFFFFF;
    247a:	f8c3 2188 	str.w	r2, [r3, #392]	; 0x188
	NVIC_ICER3 = 0xFFFFFFFF;
    247e:	f8c3 218c 	str.w	r2, [r3, #396]	; 0x18c
	NVIC_ICER4 = 0xFFFFFFFF;
    2482:	f8c3 2190 	str.w	r2, [r3, #400]	; 0x190
	count = 0;
    2486:	e001      	b.n	248c <unused_interrupt_vector+0x104>
		usb_isr();
    2488:	f000 f954 	bl	2734 <usb_isr>
		if (PIT_TFLG0) {
    248c:	f8d5 310c 	ldr.w	r3, [r5, #268]	; 0x10c
    2490:	2b00      	cmp	r3, #0
    2492:	d0f9      	beq.n	2488 <unused_interrupt_vector+0x100>
			if (++count >= 80) break;  // reboot after 8 seconds
    2494:	3401      	adds	r4, #1
			PIT_TFLG0 = 1;
    2496:	f8c5 610c 	str.w	r6, [r5, #268]	; 0x10c
			if (++count >= 80) break;  // reboot after 8 seconds
    249a:	2c4f      	cmp	r4, #79	; 0x4f
    249c:	d9f4      	bls.n	2488 <unused_interrupt_vector+0x100>
	USBPHY1_CTRL_SET = USBPHY_CTRL_SFTRST;
    249e:	4b18      	ldr	r3, [pc, #96]	; (2500 <unused_interrupt_vector+0x178>)
	USB1_USBCMD = USB_USBCMD_RST;
    24a0:	2002      	movs	r0, #2
    24a2:	4918      	ldr	r1, [pc, #96]	; (2504 <unused_interrupt_vector+0x17c>)
	USBPHY1_CTRL_SET = USBPHY_CTRL_SFTRST;
    24a4:	f04f 4200 	mov.w	r2, #2147483648	; 0x80000000
	USB1_USBCMD = USB_USBCMD_RST;
    24a8:	f8c1 0140 	str.w	r0, [r1, #320]	; 0x140
	USBPHY1_CTRL_SET = USBPHY_CTRL_SFTRST;
    24ac:	635a      	str	r2, [r3, #52]	; 0x34
	while (PIT_TFLG0 == 0) /* wait 0.1 second for PC to know USB unplugged */
    24ae:	f8d5 310c 	ldr.w	r3, [r5, #268]	; 0x10c
    24b2:	b93b      	cbnz	r3, 24c4 <unused_interrupt_vector+0x13c>
	SRC_GPR5 = 0x0BAD00F1;
    24b4:	4814      	ldr	r0, [pc, #80]	; (2508 <unused_interrupt_vector+0x180>)
    24b6:	4915      	ldr	r1, [pc, #84]	; (250c <unused_interrupt_vector+0x184>)
	while (PIT_TFLG0 == 0) /* wait 0.1 second for PC to know USB unplugged */
    24b8:	4a0d      	ldr	r2, [pc, #52]	; (24f0 <unused_interrupt_vector+0x168>)
	SRC_GPR5 = 0x0BAD00F1;
    24ba:	6301      	str	r1, [r0, #48]	; 0x30
	while (PIT_TFLG0 == 0) /* wait 0.1 second for PC to know USB unplugged */
    24bc:	f8d2 310c 	ldr.w	r3, [r2, #268]	; 0x10c
    24c0:	2b00      	cmp	r3, #0
    24c2:	d0fa      	beq.n	24ba <unused_interrupt_vector+0x132>
	SCB_AIRCR = 0x05FA0004;
    24c4:	f04f 23e0 	mov.w	r3, #3758153728	; 0xe000e000
    24c8:	4a11      	ldr	r2, [pc, #68]	; (2510 <unused_interrupt_vector+0x188>)
    24ca:	f8c3 2d0c 	str.w	r2, [r3, #3340]	; 0xd0c
	while (1) ;
    24ce:	e7fe      	b.n	24ce <unused_interrupt_vector+0x146>
  	if (F_CPU_ACTUAL > 198000000) set_arm_clock(198000000);
    24d0:	f7ff fb96 	bl	1c00 <set_arm_clock>
    24d4:	e7be      	b.n	2454 <unused_interrupt_vector+0xcc>
    24d6:	bf00      	nop
    24d8:	2027ff00 	.word	0x2027ff00
    24dc:	2027ff80 	.word	0x2027ff80
    24e0:	2027ffa8 	.word	0x2027ffa8
    24e4:	edb88320 	.word	0xedb88320
    24e8:	2027ffa0 	.word	0x2027ffa0
    24ec:	400fc000 	.word	0x400fc000
    24f0:	40084000 	.word	0x40084000
    24f4:	20000658 	.word	0x20000658
    24f8:	0bcd3d80 	.word	0x0bcd3d80
    24fc:	00249f00 	.word	0x00249f00
    2500:	400d9000 	.word	0x400d9000
    2504:	402e0000 	.word	0x402e0000
    2508:	400f8000 	.word	0x400f8000
    250c:	0bad00f1 	.word	0x0bad00f1
    2510:	05fa0004 	.word	0x05fa0004

00002514 <Panic_Temp_isr>:
  unused_interrupt_vector();
    2514:	f7ff bf38 	b.w	2388 <unused_interrupt_vector>

00002518 <tempmonGetTemp>:
float tempmonGetTemp(void)
{
    uint32_t nmeas;
    float tmeas;

    while (!(TEMPMON_TEMPSENSE0 & 0x4U))
    2518:	4a12      	ldr	r2, [pc, #72]	; (2564 <tempmonGetTemp+0x4c>)
    251a:	f8d2 3080 	ldr.w	r3, [r2, #128]	; 0x80
    251e:	075b      	lsls	r3, r3, #29
    2520:	d5fb      	bpl.n	251a <tempmonGetTemp+0x2>
    {
    }

    /* ready to read temperature code value */
    nmeas = (TEMPMON_TEMPSENSE0 & 0xFFF00U) >> 8U;
    2522:	f8d2 3080 	ldr.w	r3, [r2, #128]	; 0x80
    /* Calculate temperature */
    tmeas = s_hotTemp - (((float)nmeas - (float)s_hotCount) * s_hot_ROOM / s_roomC_hotC);
    2526:	4810      	ldr	r0, [pc, #64]	; (2568 <tempmonGetTemp+0x50>)
    nmeas = (TEMPMON_TEMPSENSE0 & 0xFFF00U) >> 8U;
    2528:	f3c3 230b 	ubfx	r3, r3, #8, #12
    tmeas = s_hotTemp - (((float)nmeas - (float)s_hotCount) * s_hot_ROOM / s_roomC_hotC);
    252c:	490f      	ldr	r1, [pc, #60]	; (256c <tempmonGetTemp+0x54>)
    252e:	ed90 7a00 	vldr	s14, [r0]
    nmeas = (TEMPMON_TEMPSENSE0 & 0xFFF00U) >> 8U;
    2532:	ee07 3a90 	vmov	s15, r3
    tmeas = s_hotTemp - (((float)nmeas - (float)s_hotCount) * s_hot_ROOM / s_roomC_hotC);
    2536:	ed91 6a00 	vldr	s12, [r1]
    253a:	eeb8 7a47 	vcvt.f32.u32	s14, s14
    253e:	4a0c      	ldr	r2, [pc, #48]	; (2570 <tempmonGetTemp+0x58>)
    2540:	eef8 7ae7 	vcvt.f32.s32	s15, s15
    2544:	4b0b      	ldr	r3, [pc, #44]	; (2574 <tempmonGetTemp+0x5c>)
    2546:	edd2 6a00 	vldr	s13, [r2]
    254a:	ee77 7ac7 	vsub.f32	s15, s15, s14
    254e:	ed93 7a00 	vldr	s14, [r3]
    2552:	eeb8 7a47 	vcvt.f32.u32	s14, s14
    2556:	ee67 7a86 	vmul.f32	s15, s15, s12
    255a:	ee87 0aa6 	vdiv.f32	s0, s15, s13

    return tmeas;
}
    255e:	ee37 0a40 	vsub.f32	s0, s14, s0
    2562:	4770      	bx	lr
    2564:	400d8100 	.word	0x400d8100
    2568:	20001e00 	.word	0x20001e00
    256c:	20001e08 	.word	0x20001e08
    2570:	20001e0c 	.word	0x20001e0c
    2574:	20001e04 	.word	0x20001e04

00002578 <schedule_transfer>:
{
	// when we stop at 6, why is the last transfer missing from the USB output?
	//if (transfer_log_count >= 6) return;

	//uint32_t ret = (*(const uint8_t *)transfer->pointer0) << 8;
	if (endpoint->callback_function) {
    2578:	6b83      	ldr	r3, [r0, #56]	; 0x38
{
    257a:	b4f0      	push	{r4, r5, r6, r7}
	if (endpoint->callback_function) {
    257c:	b11b      	cbz	r3, 2586 <schedule_transfer+0xe>
		transfer->status |= (1<<15);
    257e:	6853      	ldr	r3, [r2, #4]
    2580:	f443 4300 	orr.w	r3, r3, #32768	; 0x8000
    2584:	6053      	str	r3, [r2, #4]
	}
	__disable_irq();
    2586:	b672      	cpsid	i
	//digitalWriteFast(1, HIGH);
	// Executing A Transfer Descriptor, page 2468 (RT1060 manual, Rev 1, 12/2018)
	transfer_t *last = endpoint->last_transfer;
    2588:	6b44      	ldr	r4, [r0, #52]	; 0x34
	if (last) {
    258a:	b33c      	cbz	r4, 25dc <schedule_transfer+0x64>
		last->next = (uint32_t)transfer;
		if (USB1_ENDPTPRIME & epmask) goto end;
    258c:	4b1a      	ldr	r3, [pc, #104]	; (25f8 <schedule_transfer+0x80>)
		last->next = (uint32_t)transfer;
    258e:	6022      	str	r2, [r4, #0]
		if (USB1_ENDPTPRIME & epmask) goto end;
    2590:	f8d3 41b0 	ldr.w	r4, [r3, #432]	; 0x1b0
    2594:	420c      	tst	r4, r1
    2596:	d11d      	bne.n	25d4 <schedule_transfer+0x5c>
		//digitalWriteFast(2, HIGH);
		//ret |= 0x01;
		uint32_t status, cyccnt=ARM_DWT_CYCCNT;
    2598:	4e18      	ldr	r6, [pc, #96]	; (25fc <schedule_transfer+0x84>)
    259a:	6877      	ldr	r7, [r6, #4]
    259c:	e004      	b.n	25a8 <schedule_transfer+0x30>
		do {
			USB1_USBCMD |= USB_USBCMD_ATDTW;
			status = USB1_ENDPTSTATUS;
		} while (!(USB1_USBCMD & USB_USBCMD_ATDTW) && (ARM_DWT_CYCCNT - cyccnt < 2400));
    259e:	6874      	ldr	r4, [r6, #4]
    25a0:	1be4      	subs	r4, r4, r7
    25a2:	f5b4 6f16 	cmp.w	r4, #2400	; 0x960
    25a6:	d20b      	bcs.n	25c0 <schedule_transfer+0x48>
			USB1_USBCMD |= USB_USBCMD_ATDTW;
    25a8:	f8d3 4140 	ldr.w	r4, [r3, #320]	; 0x140
    25ac:	f444 4480 	orr.w	r4, r4, #16384	; 0x4000
    25b0:	f8c3 4140 	str.w	r4, [r3, #320]	; 0x140
			status = USB1_ENDPTSTATUS;
    25b4:	f8d3 51b8 	ldr.w	r5, [r3, #440]	; 0x1b8
		} while (!(USB1_USBCMD & USB_USBCMD_ATDTW) && (ARM_DWT_CYCCNT - cyccnt < 2400));
    25b8:	f8d3 4140 	ldr.w	r4, [r3, #320]	; 0x140
    25bc:	0464      	lsls	r4, r4, #17
    25be:	d5ee      	bpl.n	259e <schedule_transfer+0x26>
		//USB1_USBCMD &= ~USB_USBCMD_ATDTW;
		if (status & epmask) goto end;
    25c0:	400d      	ands	r5, r1
    25c2:	d107      	bne.n	25d4 <schedule_transfer+0x5c>
		//ret |= 0x02;
		endpoint->next = (uint32_t)transfer;
		endpoint->status = 0;
		USB1_ENDPTPRIME |= epmask;
    25c4:	4c0c      	ldr	r4, [pc, #48]	; (25f8 <schedule_transfer+0x80>)
		endpoint->status = 0;
    25c6:	e9c0 2502 	strd	r2, r5, [r0, #8]
		USB1_ENDPTPRIME |= epmask;
    25ca:	f8d4 31b0 	ldr.w	r3, [r4, #432]	; 0x1b0
    25ce:	430b      	orrs	r3, r1
    25d0:	f8c4 31b0 	str.w	r3, [r4, #432]	; 0x1b0
	endpoint->next = (uint32_t)transfer;
	endpoint->status = 0;
	USB1_ENDPTPRIME |= epmask;
	endpoint->first_transfer = transfer;
end:
	endpoint->last_transfer = transfer;
    25d4:	6342      	str	r2, [r0, #52]	; 0x34
	__enable_irq();
    25d6:	b662      	cpsie	i
	//digitalWriteFast(2, LOW);
	//digitalWriteFast(1, LOW);
	//if (transfer_log_head > LOG_SIZE) transfer_log_head = 0;
	//transfer_log[transfer_log_head++] = ret;
	//transfer_log_count++;
}
    25d8:	bcf0      	pop	{r4, r5, r6, r7}
    25da:	4770      	bx	lr
	USB1_ENDPTPRIME |= epmask;
    25dc:	4d06      	ldr	r5, [pc, #24]	; (25f8 <schedule_transfer+0x80>)
	endpoint->status = 0;
    25de:	e9c0 2402 	strd	r2, r4, [r0, #8]
	USB1_ENDPTPRIME |= epmask;
    25e2:	f8d5 31b0 	ldr.w	r3, [r5, #432]	; 0x1b0
    25e6:	430b      	orrs	r3, r1
    25e8:	f8c5 31b0 	str.w	r3, [r5, #432]	; 0x1b0
	endpoint->first_transfer = transfer;
    25ec:	6302      	str	r2, [r0, #48]	; 0x30
	endpoint->last_transfer = transfer;
    25ee:	6342      	str	r2, [r0, #52]	; 0x34
	__enable_irq();
    25f0:	b662      	cpsie	i
}
    25f2:	bcf0      	pop	{r4, r5, r6, r7}
    25f4:	4770      	bx	lr
    25f6:	bf00      	nop
    25f8:	402e0000 	.word	0x402e0000
    25fc:	e0001000 	.word	0xe0001000

00002600 <run_callbacks>:
	void (*callback_function)(transfer_t *completed_transfer);
	uint32_t unused1;
};*/

static void run_callbacks(endpoint_t *ep)
{
    2600:	b570      	push	{r4, r5, r6, lr}
	//printf("run_callbacks\n");
	transfer_t *first = ep->first_transfer;
    2602:	6b05      	ldr	r5, [r0, #48]	; 0x30
	if (first == NULL) return;
    2604:	b19d      	cbz	r5, 262e <run_callbacks+0x2e>
    2606:	4606      	mov	r6, r0
    2608:	462a      	mov	r2, r5

	// count how many transfers are completed, then remove them from the endpoint's list
	uint32_t count = 0;
    260a:	2400      	movs	r4, #0
    260c:	e003      	b.n	2616 <run_callbacks+0x16>
			//printf(" still active\n");
			ep->first_transfer = t;
			break;
		}
		count++;
		t = (transfer_t *)t->next;
    260e:	6812      	ldr	r2, [r2, #0]
		count++;
    2610:	3401      	adds	r4, #1
		if ((uint32_t)t == 1) {
    2612:	2a01      	cmp	r2, #1
    2614:	d00c      	beq.n	2630 <run_callbacks+0x30>
		if (t->status & (1<<7)) {
    2616:	6853      	ldr	r3, [r2, #4]
    2618:	f013 0380 	ands.w	r3, r3, #128	; 0x80
    261c:	d0f7      	beq.n	260e <run_callbacks+0xe>
			ep->first_transfer = t;
    261e:	6332      	str	r2, [r6, #48]	; 0x30
			ep->last_transfer = NULL;
			break;
		}
	}
	// do all the callbacks
	while (count) {
    2620:	b12c      	cbz	r4, 262e <run_callbacks+0x2e>
		transfer_t *next = (transfer_t *)first->next;
    2622:	4628      	mov	r0, r5
		ep->callback_function(first);
    2624:	6bb3      	ldr	r3, [r6, #56]	; 0x38
		transfer_t *next = (transfer_t *)first->next;
    2626:	682d      	ldr	r5, [r5, #0]
		ep->callback_function(first);
    2628:	4798      	blx	r3
	while (count) {
    262a:	3c01      	subs	r4, #1
    262c:	d1f9      	bne.n	2622 <run_callbacks+0x22>
		first = next;
		count--;
	}
}
    262e:	bd70      	pop	{r4, r5, r6, pc}
			ep->last_transfer = NULL;
    2630:	e9c6 330c 	strd	r3, r3, [r6, #48]	; 0x30
			break;
    2634:	e7f4      	b.n	2620 <run_callbacks+0x20>
    2636:	bf00      	nop

00002638 <endpoint0_transmit.constprop.0>:
static void endpoint0_transmit(const void *data, uint32_t len, int notify)
    2638:	b430      	push	{r4, r5}
	if (len > 0) {
    263a:	b9d9      	cbnz	r1, 2674 <endpoint0_transmit.constprop.0+0x3c>
    263c:	4c1f      	ldr	r4, [pc, #124]	; (26bc <endpoint0_transmit.constprop.0+0x84>)
	endpoint0_transfer_ack.next = 1;
    263e:	4b20      	ldr	r3, [pc, #128]	; (26c0 <endpoint0_transmit.constprop.0+0x88>)
	endpoint0_transfer_ack.pointer0 = 0;
    2640:	2100      	movs	r1, #0
	USB1_ENDPTCOMPLETE = (1<<0) | (1<<16);
    2642:	4a20      	ldr	r2, [pc, #128]	; (26c4 <endpoint0_transmit.constprop.0+0x8c>)
	endpoint0_transfer_ack.next = 1;
    2644:	2501      	movs	r5, #1
	USB1_ENDPTCOMPLETE = (1<<0) | (1<<16);
    2646:	f04f 1001 	mov.w	r0, #65537	; 0x10001
	endpoint0_transfer_ack.pointer0 = 0;
    264a:	6099      	str	r1, [r3, #8]
	endpoint0_transfer_ack.next = 1;
    264c:	601d      	str	r5, [r3, #0]
	endpoint_queue_head[0].status = 0;
    264e:	e9c4 3102 	strd	r3, r1, [r4, #8]
	endpoint0_transfer_ack.status = (1<<7) | (notify ? (1 << 15) : 0);
    2652:	2480      	movs	r4, #128	; 0x80
    2654:	605c      	str	r4, [r3, #4]
	USB1_ENDPTCOMPLETE = (1<<0) | (1<<16);
    2656:	f8c2 01bc 	str.w	r0, [r2, #444]	; 0x1bc
	USB1_ENDPTPRIME |= (1<<0);
    265a:	f8d2 31b0 	ldr.w	r3, [r2, #432]	; 0x1b0
	endpoint0_notify_mask = (notify ? (1 << 0) : 0);
    265e:	481a      	ldr	r0, [pc, #104]	; (26c8 <endpoint0_transmit.constprop.0+0x90>)
	USB1_ENDPTPRIME |= (1<<0);
    2660:	432b      	orrs	r3, r5
    2662:	f8c2 31b0 	str.w	r3, [r2, #432]	; 0x1b0
	endpoint0_notify_mask = (notify ? (1 << 0) : 0);
    2666:	6001      	str	r1, [r0, #0]
	while (USB1_ENDPTPRIME) ;
    2668:	f8d2 31b0 	ldr.w	r3, [r2, #432]	; 0x1b0
    266c:	2b00      	cmp	r3, #0
    266e:	d1fb      	bne.n	2668 <endpoint0_transmit.constprop.0+0x30>
}
    2670:	bc30      	pop	{r4, r5}
    2672:	4770      	bx	lr
		endpoint0_transfer_data.status = (len << 16) | (1<<7);
    2674:	0409      	lsls	r1, r1, #16
		endpoint0_transfer_data.next = 1;
    2676:	4b15      	ldr	r3, [pc, #84]	; (26cc <endpoint0_transmit.constprop.0+0x94>)
		endpoint_queue_head[1].next = (uint32_t)&endpoint0_transfer_data;
    2678:	4c10      	ldr	r4, [pc, #64]	; (26bc <endpoint0_transmit.constprop.0+0x84>)
		endpoint0_transfer_data.next = 1;
    267a:	2501      	movs	r5, #1
		endpoint0_transfer_data.status = (len << 16) | (1<<7);
    267c:	f041 0180 	orr.w	r1, r1, #128	; 0x80
		endpoint0_transfer_data.pointer0 = addr; // format: table 55-60, pg 3159
    2680:	6098      	str	r0, [r3, #8]
		USB1_ENDPTPRIME |= (1<<16);
    2682:	4a10      	ldr	r2, [pc, #64]	; (26c4 <endpoint0_transmit.constprop.0+0x8c>)
		endpoint0_transfer_data.status = (len << 16) | (1<<7);
    2684:	6059      	str	r1, [r3, #4]
		endpoint0_transfer_data.pointer1 = addr + 4096;
    2686:	f500 5180 	add.w	r1, r0, #4096	; 0x1000
		endpoint0_transfer_data.next = 1;
    268a:	601d      	str	r5, [r3, #0]
		endpoint0_transfer_data.pointer1 = addr + 4096;
    268c:	60d9      	str	r1, [r3, #12]
		endpoint0_transfer_data.pointer2 = addr + 8192;
    268e:	f500 5100 	add.w	r1, r0, #8192	; 0x2000
		endpoint_queue_head[1].next = (uint32_t)&endpoint0_transfer_data;
    2692:	64a3      	str	r3, [r4, #72]	; 0x48
		endpoint0_transfer_data.pointer2 = addr + 8192;
    2694:	6119      	str	r1, [r3, #16]
		endpoint0_transfer_data.pointer3 = addr + 12288;
    2696:	f500 5140 	add.w	r1, r0, #12288	; 0x3000
		endpoint0_transfer_data.pointer4 = addr + 16384;
    269a:	f500 4080 	add.w	r0, r0, #16384	; 0x4000
		endpoint0_transfer_data.pointer3 = addr + 12288;
    269e:	6159      	str	r1, [r3, #20]
		endpoint_queue_head[1].status = 0;
    26a0:	2100      	movs	r1, #0
		endpoint0_transfer_data.pointer4 = addr + 16384;
    26a2:	6198      	str	r0, [r3, #24]
		endpoint_queue_head[1].status = 0;
    26a4:	64e1      	str	r1, [r4, #76]	; 0x4c
		USB1_ENDPTPRIME |= (1<<16);
    26a6:	f8d2 31b0 	ldr.w	r3, [r2, #432]	; 0x1b0
    26aa:	f443 3380 	orr.w	r3, r3, #65536	; 0x10000
    26ae:	f8c2 31b0 	str.w	r3, [r2, #432]	; 0x1b0
		while (USB1_ENDPTPRIME) ;
    26b2:	f8d2 31b0 	ldr.w	r3, [r2, #432]	; 0x1b0
    26b6:	2b00      	cmp	r3, #0
    26b8:	d1fb      	bne.n	26b2 <endpoint0_transmit.constprop.0+0x7a>
    26ba:	e7c0      	b.n	263e <endpoint0_transmit.constprop.0+0x6>
    26bc:	20000000 	.word	0x20000000
    26c0:	20000ec0 	.word	0x20000ec0
    26c4:	402e0000 	.word	0x402e0000
    26c8:	200012fc 	.word	0x200012fc
    26cc:	20000ee0 	.word	0x20000ee0

000026d0 <usb_start_sof_interrupts>:
{
    26d0:	b410      	push	{r4}
	__disable_irq();
    26d2:	b672      	cpsid	i
	sof_usage |= (1 << interface);
    26d4:	4c0a      	ldr	r4, [pc, #40]	; (2700 <usb_start_sof_interrupts+0x30>)
    26d6:	2201      	movs	r2, #1
	uint32_t intr = USB1_USBINTR;
    26d8:	490a      	ldr	r1, [pc, #40]	; (2704 <usb_start_sof_interrupts+0x34>)
	sof_usage |= (1 << interface);
    26da:	7823      	ldrb	r3, [r4, #0]
    26dc:	fa02 f000 	lsl.w	r0, r2, r0
    26e0:	4318      	orrs	r0, r3
    26e2:	7020      	strb	r0, [r4, #0]
	uint32_t intr = USB1_USBINTR;
    26e4:	f8d1 3148 	ldr.w	r3, [r1, #328]	; 0x148
	if (!(intr & USB_USBINTR_SRE)) {
    26e8:	061a      	lsls	r2, r3, #24
    26ea:	d405      	bmi.n	26f8 <usb_start_sof_interrupts+0x28>
		USB1_USBSTS = USB_USBSTS_SRI; // clear prior SOF before SOF IRQ enable
    26ec:	2280      	movs	r2, #128	; 0x80
		USB1_USBINTR = intr | USB_USBINTR_SRE;
    26ee:	4313      	orrs	r3, r2
		USB1_USBSTS = USB_USBSTS_SRI; // clear prior SOF before SOF IRQ enable
    26f0:	f8c1 2144 	str.w	r2, [r1, #324]	; 0x144
		USB1_USBINTR = intr | USB_USBINTR_SRE;
    26f4:	f8c1 3148 	str.w	r3, [r1, #328]	; 0x148
	__enable_irq();
    26f8:	b662      	cpsie	i
}
    26fa:	f85d 4b04 	ldr.w	r4, [sp], #4
    26fe:	4770      	bx	lr
    2700:	20001fde 	.word	0x20001fde
    2704:	402e0000 	.word	0x402e0000

00002708 <usb_stop_sof_interrupts>:
	sof_usage &= ~(1 << interface);
    2708:	4908      	ldr	r1, [pc, #32]	; (272c <usb_stop_sof_interrupts+0x24>)
    270a:	2201      	movs	r2, #1
    270c:	780b      	ldrb	r3, [r1, #0]
    270e:	fa02 f000 	lsl.w	r0, r2, r0
    2712:	ea23 0000 	bic.w	r0, r3, r0
    2716:	7008      	strb	r0, [r1, #0]
	if (sof_usage == 0) {
    2718:	b930      	cbnz	r0, 2728 <usb_stop_sof_interrupts+0x20>
		USB1_USBINTR &= ~USB_USBINTR_SRE;
    271a:	4a05      	ldr	r2, [pc, #20]	; (2730 <usb_stop_sof_interrupts+0x28>)
    271c:	f8d2 3148 	ldr.w	r3, [r2, #328]	; 0x148
    2720:	f023 0380 	bic.w	r3, r3, #128	; 0x80
    2724:	f8c2 3148 	str.w	r3, [r2, #328]	; 0x148
}
    2728:	4770      	bx	lr
    272a:	bf00      	nop
    272c:	20001fde 	.word	0x20001fde
    2730:	402e0000 	.word	0x402e0000

00002734 <usb_isr>:
{
    2734:	e92d 4ff0 	stmdb	sp!, {r4, r5, r6, r7, r8, r9, sl, fp, lr}
	uint32_t status = USB1_USBSTS;
    2738:	4c9d      	ldr	r4, [pc, #628]	; (29b0 <usb_isr+0x27c>)
{
    273a:	b083      	sub	sp, #12
	uint32_t status = USB1_USBSTS;
    273c:	f8d4 6144 	ldr.w	r6, [r4, #324]	; 0x144
	if (status & USB_USBSTS_UI) {
    2740:	07f1      	lsls	r1, r6, #31
	USB1_USBSTS = status;
    2742:	f8c4 6144 	str.w	r6, [r4, #324]	; 0x144
	if (status & USB_USBSTS_UI) {
    2746:	d56f      	bpl.n	2828 <usb_isr+0xf4>
		uint32_t setupstatus = USB1_ENDPTSETUPSTAT;
    2748:	f8d4 31ac 	ldr.w	r3, [r4, #428]	; 0x1ac
		while (setupstatus) {
    274c:	2b00      	cmp	r3, #0
    274e:	d066      	beq.n	281e <usb_isr+0xea>
    2750:	4d98      	ldr	r5, [pc, #608]	; (29b4 <usb_isr+0x280>)
    2752:	f8df b27c 	ldr.w	fp, [pc, #636]	; 29d0 <usb_isr+0x29c>
		endpoint0_transfer_data.pointer1 = addr + 4096;
    2756:	f8df a284 	ldr.w	sl, [pc, #644]	; 29dc <usb_isr+0x2a8>
	endpoint0_transfer_ack.next = 1;
    275a:	4f97      	ldr	r7, [pc, #604]	; (29b8 <usb_isr+0x284>)
		usb_configuration = setup.wValue;
    275c:	f8df 8280 	ldr.w	r8, [pc, #640]	; 29e0 <usb_isr+0x2ac>
			*((volatile uint32_t *)&USB1_ENDPTCTRL0 + endpoint) &= ~USB_ENDPTCTRL_RXS;
    2760:	f8df 9280 	ldr.w	r9, [pc, #640]	; 29e4 <usb_isr+0x2b0>
			USB1_ENDPTSETUPSTAT = setupstatus;
    2764:	f8c4 31ac 	str.w	r3, [r4, #428]	; 0x1ac
				s.word2 = endpoint_queue_head[0].setup1;
    2768:	e9d5 200a 	ldrd	r2, r0, [r5, #40]	; 0x28
				USB1_USBCMD |= USB_USBCMD_SUTW;
    276c:	f8d4 3140 	ldr.w	r3, [r4, #320]	; 0x140
    2770:	f443 5300 	orr.w	r3, r3, #8192	; 0x2000
    2774:	f8c4 3140 	str.w	r3, [r4, #320]	; 0x140
			} while (!(USB1_USBCMD & USB_USBCMD_SUTW));
    2778:	f8d4 3140 	ldr.w	r3, [r4, #320]	; 0x140
    277c:	049b      	lsls	r3, r3, #18
    277e:	d5f5      	bpl.n	276c <usb_isr+0x38>
			USB1_USBCMD &= ~USB_USBCMD_SUTW;
    2780:	f8d4 3140 	ldr.w	r3, [r4, #320]	; 0x140
    2784:	f423 5300 	bic.w	r3, r3, #8192	; 0x2000
    2788:	f8c4 3140 	str.w	r3, [r4, #320]	; 0x140
			USB1_ENDPTFLUSH = (1<<16) | (1<<0); // page 3174
    278c:	f04f 1301 	mov.w	r3, #65537	; 0x10001
    2790:	f8c4 31b4 	str.w	r3, [r4, #436]	; 0x1b4
			while (USB1_ENDPTFLUSH & ((1<<16) | (1<<0))) ;
    2794:	f8d4 31b4 	ldr.w	r3, [r4, #436]	; 0x1b4
    2798:	f013 1301 	ands.w	r3, r3, #65537	; 0x10001
    279c:	d1fa      	bne.n	2794 <usb_isr+0x60>
			endpoint0_notify_mask = 0;
    279e:	b291      	uxth	r1, r2
    27a0:	f8cb 3000 	str.w	r3, [fp]
	switch (setup.wRequestAndType) {
    27a4:	f5b1 6fa0 	cmp.w	r1, #1280	; 0x500
    27a8:	f000 81b2 	beq.w	2b10 <usb_isr+0x3dc>
    27ac:	f200 80d7 	bhi.w	295e <usb_isr+0x22a>
    27b0:	f5b1 7f81 	cmp.w	r1, #258	; 0x102
    27b4:	f000 8150 	beq.w	2a58 <usb_isr+0x324>
    27b8:	f240 80b1 	bls.w	291e <usb_isr+0x1ea>
    27bc:	f240 3302 	movw	r3, #770	; 0x302
    27c0:	4299      	cmp	r1, r3
    27c2:	f040 80db 	bne.w	297c <usb_isr+0x248>
		if (endpoint > 7) break;
    27c6:	f010 0f78 	tst.w	r0, #120	; 0x78
    27ca:	b283      	uxth	r3, r0
    27cc:	f040 80d6 	bne.w	297c <usb_isr+0x248>
		endpoint = setup.wIndex & 0x7F;
    27d0:	f003 027f 	and.w	r2, r3, #127	; 0x7f
		if (dir) {
    27d4:	f013 0f80 	tst.w	r3, #128	; 0x80
			*((volatile uint32_t *)&USB1_ENDPTCTRL0 + endpoint) |= USB_ENDPTCTRL_TXS;
    27d8:	f859 3022 	ldr.w	r3, [r9, r2, lsl #2]
    27dc:	bf14      	ite	ne
    27de:	f443 3380 	orrne.w	r3, r3, #65536	; 0x10000
			*((volatile uint32_t *)&USB1_ENDPTCTRL0 + endpoint) |= USB_ENDPTCTRL_RXS;
    27e2:	f043 0301 	orreq.w	r3, r3, #1
    27e6:	f849 3022 	str.w	r3, [r9, r2, lsl #2]
	endpoint0_transfer_ack.pointer0 = 0;
    27ea:	2300      	movs	r3, #0
	endpoint_queue_head[1].next = (uint32_t)&endpoint0_transfer_ack;
    27ec:	64af      	str	r7, [r5, #72]	; 0x48
	endpoint_queue_head[1].status = 0;
    27ee:	64eb      	str	r3, [r5, #76]	; 0x4c
	endpoint0_transfer_ack.pointer0 = 0;
    27f0:	60bb      	str	r3, [r7, #8]
	endpoint0_transfer_ack.next = 1;
    27f2:	2301      	movs	r3, #1
    27f4:	603b      	str	r3, [r7, #0]
	endpoint0_transfer_ack.status = (1<<7) | (notify ? (1 << 15) : 0);
    27f6:	2380      	movs	r3, #128	; 0x80
    27f8:	607b      	str	r3, [r7, #4]
	USB1_ENDPTCOMPLETE = (1<<0) | (1<<16);
    27fa:	f04f 1301 	mov.w	r3, #65537	; 0x10001
    27fe:	f8c4 31bc 	str.w	r3, [r4, #444]	; 0x1bc
	USB1_ENDPTPRIME |= (1<<16);
    2802:	f8d4 31b0 	ldr.w	r3, [r4, #432]	; 0x1b0
    2806:	f443 3380 	orr.w	r3, r3, #65536	; 0x10000
    280a:	f8c4 31b0 	str.w	r3, [r4, #432]	; 0x1b0
	while (USB1_ENDPTPRIME) ;
    280e:	f8d4 31b0 	ldr.w	r3, [r4, #432]	; 0x1b0
    2812:	2b00      	cmp	r3, #0
    2814:	d1fb      	bne.n	280e <usb_isr+0xda>
			setupstatus = USB1_ENDPTSETUPSTAT; // page 3175
    2816:	f8d4 31ac 	ldr.w	r3, [r4, #428]	; 0x1ac
		while (setupstatus) {
    281a:	2b00      	cmp	r3, #0
    281c:	d1a2      	bne.n	2764 <usb_isr+0x30>
		uint32_t completestatus = USB1_ENDPTCOMPLETE;
    281e:	4b64      	ldr	r3, [pc, #400]	; (29b0 <usb_isr+0x27c>)
    2820:	f8d3 41bc 	ldr.w	r4, [r3, #444]	; 0x1bc
		if (completestatus) {
    2824:	2c00      	cmp	r4, #0
    2826:	d148      	bne.n	28ba <usb_isr+0x186>
	if (status & USB_USBSTS_URI) { // page 3164
    2828:	0672      	lsls	r2, r6, #25
    282a:	d514      	bpl.n	2856 <usb_isr+0x122>
		USB1_ENDPTSETUPSTAT = USB1_ENDPTSETUPSTAT; // Clear all setup token semaphores
    282c:	4a60      	ldr	r2, [pc, #384]	; (29b0 <usb_isr+0x27c>)
    282e:	f8d2 31ac 	ldr.w	r3, [r2, #428]	; 0x1ac
    2832:	f8c2 31ac 	str.w	r3, [r2, #428]	; 0x1ac
		USB1_ENDPTCOMPLETE = USB1_ENDPTCOMPLETE; // Clear all the endpoint complete status
    2836:	f8d2 31bc 	ldr.w	r3, [r2, #444]	; 0x1bc
    283a:	f8c2 31bc 	str.w	r3, [r2, #444]	; 0x1bc
		while (USB1_ENDPTPRIME != 0) ; // Wait for any endpoint priming
    283e:	f8d2 31b0 	ldr.w	r3, [r2, #432]	; 0x1b0
    2842:	2b00      	cmp	r3, #0
    2844:	d1fb      	bne.n	283e <usb_isr+0x10a>
		USB1_ENDPTFLUSH = 0xFFFFFFFF;  // Cancel all endpoint primed status
    2846:	f04f 30ff 	mov.w	r0, #4294967295
		endpointN_notify_mask = 0;
    284a:	495c      	ldr	r1, [pc, #368]	; (29bc <usb_isr+0x288>)
		USB1_ENDPTFLUSH = 0xFFFFFFFF;  // Cancel all endpoint primed status
    284c:	f8c2 01b4 	str.w	r0, [r2, #436]	; 0x1b4
		if ((USB1_PORTSC1 & USB_PORTSC1_PR)) {
    2850:	f8d2 2184 	ldr.w	r2, [r2, #388]	; 0x184
		endpointN_notify_mask = 0;
    2854:	600b      	str	r3, [r1, #0]
	if (status & USB_USBSTS_TI0) {
    2856:	01f4      	lsls	r4, r6, #7
    2858:	d503      	bpl.n	2862 <usb_isr+0x12e>
		if (usb_timer0_callback != NULL) usb_timer0_callback();
    285a:	4b59      	ldr	r3, [pc, #356]	; (29c0 <usb_isr+0x28c>)
    285c:	681b      	ldr	r3, [r3, #0]
    285e:	b103      	cbz	r3, 2862 <usb_isr+0x12e>
    2860:	4798      	blx	r3
	if (status & USB_USBSTS_TI1) {
    2862:	01b0      	lsls	r0, r6, #6
    2864:	d503      	bpl.n	286e <usb_isr+0x13a>
		if (usb_timer1_callback != NULL) usb_timer1_callback();
    2866:	4b57      	ldr	r3, [pc, #348]	; (29c4 <usb_isr+0x290>)
    2868:	681b      	ldr	r3, [r3, #0]
    286a:	b103      	cbz	r3, 286e <usb_isr+0x13a>
    286c:	4798      	blx	r3
	if (status & USB_USBSTS_PCI) {
    286e:	0771      	lsls	r1, r6, #29
    2870:	d508      	bpl.n	2884 <usb_isr+0x150>
		if (USB1_PORTSC1 & USB_PORTSC1_HSP) {
    2872:	4b4f      	ldr	r3, [pc, #316]	; (29b0 <usb_isr+0x27c>)
    2874:	f8d3 3184 	ldr.w	r3, [r3, #388]	; 0x184
    2878:	f413 7300 	ands.w	r3, r3, #512	; 0x200
    287c:	d01a      	beq.n	28b4 <usb_isr+0x180>
			usb_high_speed = 1;
    287e:	4b52      	ldr	r3, [pc, #328]	; (29c8 <usb_isr+0x294>)
    2880:	2201      	movs	r2, #1
    2882:	701a      	strb	r2, [r3, #0]
	if ((USB1_USBINTR & USB_USBINTR_SRE) && (status & USB_USBSTS_SRI)) {
    2884:	4b4a      	ldr	r3, [pc, #296]	; (29b0 <usb_isr+0x27c>)
    2886:	f8d3 3148 	ldr.w	r3, [r3, #328]	; 0x148
    288a:	061a      	lsls	r2, r3, #24
    288c:	d50f      	bpl.n	28ae <usb_isr+0x17a>
    288e:	0633      	lsls	r3, r6, #24
    2890:	d50d      	bpl.n	28ae <usb_isr+0x17a>
		if (usb_reboot_timer) {
    2892:	4a4e      	ldr	r2, [pc, #312]	; (29cc <usb_isr+0x298>)
    2894:	7813      	ldrb	r3, [r2, #0]
    2896:	b12b      	cbz	r3, 28a4 <usb_isr+0x170>
			if (--usb_reboot_timer == 0) {
    2898:	3b01      	subs	r3, #1
    289a:	b2db      	uxtb	r3, r3
    289c:	7013      	strb	r3, [r2, #0]
    289e:	2b00      	cmp	r3, #0
    28a0:	f000 8207 	beq.w	2cb2 <usb_isr+0x57e>
}
    28a4:	b003      	add	sp, #12
    28a6:	e8bd 4ff0 	ldmia.w	sp!, {r4, r5, r6, r7, r8, r9, sl, fp, lr}
		usb_midi_flush_output();
    28aa:	f000 bc77 	b.w	319c <usb_midi_flush_output>
}
    28ae:	b003      	add	sp, #12
    28b0:	e8bd 8ff0 	ldmia.w	sp!, {r4, r5, r6, r7, r8, r9, sl, fp, pc}
			usb_high_speed = 0;
    28b4:	4a44      	ldr	r2, [pc, #272]	; (29c8 <usb_isr+0x294>)
    28b6:	7013      	strb	r3, [r2, #0]
    28b8:	e7e4      	b.n	2884 <usb_isr+0x150>
			if (completestatus & endpoint0_notify_mask) {
    28ba:	4a45      	ldr	r2, [pc, #276]	; (29d0 <usb_isr+0x29c>)
			USB1_ENDPTCOMPLETE = completestatus;
    28bc:	f8c3 41bc 	str.w	r4, [r3, #444]	; 0x1bc
			if (completestatus & endpoint0_notify_mask) {
    28c0:	6813      	ldr	r3, [r2, #0]
    28c2:	421c      	tst	r4, r3
    28c4:	f040 8154 	bne.w	2b70 <usb_isr+0x43c>
			completestatus &= endpointN_notify_mask;
    28c8:	4b3c      	ldr	r3, [pc, #240]	; (29bc <usb_isr+0x288>)
    28ca:	681b      	ldr	r3, [r3, #0]
			if (completestatus) {
    28cc:	401c      	ands	r4, r3
    28ce:	d0ab      	beq.n	2828 <usb_isr+0xf4>
				while (tx) {
    28d0:	ea5f 4814 	movs.w	r8, r4, lsr #16
    28d4:	d010      	beq.n	28f8 <usb_isr+0x1c4>
    28d6:	4d37      	ldr	r5, [pc, #220]	; (29b4 <usb_isr+0x280>)
					tx &= ~(1<<p);
    28d8:	f04f 0901 	mov.w	r9, #1
					int p=__builtin_ctz(tx);
    28dc:	fa98 f7a8 	rbit	r7, r8
    28e0:	fab7 f787 	clz	r7, r7
					run_callbacks(endpoint_queue_head + p * 2 + 1);
    28e4:	eb05 10c7 	add.w	r0, r5, r7, lsl #7
					tx &= ~(1<<p);
    28e8:	fa09 f707 	lsl.w	r7, r9, r7
					run_callbacks(endpoint_queue_head + p * 2 + 1);
    28ec:	3040      	adds	r0, #64	; 0x40
    28ee:	f7ff fe87 	bl	2600 <run_callbacks>
				while (tx) {
    28f2:	ea38 0807 	bics.w	r8, r8, r7
    28f6:	d1f1      	bne.n	28dc <usb_isr+0x1a8>
				uint32_t rx = completestatus & 0xffff;
    28f8:	b2a4      	uxth	r4, r4
				while(rx) {
    28fa:	2c00      	cmp	r4, #0
    28fc:	d094      	beq.n	2828 <usb_isr+0xf4>
    28fe:	4d2d      	ldr	r5, [pc, #180]	; (29b4 <usb_isr+0x280>)
					rx &= ~(1<<p);
    2900:	f04f 0801 	mov.w	r8, #1
					int p=__builtin_ctz(rx);
    2904:	fa94 f7a4 	rbit	r7, r4
    2908:	fab7 f787 	clz	r7, r7
					run_callbacks(endpoint_queue_head + p * 2);
    290c:	eb05 10c7 	add.w	r0, r5, r7, lsl #7
					rx &= ~(1<<p);
    2910:	fa08 f707 	lsl.w	r7, r8, r7
					run_callbacks(endpoint_queue_head + p * 2);
    2914:	f7ff fe74 	bl	2600 <run_callbacks>
				while(rx) {
    2918:	43bc      	bics	r4, r7
    291a:	d1f3      	bne.n	2904 <usb_isr+0x1d0>
    291c:	e784      	b.n	2828 <usb_isr+0xf4>
	switch (setup.wRequestAndType) {
    291e:	2980      	cmp	r1, #128	; 0x80
    2920:	f000 8117 	beq.w	2b52 <usb_isr+0x41e>
    2924:	2982      	cmp	r1, #130	; 0x82
    2926:	d129      	bne.n	297c <usb_isr+0x248>
		endpoint = setup.wIndex & 0x7F;
    2928:	b283      	uxth	r3, r0
		if (endpoint > 7) break;
    292a:	f010 0078 	ands.w	r0, r0, #120	; 0x78
    292e:	d125      	bne.n	297c <usb_isr+0x248>
		endpoint = setup.wIndex & 0x7F;
    2930:	f003 027f 	and.w	r2, r3, #127	; 0x7f
		ctrl = *((uint32_t *)&USB1_ENDPTCTRL0 + endpoint);
    2934:	f859 1022 	ldr.w	r1, [r9, r2, lsl #2]
		reply_buffer[0] = 0;
    2938:	4a26      	ldr	r2, [pc, #152]	; (29d4 <usb_isr+0x2a0>)
    293a:	8010      	strh	r0, [r2, #0]
		if ((dir && (ctrl & USB_ENDPTCTRL_TXS)) || (!dir && (ctrl & USB_ENDPTCTRL_RXS))) {
    293c:	0618      	lsls	r0, r3, #24
    293e:	f140 8113 	bpl.w	2b68 <usb_isr+0x434>
    2942:	03c9      	lsls	r1, r1, #15
    2944:	d501      	bpl.n	294a <usb_isr+0x216>
			reply_buffer[0] = 1;
    2946:	2301      	movs	r3, #1
    2948:	7013      	strb	r3, [r2, #0]
		endpoint0_transmit(reply_buffer, 2, 0);
    294a:	2102      	movs	r1, #2
    294c:	4821      	ldr	r0, [pc, #132]	; (29d4 <usb_isr+0x2a0>)
    294e:	f7ff fe73 	bl	2638 <endpoint0_transmit.constprop.0>
			setupstatus = USB1_ENDPTSETUPSTAT; // page 3175
    2952:	f8d4 31ac 	ldr.w	r3, [r4, #428]	; 0x1ac
		while (setupstatus) {
    2956:	2b00      	cmp	r3, #0
    2958:	f47f af04 	bne.w	2764 <usb_isr+0x30>
    295c:	e75f      	b.n	281e <usb_isr+0xea>
	switch (setup.wRequestAndType) {
    295e:	f5b1 6f10 	cmp.w	r1, #2304	; 0x900
    2962:	f000 80a6 	beq.w	2ab2 <usb_isr+0x37e>
    2966:	d913      	bls.n	2990 <usb_isr+0x25c>
    2968:	f640 1c21 	movw	ip, #2337	; 0x921
    296c:	4561      	cmp	r1, ip
    296e:	d105      	bne.n	297c <usb_isr+0x248>
		if (setup.wLength <= sizeof(endpoint0_buffer)) {
    2970:	f5b0 2f10 	cmp.w	r0, #589824	; 0x90000
    2974:	ea4f 4110 	mov.w	r1, r0, lsr #16
    2978:	f0c0 812a 	bcc.w	2bd0 <usb_isr+0x49c>
	USB1_ENDPTCTRL0 = 0x000010001; // stall
    297c:	f04f 1301 	mov.w	r3, #65537	; 0x10001
    2980:	f8c4 31c0 	str.w	r3, [r4, #448]	; 0x1c0
			setupstatus = USB1_ENDPTSETUPSTAT; // page 3175
    2984:	f8d4 31ac 	ldr.w	r3, [r4, #428]	; 0x1ac
		while (setupstatus) {
    2988:	2b00      	cmp	r3, #0
    298a:	f47f aeeb 	bne.w	2764 <usb_isr+0x30>
    298e:	e746      	b.n	281e <usb_isr+0xea>
	switch (setup.wRequestAndType) {
    2990:	f240 6381 	movw	r3, #1665	; 0x681
    2994:	4299      	cmp	r1, r3
    2996:	d84f      	bhi.n	2a38 <usb_isr+0x304>
    2998:	f5b1 6fd0 	cmp.w	r1, #1664	; 0x680
    299c:	d3ee      	bcc.n	297c <usb_isr+0x248>
		for (list = usb_descriptor_list; list->addr != NULL; list++) {
    299e:	4b0e      	ldr	r3, [pc, #56]	; (29d8 <usb_isr+0x2a4>)
    29a0:	6859      	ldr	r1, [r3, #4]
    29a2:	2900      	cmp	r1, #0
    29a4:	d0ea      	beq.n	297c <usb_isr+0x248>
    29a6:	ea4f 4e12 	mov.w	lr, r2, lsr #16
			if (setup.wValue == list->wValue && setup.wIndex == list->wIndex) {
    29aa:	b282      	uxth	r2, r0
    29ac:	e020      	b.n	29f0 <usb_isr+0x2bc>
    29ae:	bf00      	nop
    29b0:	402e0000 	.word	0x402e0000
    29b4:	20000000 	.word	0x20000000
    29b8:	20000ec0 	.word	0x20000ec0
    29bc:	20001300 	.word	0x20001300
    29c0:	20001fc4 	.word	0x20001fc4
    29c4:	20001fc8 	.word	0x20001fc8
    29c8:	20001fe5 	.word	0x20001fe5
    29cc:	20001feb 	.word	0x20001feb
    29d0:	200012fc 	.word	0x200012fc
    29d4:	20001db4 	.word	0x20001db4
    29d8:	200005d0 	.word	0x200005d0
    29dc:	200022f4 	.word	0x200022f4
    29e0:	20001fe4 	.word	0x20001fe4
    29e4:	402e01c0 	.word	0x402e01c0
		for (list = usb_descriptor_list; list->addr != NULL; list++) {
    29e8:	6919      	ldr	r1, [r3, #16]
    29ea:	330c      	adds	r3, #12
    29ec:	2900      	cmp	r1, #0
    29ee:	d0c5      	beq.n	297c <usb_isr+0x248>
			if (setup.wValue == list->wValue && setup.wIndex == list->wIndex) {
    29f0:	f8b3 c000 	ldrh.w	ip, [r3]
    29f4:	45f4      	cmp	ip, lr
    29f6:	d1f7      	bne.n	29e8 <usb_isr+0x2b4>
    29f8:	f8b3 c002 	ldrh.w	ip, [r3, #2]
    29fc:	4594      	cmp	ip, r2
    29fe:	d1f3      	bne.n	29e8 <usb_isr+0x2b4>
				if ((setup.wValue >> 8) == 3) {
    2a00:	ea4f 221e 	mov.w	r2, lr, lsr #8
    2a04:	2a03      	cmp	r2, #3
    2a06:	f000 80c8 	beq.w	2b9a <usb_isr+0x466>
					datalen = list->length;
    2a0a:	891a      	ldrh	r2, [r3, #8]
				if (datalen > setup.wLength) datalen = setup.wLength;
    2a0c:	0c00      	lsrs	r0, r0, #16
    2a0e:	4282      	cmp	r2, r0
    2a10:	bf28      	it	cs
    2a12:	4602      	movcs	r2, r0
				if (setup.wValue == 0x200) {
    2a14:	f5be 7f00 	cmp.w	lr, #512	; 0x200
    2a18:	f040 80c4 	bne.w	2ba4 <usb_isr+0x470>
					if (usb_high_speed) src = usb_config_descriptor_480;
    2a1c:	4ba7      	ldr	r3, [pc, #668]	; (2cbc <usb_isr+0x588>)
    2a1e:	49a8      	ldr	r1, [pc, #672]	; (2cc0 <usb_isr+0x58c>)
    2a20:	7818      	ldrb	r0, [r3, #0]
    2a22:	4ba8      	ldr	r3, [pc, #672]	; (2cc4 <usb_isr+0x590>)
					memcpy(usb_descriptor_buffer, src, datalen);
    2a24:	9200      	str	r2, [sp, #0]
    2a26:	2800      	cmp	r0, #0
    2a28:	bf18      	it	ne
    2a2a:	4619      	movne	r1, r3
    2a2c:	48a6      	ldr	r0, [pc, #664]	; (2cc8 <usb_isr+0x594>)
    2a2e:	f7ff fb59 	bl	20e4 <memcpy>
    2a32:	4ba5      	ldr	r3, [pc, #660]	; (2cc8 <usb_isr+0x594>)
    2a34:	9a00      	ldr	r2, [sp, #0]
    2a36:	e114      	b.n	2c62 <usb_isr+0x52e>
	switch (setup.wRequestAndType) {
    2a38:	f5b1 6f08 	cmp.w	r1, #2176	; 0x880
    2a3c:	d19e      	bne.n	297c <usb_isr+0x248>
		reply_buffer[0] = usb_configuration;
    2a3e:	f898 3000 	ldrb.w	r3, [r8]
		endpoint0_transmit(reply_buffer, 1, 0);
    2a42:	2101      	movs	r1, #1
		reply_buffer[0] = usb_configuration;
    2a44:	48a1      	ldr	r0, [pc, #644]	; (2ccc <usb_isr+0x598>)
    2a46:	7003      	strb	r3, [r0, #0]
		endpoint0_transmit(reply_buffer, 1, 0);
    2a48:	f7ff fdf6 	bl	2638 <endpoint0_transmit.constprop.0>
			setupstatus = USB1_ENDPTSETUPSTAT; // page 3175
    2a4c:	f8d4 31ac 	ldr.w	r3, [r4, #428]	; 0x1ac
		while (setupstatus) {
    2a50:	2b00      	cmp	r3, #0
    2a52:	f47f ae87 	bne.w	2764 <usb_isr+0x30>
    2a56:	e6e2      	b.n	281e <usb_isr+0xea>
		if (endpoint > 7) break;
    2a58:	f010 0f78 	tst.w	r0, #120	; 0x78
    2a5c:	b283      	uxth	r3, r0
    2a5e:	d18d      	bne.n	297c <usb_isr+0x248>
		endpoint = setup.wIndex & 0x7F;
    2a60:	f003 027f 	and.w	r2, r3, #127	; 0x7f
		if (dir) {
    2a64:	f013 0f80 	tst.w	r3, #128	; 0x80
			*((volatile uint32_t *)&USB1_ENDPTCTRL0 + endpoint) &= ~USB_ENDPTCTRL_TXS;
    2a68:	f859 3022 	ldr.w	r3, [r9, r2, lsl #2]
    2a6c:	bf14      	ite	ne
    2a6e:	f423 3380 	bicne.w	r3, r3, #65536	; 0x10000
			*((volatile uint32_t *)&USB1_ENDPTCTRL0 + endpoint) &= ~USB_ENDPTCTRL_RXS;
    2a72:	f023 0301 	biceq.w	r3, r3, #1
    2a76:	f849 3022 	str.w	r3, [r9, r2, lsl #2]
	endpoint0_transfer_ack.pointer0 = 0;
    2a7a:	2300      	movs	r3, #0
	endpoint_queue_head[1].next = (uint32_t)&endpoint0_transfer_ack;
    2a7c:	64af      	str	r7, [r5, #72]	; 0x48
	endpoint_queue_head[1].status = 0;
    2a7e:	64eb      	str	r3, [r5, #76]	; 0x4c
	endpoint0_transfer_ack.pointer0 = 0;
    2a80:	60bb      	str	r3, [r7, #8]
	endpoint0_transfer_ack.next = 1;
    2a82:	2301      	movs	r3, #1
    2a84:	603b      	str	r3, [r7, #0]
	endpoint0_transfer_ack.status = (1<<7) | (notify ? (1 << 15) : 0);
    2a86:	2380      	movs	r3, #128	; 0x80
    2a88:	607b      	str	r3, [r7, #4]
	USB1_ENDPTCOMPLETE = (1<<0) | (1<<16);
    2a8a:	f04f 1301 	mov.w	r3, #65537	; 0x10001
    2a8e:	f8c4 31bc 	str.w	r3, [r4, #444]	; 0x1bc
	USB1_ENDPTPRIME |= (1<<16);
    2a92:	f8d4 31b0 	ldr.w	r3, [r4, #432]	; 0x1b0
    2a96:	f443 3380 	orr.w	r3, r3, #65536	; 0x10000
    2a9a:	f8c4 31b0 	str.w	r3, [r4, #432]	; 0x1b0
	while (USB1_ENDPTPRIME) ;
    2a9e:	f8d4 31b0 	ldr.w	r3, [r4, #432]	; 0x1b0
    2aa2:	2b00      	cmp	r3, #0
    2aa4:	d1fb      	bne.n	2a9e <usb_isr+0x36a>
			setupstatus = USB1_ENDPTSETUPSTAT; // page 3175
    2aa6:	f8d4 31ac 	ldr.w	r3, [r4, #428]	; 0x1ac
		while (setupstatus) {
    2aaa:	2b00      	cmp	r3, #0
    2aac:	f47f ae5a 	bne.w	2764 <usb_isr+0x30>
    2ab0:	e6b5      	b.n	281e <usb_isr+0xea>
		usb_configuration = setup.wValue;
    2ab2:	f3c2 4207 	ubfx	r2, r2, #16, #8
    2ab6:	9300      	str	r3, [sp, #0]
    2ab8:	f888 2000 	strb.w	r2, [r8]
		USB1_ENDPTCTRL2 = ENDPOINT2_CONFIG;
    2abc:	f04f 12cc 	mov.w	r2, #13369548	; 0xcc00cc
    2ac0:	f8c4 21c8 	str.w	r2, [r4, #456]	; 0x1c8
		USB1_ENDPTCTRL3 = ENDPOINT3_CONFIG;
    2ac4:	f04f 12c8 	mov.w	r2, #13107400	; 0xc800c8
    2ac8:	f8c4 21cc 	str.w	r2, [r4, #460]	; 0x1cc
		usb_seremu_configure();
    2acc:	f000 fe42 	bl	3754 <usb_seremu_configure>
		usb_midi_configure();
    2ad0:	f000 fafa 	bl	30c8 <usb_midi_configure>
	endpoint0_transfer_ack.next = 1;
    2ad4:	2201      	movs	r2, #1
	endpoint_queue_head[1].status = 0;
    2ad6:	9b00      	ldr	r3, [sp, #0]
	endpoint0_transfer_ack.next = 1;
    2ad8:	603a      	str	r2, [r7, #0]
	endpoint0_transfer_ack.status = (1<<7) | (notify ? (1 << 15) : 0);
    2ada:	2280      	movs	r2, #128	; 0x80
	endpoint_queue_head[1].next = (uint32_t)&endpoint0_transfer_ack;
    2adc:	64af      	str	r7, [r5, #72]	; 0x48
	endpoint0_transfer_ack.status = (1<<7) | (notify ? (1 << 15) : 0);
    2ade:	607a      	str	r2, [r7, #4]
	USB1_ENDPTCOMPLETE = (1<<0) | (1<<16);
    2ae0:	f04f 1201 	mov.w	r2, #65537	; 0x10001
	endpoint_queue_head[1].status = 0;
    2ae4:	64eb      	str	r3, [r5, #76]	; 0x4c
	endpoint0_transfer_ack.pointer0 = 0;
    2ae6:	60bb      	str	r3, [r7, #8]
	USB1_ENDPTCOMPLETE = (1<<0) | (1<<16);
    2ae8:	f8c4 21bc 	str.w	r2, [r4, #444]	; 0x1bc
	USB1_ENDPTPRIME |= (1<<16);
    2aec:	f8d4 21b0 	ldr.w	r2, [r4, #432]	; 0x1b0
    2af0:	f442 3280 	orr.w	r2, r2, #65536	; 0x10000
    2af4:	f8c4 21b0 	str.w	r2, [r4, #432]	; 0x1b0
	endpoint0_notify_mask = (notify ? (1 << 16) : 0);
    2af8:	f8cb 3000 	str.w	r3, [fp]
	while (USB1_ENDPTPRIME) ;
    2afc:	f8d4 31b0 	ldr.w	r3, [r4, #432]	; 0x1b0
    2b00:	2b00      	cmp	r3, #0
    2b02:	d1fb      	bne.n	2afc <usb_isr+0x3c8>
			setupstatus = USB1_ENDPTSETUPSTAT; // page 3175
    2b04:	f8d4 31ac 	ldr.w	r3, [r4, #428]	; 0x1ac
		while (setupstatus) {
    2b08:	2b00      	cmp	r3, #0
    2b0a:	f47f ae2b 	bne.w	2764 <usb_isr+0x30>
    2b0e:	e686      	b.n	281e <usb_isr+0xea>
	endpoint_queue_head[1].status = 0;
    2b10:	e9c5 7312 	strd	r7, r3, [r5, #72]	; 0x48
	endpoint0_transfer_ack.pointer0 = 0;
    2b14:	60bb      	str	r3, [r7, #8]
	endpoint0_transfer_ack.next = 1;
    2b16:	2301      	movs	r3, #1
    2b18:	603b      	str	r3, [r7, #0]
	endpoint0_transfer_ack.status = (1<<7) | (notify ? (1 << 15) : 0);
    2b1a:	2380      	movs	r3, #128	; 0x80
    2b1c:	607b      	str	r3, [r7, #4]
	USB1_ENDPTCOMPLETE = (1<<0) | (1<<16);
    2b1e:	f04f 1301 	mov.w	r3, #65537	; 0x10001
    2b22:	f8c4 31bc 	str.w	r3, [r4, #444]	; 0x1bc
	USB1_ENDPTPRIME |= (1<<16);
    2b26:	f8d4 31b0 	ldr.w	r3, [r4, #432]	; 0x1b0
    2b2a:	f443 3380 	orr.w	r3, r3, #65536	; 0x10000
    2b2e:	f8c4 31b0 	str.w	r3, [r4, #432]	; 0x1b0
	while (USB1_ENDPTPRIME) ;
    2b32:	f8d4 31b0 	ldr.w	r3, [r4, #432]	; 0x1b0
    2b36:	2b00      	cmp	r3, #0
    2b38:	d1fb      	bne.n	2b32 <usb_isr+0x3fe>
		USB1_DEVICEADDR = USB_DEVICEADDR_USBADR(setup.wValue) | USB_DEVICEADDR_USBADRA;
    2b3a:	0c13      	lsrs	r3, r2, #16
    2b3c:	065b      	lsls	r3, r3, #25
    2b3e:	f043 7380 	orr.w	r3, r3, #16777216	; 0x1000000
    2b42:	f8c4 3154 	str.w	r3, [r4, #340]	; 0x154
			setupstatus = USB1_ENDPTSETUPSTAT; // page 3175
    2b46:	f8d4 31ac 	ldr.w	r3, [r4, #428]	; 0x1ac
		while (setupstatus) {
    2b4a:	2b00      	cmp	r3, #0
    2b4c:	f47f ae0a 	bne.w	2764 <usb_isr+0x30>
    2b50:	e665      	b.n	281e <usb_isr+0xea>
		reply_buffer[0] = 0;
    2b52:	485e      	ldr	r0, [pc, #376]	; (2ccc <usb_isr+0x598>)
		endpoint0_transmit(reply_buffer, 2, 0);
    2b54:	2102      	movs	r1, #2
		reply_buffer[0] = 0;
    2b56:	8003      	strh	r3, [r0, #0]
		endpoint0_transmit(reply_buffer, 2, 0);
    2b58:	f7ff fd6e 	bl	2638 <endpoint0_transmit.constprop.0>
			setupstatus = USB1_ENDPTSETUPSTAT; // page 3175
    2b5c:	f8d4 31ac 	ldr.w	r3, [r4, #428]	; 0x1ac
		while (setupstatus) {
    2b60:	2b00      	cmp	r3, #0
    2b62:	f47f adff 	bne.w	2764 <usb_isr+0x30>
    2b66:	e65a      	b.n	281e <usb_isr+0xea>
		if ((dir && (ctrl & USB_ENDPTCTRL_TXS)) || (!dir && (ctrl & USB_ENDPTCTRL_RXS))) {
    2b68:	07cb      	lsls	r3, r1, #31
    2b6a:	f57f aeee 	bpl.w	294a <usb_isr+0x216>
    2b6e:	e6ea      	b.n	2946 <usb_isr+0x212>
	setup.bothwords = endpoint0_setupdata.bothwords;
    2b70:	4b57      	ldr	r3, [pc, #348]	; (2cd0 <usb_isr+0x59c>)
				endpoint0_notify_mask = 0;
    2b72:	2100      	movs	r1, #0
    2b74:	6011      	str	r1, [r2, #0]
	setup.bothwords = endpoint0_setupdata.bothwords;
    2b76:	e9d3 2100 	ldrd	r2, r1, [r3]
	if (setup.word1 == 0x03000921 && setup.word2 == ((4<<16)|SEREMU_INTERFACE)) {
    2b7a:	4b56      	ldr	r3, [pc, #344]	; (2cd4 <usb_isr+0x5a0>)
    2b7c:	429a      	cmp	r2, r3
    2b7e:	f47f aea3 	bne.w	28c8 <usb_isr+0x194>
    2b82:	4b55      	ldr	r3, [pc, #340]	; (2cd8 <usb_isr+0x5a4>)
    2b84:	4299      	cmp	r1, r3
    2b86:	f47f ae9f 	bne.w	28c8 <usb_isr+0x194>
		if (endpoint0_buffer[0] == 0xA9 && endpoint0_buffer[1] == 0x45
    2b8a:	4b54      	ldr	r3, [pc, #336]	; (2cdc <usb_isr+0x5a8>)
    2b8c:	781a      	ldrb	r2, [r3, #0]
    2b8e:	2aa9      	cmp	r2, #169	; 0xa9
    2b90:	d07c      	beq.n	2c8c <usb_isr+0x558>
			usb_seremu_online = 1;
    2b92:	4b53      	ldr	r3, [pc, #332]	; (2ce0 <usb_isr+0x5ac>)
    2b94:	2201      	movs	r2, #1
    2b96:	701a      	strb	r2, [r3, #0]
    2b98:	e696      	b.n	28c8 <usb_isr+0x194>
				if (datalen > setup.wLength) datalen = setup.wLength;
    2b9a:	0c00      	lsrs	r0, r0, #16
					datalen = *(list->addr);
    2b9c:	780a      	ldrb	r2, [r1, #0]
    2b9e:	4282      	cmp	r2, r0
    2ba0:	bf28      	it	cs
    2ba2:	4602      	movcs	r2, r0
				} else if (setup.wValue == 0x700) {
    2ba4:	f5be 6fe0 	cmp.w	lr, #1792	; 0x700
    2ba8:	d153      	bne.n	2c52 <usb_isr+0x51e>
					if (usb_high_speed) src = usb_config_descriptor_12;
    2baa:	4b44      	ldr	r3, [pc, #272]	; (2cbc <usb_isr+0x588>)
    2bac:	4844      	ldr	r0, [pc, #272]	; (2cc0 <usb_isr+0x58c>)
    2bae:	f893 c000 	ldrb.w	ip, [r3]
    2bb2:	4944      	ldr	r1, [pc, #272]	; (2cc4 <usb_isr+0x590>)
					memcpy(usb_descriptor_buffer, src, datalen);
    2bb4:	4b44      	ldr	r3, [pc, #272]	; (2cc8 <usb_isr+0x594>)
    2bb6:	f1bc 0f00 	cmp.w	ip, #0
    2bba:	bf18      	it	ne
    2bbc:	4601      	movne	r1, r0
    2bbe:	9200      	str	r2, [sp, #0]
    2bc0:	4618      	mov	r0, r3
    2bc2:	f7ff fa8f 	bl	20e4 <memcpy>
					usb_descriptor_buffer[1] = 7;
    2bc6:	2107      	movs	r1, #7
					memcpy(usb_descriptor_buffer, src, datalen);
    2bc8:	4603      	mov	r3, r0
					usb_descriptor_buffer[1] = 7;
    2bca:	7041      	strb	r1, [r0, #1]
    2bcc:	9a00      	ldr	r2, [sp, #0]
    2bce:	e048      	b.n	2c62 <usb_isr+0x52e>
			endpoint0_setupdata.bothwords = setup.bothwords;
    2bd0:	f8df c0fc 	ldr.w	ip, [pc, #252]	; 2cd0 <usb_isr+0x59c>
    2bd4:	e9cc 2000 	strd	r2, r0, [ip]
			endpoint0_buffer[0] = 0xE9;
    2bd8:	4840      	ldr	r0, [pc, #256]	; (2cdc <usb_isr+0x5a8>)
    2bda:	22e9      	movs	r2, #233	; 0xe9
    2bdc:	7002      	strb	r2, [r0, #0]
	if (len > 0) {
    2bde:	b1e1      	cbz	r1, 2c1a <usb_isr+0x4e6>
		endpoint_queue_head[0].status = 0;
    2be0:	60eb      	str	r3, [r5, #12]
		endpoint0_transfer_data.status = (len << 16) | (1<<7);
    2be2:	040b      	lsls	r3, r1, #16
		endpoint0_transfer_data.next = 1;
    2be4:	4a3f      	ldr	r2, [pc, #252]	; (2ce4 <usb_isr+0x5b0>)
		endpoint0_transfer_data.status = (len << 16) | (1<<7);
    2be6:	f043 0380 	orr.w	r3, r3, #128	; 0x80
		endpoint_queue_head[0].next = (uint32_t)&endpoint0_transfer_data;
    2bea:	60aa      	str	r2, [r5, #8]
		endpoint0_transfer_data.status = (len << 16) | (1<<7);
    2bec:	6053      	str	r3, [r2, #4]
		endpoint0_transfer_data.pointer2 = addr + 8192;
    2bee:	4b3e      	ldr	r3, [pc, #248]	; (2ce8 <usb_isr+0x5b4>)
    2bf0:	6113      	str	r3, [r2, #16]
		endpoint0_transfer_data.next = 1;
    2bf2:	2301      	movs	r3, #1
		endpoint0_transfer_data.pointer1 = addr + 4096;
    2bf4:	e9c2 0a02 	strd	r0, sl, [r2, #8]
		endpoint0_transfer_data.next = 1;
    2bf8:	6013      	str	r3, [r2, #0]
		USB1_ENDPTPRIME |= (1<<0);
    2bfa:	f8d4 31b0 	ldr.w	r3, [r4, #432]	; 0x1b0
    2bfe:	f043 0301 	orr.w	r3, r3, #1
    2c02:	f8c4 31b0 	str.w	r3, [r4, #432]	; 0x1b0
		endpoint0_transfer_data.pointer3 = addr + 12288;
    2c06:	f500 5340 	add.w	r3, r0, #12288	; 0x3000
		endpoint0_transfer_data.pointer4 = addr + 16384;
    2c0a:	f500 4080 	add.w	r0, r0, #16384	; 0x4000
		endpoint0_transfer_data.pointer3 = addr + 12288;
    2c0e:	6153      	str	r3, [r2, #20]
		endpoint0_transfer_data.pointer4 = addr + 16384;
    2c10:	6190      	str	r0, [r2, #24]
		while (USB1_ENDPTPRIME) ;
    2c12:	f8d4 31b0 	ldr.w	r3, [r4, #432]	; 0x1b0
    2c16:	2b00      	cmp	r3, #0
    2c18:	d1fb      	bne.n	2c12 <usb_isr+0x4de>
	endpoint0_transfer_ack.pointer0 = 0;
    2c1a:	2300      	movs	r3, #0
	endpoint_queue_head[1].next = (uint32_t)&endpoint0_transfer_ack;
    2c1c:	64af      	str	r7, [r5, #72]	; 0x48
	endpoint_queue_head[1].status = 0;
    2c1e:	64eb      	str	r3, [r5, #76]	; 0x4c
	endpoint0_transfer_ack.pointer0 = 0;
    2c20:	60bb      	str	r3, [r7, #8]
	endpoint0_transfer_ack.next = 1;
    2c22:	2301      	movs	r3, #1
    2c24:	603b      	str	r3, [r7, #0]
	endpoint0_transfer_ack.status = (1<<7) | (notify ? (1 << 15) : 0);
    2c26:	f248 0380 	movw	r3, #32896	; 0x8080
    2c2a:	607b      	str	r3, [r7, #4]
	USB1_ENDPTCOMPLETE = (1<<0) | (1<<16);
    2c2c:	f04f 1301 	mov.w	r3, #65537	; 0x10001
    2c30:	f8c4 31bc 	str.w	r3, [r4, #444]	; 0x1bc
	USB1_ENDPTPRIME |= (1<<16);
    2c34:	f8d4 31b0 	ldr.w	r3, [r4, #432]	; 0x1b0
    2c38:	f443 3380 	orr.w	r3, r3, #65536	; 0x10000
    2c3c:	f8c4 31b0 	str.w	r3, [r4, #432]	; 0x1b0
	endpoint0_notify_mask = (notify ? (1 << 16) : 0);
    2c40:	f44f 3380 	mov.w	r3, #65536	; 0x10000
    2c44:	f8cb 3000 	str.w	r3, [fp]
	while (USB1_ENDPTPRIME) ;
    2c48:	f8d4 31b0 	ldr.w	r3, [r4, #432]	; 0x1b0
    2c4c:	2b00      	cmp	r3, #0
    2c4e:	d1fb      	bne.n	2c48 <usb_isr+0x514>
    2c50:	e5e1      	b.n	2816 <usb_isr+0xe2>
					memcpy(usb_descriptor_buffer, list->addr, datalen);
    2c52:	4b1d      	ldr	r3, [pc, #116]	; (2cc8 <usb_isr+0x594>)
    2c54:	4618      	mov	r0, r3
    2c56:	e9cd 2300 	strd	r2, r3, [sp]
    2c5a:	f7ff fa43 	bl	20e4 <memcpy>
    2c5e:	e9dd 2300 	ldrd	r2, r3, [sp]
	uint32_t location = (uint32_t)addr & 0xFFFFFFE0;
    2c62:	f023 011f 	bic.w	r1, r3, #31
	uint32_t end_addr = (uint32_t)addr + size;
    2c66:	4413      	add	r3, r2
	asm("dsb");
    2c68:	f3bf 8f4f 	dsb	sy
		SCB_CACHE_DCCIMVAC = location;
    2c6c:	f04f 20e0 	mov.w	r0, #3758153728	; 0xe000e000
    2c70:	f8c0 1f70 	str.w	r1, [r0, #3952]	; 0xf70
		location += 32;
    2c74:	3120      	adds	r1, #32
	} while (location < end_addr);
    2c76:	428b      	cmp	r3, r1
    2c78:	d8fa      	bhi.n	2c70 <usb_isr+0x53c>
	asm("dsb");
    2c7a:	f3bf 8f4f 	dsb	sy
	asm("isb");
    2c7e:	f3bf 8f6f 	isb	sy
				endpoint0_transmit(usb_descriptor_buffer, datalen, 0);
    2c82:	4811      	ldr	r0, [pc, #68]	; (2cc8 <usb_isr+0x594>)
    2c84:	4611      	mov	r1, r2
    2c86:	f7ff fcd7 	bl	2638 <endpoint0_transmit.constprop.0>
				return;
    2c8a:	e5c4      	b.n	2816 <usb_isr+0xe2>
		if (endpoint0_buffer[0] == 0xA9 && endpoint0_buffer[1] == 0x45
    2c8c:	785a      	ldrb	r2, [r3, #1]
    2c8e:	2a45      	cmp	r2, #69	; 0x45
    2c90:	f47f af7f 	bne.w	2b92 <usb_isr+0x45e>
		  && endpoint0_buffer[2] == 0xC2 && endpoint0_buffer[3] == 0x6B) {
    2c94:	789a      	ldrb	r2, [r3, #2]
    2c96:	2ac2      	cmp	r2, #194	; 0xc2
    2c98:	f47f af7b 	bne.w	2b92 <usb_isr+0x45e>
    2c9c:	78db      	ldrb	r3, [r3, #3]
    2c9e:	2b6b      	cmp	r3, #107	; 0x6b
    2ca0:	f47f af77 	bne.w	2b92 <usb_isr+0x45e>
			usb_start_sof_interrupts(NUM_INTERFACE);
    2ca4:	2002      	movs	r0, #2
    2ca6:	f7ff fd13 	bl	26d0 <usb_start_sof_interrupts>
			usb_reboot_timer = 80; // TODO: 10 if only 12 Mbit/sec
    2caa:	4b10      	ldr	r3, [pc, #64]	; (2cec <usb_isr+0x5b8>)
    2cac:	2250      	movs	r2, #80	; 0x50
    2cae:	701a      	strb	r2, [r3, #0]
    2cb0:	e60a      	b.n	28c8 <usb_isr+0x194>
				usb_stop_sof_interrupts(NUM_INTERFACE);
    2cb2:	2002      	movs	r0, #2
    2cb4:	f7ff fd28 	bl	2708 <usb_stop_sof_interrupts>
				_reboot_Teensyduino_();
    2cb8:	f001 fc12 	bl	44e0 <___reboot_Teensyduino__veneer>
    2cbc:	20001fe5 	.word	0x20001fe5
    2cc0:	60001d44 	.word	0x60001d44
    2cc4:	60001db8 	.word	0x60001db8
    2cc8:	20200000 	.word	0x20200000
    2ccc:	20001db4 	.word	0x20001db4
    2cd0:	200012c0 	.word	0x200012c0
    2cd4:	03000921 	.word	0x03000921
    2cd8:	00040001 	.word	0x00040001
    2cdc:	200012f4 	.word	0x200012f4
    2ce0:	20001fec 	.word	0x20001fec
    2ce4:	20000ee0 	.word	0x20000ee0
    2ce8:	200032f4 	.word	0x200032f4
    2cec:	20001feb 	.word	0x20001feb

00002cf0 <usb_config_rx>:
{
    2cf0:	e92d 47f0 	stmdb	sp!, {r4, r5, r6, r7, r8, r9, sl, lr}
    2cf4:	461f      	mov	r7, r3
	if (ep < 2 || ep > NUM_ENDPOINTS) return;
    2cf6:	1e83      	subs	r3, r0, #2
    2cf8:	2b02      	cmp	r3, #2
    2cfa:	d901      	bls.n	2d00 <usb_config_rx+0x10>
}
    2cfc:	e8bd 87f0 	ldmia.w	sp!, {r4, r5, r6, r7, r8, r9, sl, pc}
	usb_endpoint_config(endpoint_queue_head + ep * 2, config, cb);
    2d00:	f8df 904c 	ldr.w	r9, [pc, #76]	; 2d50 <usb_config_rx+0x60>
    2d04:	4615      	mov	r5, r2
    2d06:	460c      	mov	r4, r1
	memset(qh, 0, sizeof(endpoint_t));
    2d08:	223c      	movs	r2, #60	; 0x3c
	usb_endpoint_config(endpoint_queue_head + ep * 2, config, cb);
    2d0a:	eb09 18c0 	add.w	r8, r9, r0, lsl #7
	memset(qh, 0, sizeof(endpoint_t));
    2d0e:	4606      	mov	r6, r0
	usb_endpoint_config(endpoint_queue_head + ep * 2, config, cb);
    2d10:	ea4f 1ac0 	mov.w	sl, r0, lsl #7
	memset(qh, 0, sizeof(endpoint_t));
    2d14:	2100      	movs	r1, #0
    2d16:	f108 0004 	add.w	r0, r8, #4
	uint32_t config = (packet_size << 16) | (do_zlp ? 0 : (1 << 29));
    2d1a:	0424      	lsls	r4, r4, #16
	memset(qh, 0, sizeof(endpoint_t));
    2d1c:	f001 fb6a 	bl	43f4 <memset>
	uint32_t config = (packet_size << 16) | (do_zlp ? 0 : (1 << 29));
    2d20:	fab5 f285 	clz	r2, r5
	qh->next = 1; // Terminate bit = 1
    2d24:	2301      	movs	r3, #1
	uint32_t config = (packet_size << 16) | (do_zlp ? 0 : (1 << 29));
    2d26:	0952      	lsrs	r2, r2, #5
    2d28:	ea44 7442 	orr.w	r4, r4, r2, lsl #29
	qh->config = config;
    2d2c:	f849 400a 	str.w	r4, [r9, sl]
	qh->callback_function = callback;
    2d30:	f8c8 7038 	str.w	r7, [r8, #56]	; 0x38
	qh->next = 1; // Terminate bit = 1
    2d34:	f8c8 3008 	str.w	r3, [r8, #8]
	if (cb) endpointN_notify_mask |= (1 << ep);
    2d38:	2f00      	cmp	r7, #0
    2d3a:	d0df      	beq.n	2cfc <usb_config_rx+0xc>
    2d3c:	4a03      	ldr	r2, [pc, #12]	; (2d4c <usb_config_rx+0x5c>)
    2d3e:	40b3      	lsls	r3, r6
    2d40:	6811      	ldr	r1, [r2, #0]
    2d42:	430b      	orrs	r3, r1
    2d44:	6013      	str	r3, [r2, #0]
}
    2d46:	e8bd 87f0 	ldmia.w	sp!, {r4, r5, r6, r7, r8, r9, sl, pc}
    2d4a:	bf00      	nop
    2d4c:	20001300 	.word	0x20001300
    2d50:	20000000 	.word	0x20000000

00002d54 <usb_config_tx>:
{
    2d54:	e92d 47f0 	stmdb	sp!, {r4, r5, r6, r7, r8, r9, sl, lr}
    2d58:	460d      	mov	r5, r1
	if (ep < 2 || ep > NUM_ENDPOINTS) return;
    2d5a:	1e81      	subs	r1, r0, #2
    2d5c:	2902      	cmp	r1, #2
    2d5e:	d901      	bls.n	2d64 <usb_config_tx+0x10>
}
    2d60:	e8bd 87f0 	ldmia.w	sp!, {r4, r5, r6, r7, r8, r9, sl, pc}
	usb_endpoint_config(endpoint_queue_head + ep * 2 + 1, config, cb);
    2d64:	01c7      	lsls	r7, r0, #7
    2d66:	f8df 904c 	ldr.w	r9, [pc, #76]	; 2db4 <usb_config_tx+0x60>
    2d6a:	4692      	mov	sl, r2
    2d6c:	4604      	mov	r4, r0
    2d6e:	3740      	adds	r7, #64	; 0x40
	memset(qh, 0, sizeof(endpoint_t));
    2d70:	223c      	movs	r2, #60	; 0x3c
    2d72:	2100      	movs	r1, #0
    2d74:	461e      	mov	r6, r3
	usb_endpoint_config(endpoint_queue_head + ep * 2 + 1, config, cb);
    2d76:	eb09 0807 	add.w	r8, r9, r7
	uint32_t config = (packet_size << 16) | (do_zlp ? 0 : (1 << 29));
    2d7a:	042d      	lsls	r5, r5, #16
	memset(qh, 0, sizeof(endpoint_t));
    2d7c:	f108 0004 	add.w	r0, r8, #4
    2d80:	f001 fb38 	bl	43f4 <memset>
	uint32_t config = (packet_size << 16) | (do_zlp ? 0 : (1 << 29));
    2d84:	faba f28a 	clz	r2, sl
    2d88:	0952      	lsrs	r2, r2, #5
    2d8a:	ea45 7242 	orr.w	r2, r5, r2, lsl #29
	qh->config = config;
    2d8e:	f849 2007 	str.w	r2, [r9, r7]
	qh->next = 1; // Terminate bit = 1
    2d92:	2201      	movs	r2, #1
	qh->callback_function = callback;
    2d94:	f8c8 6038 	str.w	r6, [r8, #56]	; 0x38
	qh->next = 1; // Terminate bit = 1
    2d98:	f8c8 2008 	str.w	r2, [r8, #8]
	if (cb) endpointN_notify_mask |= (1 << (ep + 16));
    2d9c:	2e00      	cmp	r6, #0
    2d9e:	d0df      	beq.n	2d60 <usb_config_tx+0xc>
    2da0:	4b03      	ldr	r3, [pc, #12]	; (2db0 <usb_config_tx+0x5c>)
    2da2:	3410      	adds	r4, #16
    2da4:	6819      	ldr	r1, [r3, #0]
    2da6:	40a2      	lsls	r2, r4
    2da8:	430a      	orrs	r2, r1
    2daa:	601a      	str	r2, [r3, #0]
}
    2dac:	e8bd 87f0 	ldmia.w	sp!, {r4, r5, r6, r7, r8, r9, sl, pc}
    2db0:	20001300 	.word	0x20001300
    2db4:	20000000 	.word	0x20000000

00002db8 <usb_prepare_transfer>:
	transfer->status = (len << 16) | (1<<7);
    2db8:	0412      	lsls	r2, r2, #16
	transfer->pointer0 = addr;
    2dba:	6081      	str	r1, [r0, #8]
	transfer->callback_param = param;
    2dbc:	61c3      	str	r3, [r0, #28]
	transfer->pointer3 = addr + 12288;
    2dbe:	f501 5340 	add.w	r3, r1, #12288	; 0x3000
	transfer->status = (len << 16) | (1<<7);
    2dc2:	f042 0280 	orr.w	r2, r2, #128	; 0x80
{
    2dc6:	b410      	push	{r4}
	transfer->next = 1;
    2dc8:	2401      	movs	r4, #1
	transfer->status = (len << 16) | (1<<7);
    2dca:	6042      	str	r2, [r0, #4]
	transfer->pointer2 = addr + 8192;
    2dcc:	f501 5200 	add.w	r2, r1, #8192	; 0x2000
	transfer->next = 1;
    2dd0:	6004      	str	r4, [r0, #0]
	transfer->pointer1 = addr + 4096;
    2dd2:	f501 5480 	add.w	r4, r1, #4096	; 0x1000
	transfer->pointer4 = addr + 16384;
    2dd6:	f501 4180 	add.w	r1, r1, #16384	; 0x4000
	transfer->pointer1 = addr + 4096;
    2dda:	60c4      	str	r4, [r0, #12]
	transfer->pointer4 = addr + 16384;
    2ddc:	6181      	str	r1, [r0, #24]
}
    2dde:	f85d 4b04 	ldr.w	r4, [sp], #4
	transfer->pointer3 = addr + 12288;
    2de2:	e9c0 2304 	strd	r2, r3, [r0, #16]
}
    2de6:	4770      	bx	lr

00002de8 <usb_transmit>:

void usb_transmit(int endpoint_number, transfer_t *transfer)
{
	if (endpoint_number < 2 || endpoint_number > NUM_ENDPOINTS) return;
    2de8:	1e83      	subs	r3, r0, #2
{
    2dea:	460a      	mov	r2, r1
	if (endpoint_number < 2 || endpoint_number > NUM_ENDPOINTS) return;
    2dec:	2b02      	cmp	r3, #2
    2dee:	d900      	bls.n	2df2 <usb_transmit+0xa>
	endpoint_t *endpoint = endpoint_queue_head + endpoint_number * 2 + 1;
	uint32_t mask = 1 << (endpoint_number + 16);
	schedule_transfer(endpoint, mask, transfer);
}
    2df0:	4770      	bx	lr
	endpoint_t *endpoint = endpoint_queue_head + endpoint_number * 2 + 1;
    2df2:	4b06      	ldr	r3, [pc, #24]	; (2e0c <usb_transmit+0x24>)
	uint32_t mask = 1 << (endpoint_number + 16);
    2df4:	f100 0110 	add.w	r1, r0, #16
    2df8:	f04f 0c01 	mov.w	ip, #1
	endpoint_t *endpoint = endpoint_queue_head + endpoint_number * 2 + 1;
    2dfc:	eb03 10c0 	add.w	r0, r3, r0, lsl #7
	schedule_transfer(endpoint, mask, transfer);
    2e00:	fa0c f101 	lsl.w	r1, ip, r1
    2e04:	3040      	adds	r0, #64	; 0x40
    2e06:	f7ff bbb7 	b.w	2578 <schedule_transfer>
    2e0a:	bf00      	nop
    2e0c:	20000000 	.word	0x20000000

00002e10 <usb_receive>:

void usb_receive(int endpoint_number, transfer_t *transfer)
{
	if (endpoint_number < 2 || endpoint_number > NUM_ENDPOINTS) return;
    2e10:	1e83      	subs	r3, r0, #2
{
    2e12:	460a      	mov	r2, r1
	if (endpoint_number < 2 || endpoint_number > NUM_ENDPOINTS) return;
    2e14:	2b02      	cmp	r3, #2
    2e16:	d900      	bls.n	2e1a <usb_receive+0xa>
	endpoint_t *endpoint = endpoint_queue_head + endpoint_number * 2;
	uint32_t mask = 1 << endpoint_number;
	schedule_transfer(endpoint, mask, transfer);
}
    2e18:	4770      	bx	lr
	uint32_t mask = 1 << endpoint_number;
    2e1a:	2101      	movs	r1, #1
	endpoint_t *endpoint = endpoint_queue_head + endpoint_number * 2;
    2e1c:	4b02      	ldr	r3, [pc, #8]	; (2e28 <usb_receive+0x18>)
	schedule_transfer(endpoint, mask, transfer);
    2e1e:	4081      	lsls	r1, r0
    2e20:	eb03 10c0 	add.w	r0, r3, r0, lsl #7
    2e24:	f7ff bba8 	b.w	2578 <schedule_transfer>
    2e28:	20000000 	.word	0x20000000

00002e2c <usb_transfer_status>:
		//if (!(cmd & USB_USBCMD_ATDTW)) continue;
		//if (status & 0x80) break; // for still active, only 1 reading needed
		//if (++count > 1) break; // for completed, check 10 times
	}
#else
	return transfer->status;
    2e2c:	6840      	ldr	r0, [r0, #4]
#endif
}
    2e2e:	4770      	bx	lr

00002e30 <usb_init_serialnumber>:
void usb_init_serialnumber(void)
{
	char buf[11];
	uint32_t i, num;

	num = HW_OCOTP_MAC0 & 0xFFFFFF;
    2e30:	4a12      	ldr	r2, [pc, #72]	; (2e7c <usb_init_serialnumber+0x4c>)
	// add extra zero to work around OS-X CDC-ACM driver bug
	if (num < 10000000) num = num * 10;
    2e32:	4b13      	ldr	r3, [pc, #76]	; (2e80 <usb_init_serialnumber+0x50>)
	num = HW_OCOTP_MAC0 & 0xFFFFFF;
    2e34:	f8d2 0220 	ldr.w	r0, [r2, #544]	; 0x220
    2e38:	f020 407f 	bic.w	r0, r0, #4278190080	; 0xff000000
	if (num < 10000000) num = num * 10;
    2e3c:	4298      	cmp	r0, r3
{
    2e3e:	b510      	push	{r4, lr}
    2e40:	b084      	sub	sp, #16
	if (num < 10000000) num = num * 10;
    2e42:	d202      	bcs.n	2e4a <usb_init_serialnumber+0x1a>
    2e44:	eb00 0080 	add.w	r0, r0, r0, lsl #2
    2e48:	0040      	lsls	r0, r0, #1
	ultoa(num, buf, 10);
    2e4a:	4c0e      	ldr	r4, [pc, #56]	; (2e84 <usb_init_serialnumber+0x54>)
    2e4c:	a901      	add	r1, sp, #4
    2e4e:	220a      	movs	r2, #10
    2e50:	f000 fdec 	bl	3a2c <ultoa>
	for (i=0; i<10; i++) {
    2e54:	a901      	add	r1, sp, #4
    2e56:	2300      	movs	r3, #0
    2e58:	4620      	mov	r0, r4
		char c = buf[i];
    2e5a:	f811 2b01 	ldrb.w	r2, [r1], #1
	for (i=0; i<10; i++) {
    2e5e:	3301      	adds	r3, #1
		if (!c) break;
    2e60:	b13a      	cbz	r2, 2e72 <usb_init_serialnumber+0x42>
	for (i=0; i<10; i++) {
    2e62:	2b0a      	cmp	r3, #10
		usb_string_serial_number_default.wString[i] = c;
    2e64:	f820 2f02 	strh.w	r2, [r0, #2]!
	for (i=0; i<10; i++) {
    2e68:	d1f7      	bne.n	2e5a <usb_init_serialnumber+0x2a>
    2e6a:	2316      	movs	r3, #22
	}
	usb_string_serial_number_default.bLength = i * 2 + 2;
    2e6c:	7023      	strb	r3, [r4, #0]
}
    2e6e:	b004      	add	sp, #16
    2e70:	bd10      	pop	{r4, pc}
	usb_string_serial_number_default.bLength = i * 2 + 2;
    2e72:	005b      	lsls	r3, r3, #1
    2e74:	b2db      	uxtb	r3, r3
    2e76:	7023      	strb	r3, [r4, #0]
}
    2e78:	b004      	add	sp, #16
    2e7a:	bd10      	pop	{r4, pc}
    2e7c:	401f4400 	.word	0x401f4400
    2e80:	00989680 	.word	0x00989680
    2e84:	20000a64 	.word	0x20000a64

00002e88 <sysex_byte>:

static void sysex_byte(uint8_t b)
{
    2e88:	b538      	push	{r3, r4, r5, lr}
	if (usb_midi_handleSysExPartial && usb_midi_msg_sysex_len >= USB_MIDI_SYSEX_MAX) {
    2e8a:	4b0c      	ldr	r3, [pc, #48]	; (2ebc <sysex_byte+0x34>)
{
    2e8c:	4604      	mov	r4, r0
	if (usb_midi_handleSysExPartial && usb_midi_msg_sysex_len >= USB_MIDI_SYSEX_MAX) {
    2e8e:	4d0c      	ldr	r5, [pc, #48]	; (2ec0 <sysex_byte+0x38>)
    2e90:	681b      	ldr	r3, [r3, #0]
    2e92:	8829      	ldrh	r1, [r5, #0]
    2e94:	b143      	cbz	r3, 2ea8 <sysex_byte+0x20>
    2e96:	f5b1 7f91 	cmp.w	r1, #290	; 0x122
    2e9a:	d209      	bcs.n	2eb0 <sysex_byte+0x28>
		// when buffer is full, send another chunk to partial handler.
		(*usb_midi_handleSysExPartial)(usb_midi_msg_sysex, usb_midi_msg_sysex_len, 0);
		usb_midi_msg_sysex_len = 0;
	}
	if (usb_midi_msg_sysex_len < USB_MIDI_SYSEX_MAX) {
		usb_midi_msg_sysex[usb_midi_msg_sysex_len++] = b;
    2e9c:	1c4b      	adds	r3, r1, #1
    2e9e:	b29b      	uxth	r3, r3
    2ea0:	4a08      	ldr	r2, [pc, #32]	; (2ec4 <sysex_byte+0x3c>)
    2ea2:	802b      	strh	r3, [r5, #0]
    2ea4:	5454      	strb	r4, [r2, r1]
	}
}
    2ea6:	bd38      	pop	{r3, r4, r5, pc}
	if (usb_midi_msg_sysex_len < USB_MIDI_SYSEX_MAX) {
    2ea8:	f5b1 7f91 	cmp.w	r1, #290	; 0x122
    2eac:	d3f6      	bcc.n	2e9c <sysex_byte+0x14>
}
    2eae:	bd38      	pop	{r3, r4, r5, pc}
		(*usb_midi_handleSysExPartial)(usb_midi_msg_sysex, usb_midi_msg_sysex_len, 0);
    2eb0:	2200      	movs	r2, #0
    2eb2:	4804      	ldr	r0, [pc, #16]	; (2ec4 <sysex_byte+0x3c>)
    2eb4:	4798      	blx	r3
    2eb6:	2100      	movs	r1, #0
    2eb8:	2301      	movs	r3, #1
    2eba:	e7f1      	b.n	2ea0 <sysex_byte+0x18>
    2ebc:	20001e8c 	.word	0x20001e8c
    2ec0:	20001fd4 	.word	0x20001fd4
    2ec4:	20001ea0 	.word	0x20001ea0

00002ec8 <rx_queue_transfer>:




static void rx_queue_transfer(int i)
{
    2ec8:	b5f8      	push	{r3, r4, r5, r6, r7, lr}
	NVIC_DISABLE_IRQ(IRQ_USB1);
	void *buffer = rx_buffer + i * MIDI_RX_SIZE_480;
    2eca:	4c14      	ldr	r4, [pc, #80]	; (2f1c <rx_queue_transfer+0x54>)
	NVIC_DISABLE_IRQ(IRQ_USB1);
    2ecc:	f04f 25e0 	mov.w	r5, #3758153728	; 0xe000e000
	usb_prepare_transfer(rx_transfer + i, buffer, rx_packet_size, i);
    2ed0:	4e13      	ldr	r6, [pc, #76]	; (2f20 <rx_queue_transfer+0x58>)
	NVIC_DISABLE_IRQ(IRQ_USB1);
    2ed2:	f44f 3200 	mov.w	r2, #131072	; 0x20000
	void *buffer = rx_buffer + i * MIDI_RX_SIZE_480;
    2ed6:	eb04 2440 	add.w	r4, r4, r0, lsl #9
	usb_prepare_transfer(rx_transfer + i, buffer, rx_packet_size, i);
    2eda:	4f12      	ldr	r7, [pc, #72]	; (2f24 <rx_queue_transfer+0x5c>)
    2edc:	eb06 1640 	add.w	r6, r6, r0, lsl #5
{
    2ee0:	4603      	mov	r3, r0
	NVIC_DISABLE_IRQ(IRQ_USB1);
    2ee2:	f8c5 218c 	str.w	r2, [r5, #396]	; 0x18c
	usb_prepare_transfer(rx_transfer + i, buffer, rx_packet_size, i);
    2ee6:	4621      	mov	r1, r4
    2ee8:	883a      	ldrh	r2, [r7, #0]
    2eea:	4630      	mov	r0, r6
    2eec:	f7ff ff64 	bl	2db8 <usb_prepare_transfer>
	arm_dcache_delete(buffer, rx_packet_size);
    2ef0:	883b      	ldrh	r3, [r7, #0]
	uint32_t end_addr = (uint32_t)addr + size;
    2ef2:	4423      	add	r3, r4
	asm("dsb");
    2ef4:	f3bf 8f4f 	dsb	sy
		SCB_CACHE_DCIMVAC = location;
    2ef8:	f8c5 4f5c 	str.w	r4, [r5, #3932]	; 0xf5c
		location += 32;
    2efc:	3420      	adds	r4, #32
	} while (location < end_addr);
    2efe:	42a3      	cmp	r3, r4
    2f00:	d8fa      	bhi.n	2ef8 <rx_queue_transfer+0x30>
	asm("dsb");
    2f02:	f3bf 8f4f 	dsb	sy
	asm("isb");
    2f06:	f3bf 8f6f 	isb	sy
	usb_receive(MIDI_RX_ENDPOINT, rx_transfer + i);
    2f0a:	2003      	movs	r0, #3
    2f0c:	4631      	mov	r1, r6
    2f0e:	f7ff ff7f 	bl	2e10 <usb_receive>
	NVIC_ENABLE_IRQ(IRQ_USB1);
    2f12:	f44f 3300 	mov.w	r3, #131072	; 0x20000
    2f16:	f8c5 310c 	str.w	r3, [r5, #268]	; 0x10c
}
    2f1a:	bdf8      	pop	{r3, r4, r5, r6, r7, pc}
    2f1c:	20200080 	.word	0x20200080
    2f20:	20000f00 	.word	0x20000f00
    2f24:	20001fcc 	.word	0x20001fcc

00002f28 <rx_event>:


// called by USB interrupt when any packet is received
static void rx_event(transfer_t *t)
{
	int len = rx_packet_size - ((t->status >> 16) & 0x7FFF);
    2f28:	6842      	ldr	r2, [r0, #4]
	len &= 0xFFFC; // MIDI packets must be multiple of 4 bytes
    2f2a:	f64f 71fc 	movw	r1, #65532	; 0xfffc
	int len = rx_packet_size - ((t->status >> 16) & 0x7FFF);
    2f2e:	4b11      	ldr	r3, [pc, #68]	; (2f74 <rx_event+0x4c>)
    2f30:	f3c2 420e 	ubfx	r2, r2, #16, #15
	int i = t->callback_param;
    2f34:	69c0      	ldr	r0, [r0, #28]
	int len = rx_packet_size - ((t->status >> 16) & 0x7FFF);
    2f36:	881b      	ldrh	r3, [r3, #0]
    2f38:	1a9b      	subs	r3, r3, r2
	printf("rx event, len=%d, i=%d\n", len, i);
	if (len > 0) {
    2f3a:	400b      	ands	r3, r1
    2f3c:	d017      	beq.n	2f6e <rx_event+0x46>
		uint32_t head = rx_head;
		rx_count[i] = len;
    2f3e:	490e      	ldr	r1, [pc, #56]	; (2f78 <rx_event+0x50>)
{
    2f40:	b430      	push	{r4, r5}
		uint32_t head = rx_head;
    2f42:	4c0e      	ldr	r4, [pc, #56]	; (2f7c <rx_event+0x54>)
		rx_index[i] = 0;
    2f44:	4d0e      	ldr	r5, [pc, #56]	; (2f80 <rx_event+0x58>)
		uint32_t head = rx_head;
    2f46:	7822      	ldrb	r2, [r4, #0]
		rx_count[i] = len;
    2f48:	f821 3010 	strh.w	r3, [r1, r0, lsl #1]
		rx_index[i] = 0;
    2f4c:	2100      	movs	r1, #0
		if (++head > RX_NUM) head = 0;
    2f4e:	3201      	adds	r2, #1
		rx_index[i] = 0;
    2f50:	f825 1010 	strh.w	r1, [r5, r0, lsl #1]
		if (++head > RX_NUM) head = 0;
    2f54:	2a06      	cmp	r2, #6
		rx_list[head] = i;
		rx_head = head;
    2f56:	bf94      	ite	ls
    2f58:	b2d1      	uxtbls	r1, r2
		if (++head > RX_NUM) head = 0;
    2f5a:	460a      	movhi	r2, r1
		rx_head = head;
    2f5c:	7021      	strb	r1, [r4, #0]
		rx_available += len;
    2f5e:	4909      	ldr	r1, [pc, #36]	; (2f84 <rx_event+0x5c>)
    2f60:	680c      	ldr	r4, [r1, #0]
    2f62:	4423      	add	r3, r4
    2f64:	600b      	str	r3, [r1, #0]
		rx_list[head] = i;
    2f66:	4b08      	ldr	r3, [pc, #32]	; (2f88 <rx_event+0x60>)
    2f68:	5498      	strb	r0, [r3, r2]
	} else {
		// received a zero length packet
		rx_queue_transfer(i);
	}
}
    2f6a:	bc30      	pop	{r4, r5}
    2f6c:	4770      	bx	lr
		rx_queue_transfer(i);
    2f6e:	f7ff bfab 	b.w	2ec8 <rx_queue_transfer>
    2f72:	bf00      	nop
    2f74:	20001fcc 	.word	0x20001fcc
    2f78:	20001dc4 	.word	0x20001dc4
    2f7c:	20001fda 	.word	0x20001fda
    2f80:	20001dd0 	.word	0x20001dd0
    2f84:	20001dbc 	.word	0x20001dbc
    2f88:	20001dec 	.word	0x20001dec

00002f8c <usb_midi_write_packed.part.0>:
void usb_midi_write_packed(uint32_t n)
    2f8c:	e92d 4ff0 	stmdb	sp!, {r4, r5, r6, r7, r8, r9, sl, fp, lr}
	tx_noautoflush = 1;
    2f90:	2301      	movs	r3, #1
	uint32_t head = tx_head;
    2f92:	f8df a128 	ldr.w	sl, [pc, #296]	; 30bc <usb_midi_write_packed.part.0+0x130>
	tx_noautoflush = 1;
    2f96:	f8df b128 	ldr.w	fp, [pc, #296]	; 30c0 <usb_midi_write_packed.part.0+0x134>
void usb_midi_write_packed(uint32_t n)
    2f9a:	b083      	sub	sp, #12
	while (!tx_available) {
    2f9c:	4e41      	ldr	r6, [pc, #260]	; (30a4 <usb_midi_write_packed.part.0+0x118>)
	uint32_t head = tx_head;
    2f9e:	f89a 2000 	ldrb.w	r2, [sl]
	transfer_t *xfer = tx_transfer + head;
    2fa2:	4d41      	ldr	r5, [pc, #260]	; (30a8 <usb_midi_write_packed.part.0+0x11c>)
	uint32_t wait_begin_at = systick_millis_count;
    2fa4:	4f41      	ldr	r7, [pc, #260]	; (30ac <usb_midi_write_packed.part.0+0x120>)
	tx_noautoflush = 1;
    2fa6:	f88b 3000 	strb.w	r3, [fp]
	transfer_t *xfer = tx_transfer + head;
    2faa:	eb05 1542 	add.w	r5, r5, r2, lsl #5
	while (!tx_available) {
    2fae:	8833      	ldrh	r3, [r6, #0]
	uint32_t wait_begin_at = systick_millis_count;
    2fb0:	f8d7 8000 	ldr.w	r8, [r7]
void usb_midi_write_packed(uint32_t n)
    2fb4:	e9cd 0200 	strd	r0, r2, [sp]
	while (!tx_available) {
    2fb8:	2b00      	cmp	r3, #0
    2fba:	d16d      	bne.n	3098 <usb_midi_write_packed.part.0+0x10c>
    2fbc:	4c3c      	ldr	r4, [pc, #240]	; (30b0 <usb_midi_write_packed.part.0+0x124>)
		if (!usb_configuration) return;
    2fbe:	f8df 9104 	ldr.w	r9, [pc, #260]	; 30c4 <usb_midi_write_packed.part.0+0x138>
		uint32_t status = usb_transfer_status(xfer);
    2fc2:	4628      	mov	r0, r5
    2fc4:	f7ff ff32 	bl	2e2c <usb_transfer_status>
		if (!(status & 0x80)) {
    2fc8:	f010 0080 	ands.w	r0, r0, #128	; 0x80
    2fcc:	d05d      	beq.n	308a <usb_midi_write_packed.part.0+0xfe>
		if (systick_millis_count - wait_begin_at > TX_TIMEOUT_MSEC) {
    2fce:	683b      	ldr	r3, [r7, #0]
    2fd0:	eba3 0308 	sub.w	r3, r3, r8
    2fd4:	2b28      	cmp	r3, #40	; 0x28
    2fd6:	d904      	bls.n	2fe2 <usb_midi_write_packed.part.0+0x56>
			transmit_previous_timeout = 1;
    2fd8:	2301      	movs	r3, #1
    2fda:	7023      	strb	r3, [r4, #0]
}
    2fdc:	b003      	add	sp, #12
    2fde:	e8bd 8ff0 	ldmia.w	sp!, {r4, r5, r6, r7, r8, r9, sl, fp, pc}
		if (transmit_previous_timeout) return;
    2fe2:	7823      	ldrb	r3, [r4, #0]
    2fe4:	2b00      	cmp	r3, #0
    2fe6:	d1f9      	bne.n	2fdc <usb_midi_write_packed.part.0+0x50>
		if (!usb_configuration) return;
    2fe8:	f899 3000 	ldrb.w	r3, [r9]
    2fec:	2b00      	cmp	r3, #0
    2fee:	d0f5      	beq.n	2fdc <usb_midi_write_packed.part.0+0x50>
		yield();
    2ff0:	f000 fc7c 	bl	38ec <yield>
	while (!tx_available) {
    2ff4:	8833      	ldrh	r3, [r6, #0]
    2ff6:	2b00      	cmp	r3, #0
    2ff8:	d0e3      	beq.n	2fc2 <usb_midi_write_packed.part.0+0x36>
	uint32_t *txdata = (uint32_t *)(txbuffer + (tx_head * TX_SIZE) + (tx_packet_size - tx_available));
    2ffa:	4a2e      	ldr	r2, [pc, #184]	; (30b4 <usb_midi_write_packed.part.0+0x128>)
    2ffc:	f89a 1000 	ldrb.w	r1, [sl]
    3000:	8812      	ldrh	r2, [r2, #0]
    3002:	1ad0      	subs	r0, r2, r3
	tx_available -= 4;
    3004:	3b04      	subs	r3, #4
	uint32_t *txdata = (uint32_t *)(txbuffer + (tx_head * TX_SIZE) + (tx_packet_size - tx_available));
    3006:	4c2c      	ldr	r4, [pc, #176]	; (30b8 <usb_midi_write_packed.part.0+0x12c>)
	tx_available -= 4;
    3008:	b29b      	uxth	r3, r3
	*txdata = n;
    300a:	4420      	add	r0, r4
	tx_available -= 4;
    300c:	8033      	strh	r3, [r6, #0]
	*txdata = n;
    300e:	eb00 2041 	add.w	r0, r0, r1, lsl #9
    3012:	9e00      	ldr	r6, [sp, #0]
	uint32_t *txdata = (uint32_t *)(txbuffer + (tx_head * TX_SIZE) + (tx_packet_size - tx_available));
    3014:	0249      	lsls	r1, r1, #9
	*txdata = n;
    3016:	f8c0 6c00 	str.w	r6, [r0, #3072]	; 0xc00
	if (tx_available == 0) {
    301a:	bb93      	cbnz	r3, 3082 <usb_midi_write_packed.part.0+0xf6>
		uint8_t *txbuf = txbuffer + (tx_head * TX_SIZE);
    301c:	f504 6440 	add.w	r4, r4, #3072	; 0xc00
		usb_prepare_transfer(xfer, txbuf, tx_packet_size, 0);
    3020:	4628      	mov	r0, r5
		uint8_t *txbuf = txbuffer + (tx_head * TX_SIZE);
    3022:	440c      	add	r4, r1
		usb_prepare_transfer(xfer, txbuf, tx_packet_size, 0);
    3024:	4621      	mov	r1, r4
    3026:	f7ff fec7 	bl	2db8 <usb_prepare_transfer>
	asm("dsb");
    302a:	f3bf 8f4f 	dsb	sy
    302e:	f104 0220 	add.w	r2, r4, #32
	uint32_t end_addr = (uint32_t)addr + size;
    3032:	f504 7300 	add.w	r3, r4, #512	; 0x200
    3036:	4293      	cmp	r3, r2
    3038:	bf34      	ite	cc
    303a:	2301      	movcc	r3, #1
    303c:	2310      	movcs	r3, #16
		SCB_CACHE_DCCIMVAC = location;
    303e:	f04f 22e0 	mov.w	r2, #3758153728	; 0xe000e000
    3042:	eb04 1343 	add.w	r3, r4, r3, lsl #5
    3046:	f8c2 4f70 	str.w	r4, [r2, #3952]	; 0xf70
		location += 32;
    304a:	3420      	adds	r4, #32
	} while (location < end_addr);
    304c:	429c      	cmp	r4, r3
    304e:	d1fa      	bne.n	3046 <usb_midi_write_packed.part.0+0xba>
	asm("dsb");
    3050:	f3bf 8f4f 	dsb	sy
	asm("isb");
    3054:	f3bf 8f6f 	isb	sy
		usb_transmit(MIDI_TX_ENDPOINT, xfer);
    3058:	2003      	movs	r0, #3
    305a:	4629      	mov	r1, r5
    305c:	f7ff fec4 	bl	2de8 <usb_transmit>
		if (++head >= TX_NUM) head = 0;
    3060:	9b01      	ldr	r3, [sp, #4]
		usb_stop_sof_interrupts(MIDI_INTERFACE);
    3062:	2000      	movs	r0, #0
		if (++head >= TX_NUM) head = 0;
    3064:	3301      	adds	r3, #1
    3066:	2b03      	cmp	r3, #3
		tx_head = head;
    3068:	bf94      	ite	ls
    306a:	b2db      	uxtbls	r3, r3
    306c:	2300      	movhi	r3, #0
    306e:	f88a 3000 	strb.w	r3, [sl]
		usb_stop_sof_interrupts(MIDI_INTERFACE);
    3072:	f7ff fb49 	bl	2708 <usb_stop_sof_interrupts>
	tx_noautoflush = 0;
    3076:	2300      	movs	r3, #0
    3078:	f88b 3000 	strb.w	r3, [fp]
}
    307c:	b003      	add	sp, #12
    307e:	e8bd 8ff0 	ldmia.w	sp!, {r4, r5, r6, r7, r8, r9, sl, fp, pc}
		usb_start_sof_interrupts(MIDI_INTERFACE);
    3082:	2000      	movs	r0, #0
    3084:	f7ff fb24 	bl	26d0 <usb_start_sof_interrupts>
    3088:	e7f5      	b.n	3076 <usb_midi_write_packed.part.0+0xea>
			tx_available = tx_packet_size;
    308a:	4b0a      	ldr	r3, [pc, #40]	; (30b4 <usb_midi_write_packed.part.0+0x128>)
	uint32_t *txdata = (uint32_t *)(txbuffer + (tx_head * TX_SIZE) + (tx_packet_size - tx_available));
    308c:	f89a 1000 	ldrb.w	r1, [sl]
			tx_available = tx_packet_size;
    3090:	881a      	ldrh	r2, [r3, #0]
			transmit_previous_timeout = 0;
    3092:	7020      	strb	r0, [r4, #0]
			break;
    3094:	4613      	mov	r3, r2
    3096:	e7b5      	b.n	3004 <usb_midi_write_packed.part.0+0x78>
	uint32_t *txdata = (uint32_t *)(txbuffer + (tx_head * TX_SIZE) + (tx_packet_size - tx_available));
    3098:	4a06      	ldr	r2, [pc, #24]	; (30b4 <usb_midi_write_packed.part.0+0x128>)
    309a:	9901      	ldr	r1, [sp, #4]
    309c:	8812      	ldrh	r2, [r2, #0]
    309e:	1ad0      	subs	r0, r2, r3
    30a0:	e7b0      	b.n	3004 <usb_midi_write_packed.part.0+0x78>
    30a2:	bf00      	nop
    30a4:	20001fce 	.word	0x20001fce
    30a8:	200010c0 	.word	0x200010c0
    30ac:	20001e48 	.word	0x20001e48
    30b0:	20001fdf 	.word	0x20001fdf
    30b4:	20001fd2 	.word	0x20001fd2
    30b8:	20200080 	.word	0x20200080
    30bc:	20001fe0 	.word	0x20001fe0
    30c0:	20001fe2 	.word	0x20001fe2
    30c4:	20001fe4 	.word	0x20001fe4

000030c8 <usb_midi_configure>:
	if (usb_high_speed) {
    30c8:	4b21      	ldr	r3, [pc, #132]	; (3150 <usb_midi_configure+0x88>)
{
    30ca:	b570      	push	{r4, r5, r6, lr}
	if (usb_high_speed) {
    30cc:	781b      	ldrb	r3, [r3, #0]
    30ce:	2b00      	cmp	r3, #0
    30d0:	d03b      	beq.n	314a <usb_midi_configure+0x82>
    30d2:	f44f 7300 	mov.w	r3, #512	; 0x200
    30d6:	461e      	mov	r6, r3
		rx_packet_size = MIDI_RX_SIZE_480;
    30d8:	491e      	ldr	r1, [pc, #120]	; (3154 <usb_midi_configure+0x8c>)
	memset(tx_transfer, 0, sizeof(tx_transfer));
    30da:	2280      	movs	r2, #128	; 0x80
		tx_packet_size = MIDI_TX_SIZE_480;
    30dc:	4d1e      	ldr	r5, [pc, #120]	; (3158 <usb_midi_configure+0x90>)
	tx_head = 0;
    30de:	2400      	movs	r4, #0
		rx_packet_size = MIDI_RX_SIZE_480;
    30e0:	800b      	strh	r3, [r1, #0]
	memset(tx_transfer, 0, sizeof(tx_transfer));
    30e2:	2100      	movs	r1, #0
    30e4:	481d      	ldr	r0, [pc, #116]	; (315c <usb_midi_configure+0x94>)
		tx_packet_size = MIDI_TX_SIZE_480;
    30e6:	802b      	strh	r3, [r5, #0]
	memset(tx_transfer, 0, sizeof(tx_transfer));
    30e8:	f001 f984 	bl	43f4 <memset>
	tx_head = 0;
    30ec:	4a1c      	ldr	r2, [pc, #112]	; (3160 <usb_midi_configure+0x98>)
	memset(rx_transfer, 0, sizeof(rx_transfer));
    30ee:	4621      	mov	r1, r4
	tx_available = 0;
    30f0:	4b1c      	ldr	r3, [pc, #112]	; (3164 <usb_midi_configure+0x9c>)
	tx_head = 0;
    30f2:	7014      	strb	r4, [r2, #0]
	memset(rx_transfer, 0, sizeof(rx_transfer));
    30f4:	22c0      	movs	r2, #192	; 0xc0
    30f6:	481c      	ldr	r0, [pc, #112]	; (3168 <usb_midi_configure+0xa0>)
	tx_available = 0;
    30f8:	801c      	strh	r4, [r3, #0]
	memset(rx_transfer, 0, sizeof(rx_transfer));
    30fa:	f001 f97b 	bl	43f4 <memset>
	memset(rx_count, 0, sizeof(rx_count));
    30fe:	4a1b      	ldr	r2, [pc, #108]	; (316c <usb_midi_configure+0xa4>)
	usb_config_rx(MIDI_RX_ENDPOINT, rx_packet_size, 0, rx_event);
    3100:	4631      	mov	r1, r6
	memset(rx_index, 0, sizeof(rx_index));
    3102:	4b1b      	ldr	r3, [pc, #108]	; (3170 <usb_midi_configure+0xa8>)
	usb_config_rx(MIDI_RX_ENDPOINT, rx_packet_size, 0, rx_event);
    3104:	2003      	movs	r0, #3
	memset(rx_count, 0, sizeof(rx_count));
    3106:	6094      	str	r4, [r2, #8]
	memset(rx_index, 0, sizeof(rx_index));
    3108:	609c      	str	r4, [r3, #8]
	memset(rx_count, 0, sizeof(rx_count));
    310a:	e9c2 4400 	strd	r4, r4, [r2]
	rx_head = 0;
    310e:	4a19      	ldr	r2, [pc, #100]	; (3174 <usb_midi_configure+0xac>)
	memset(rx_index, 0, sizeof(rx_index));
    3110:	e9c3 4400 	strd	r4, r4, [r3]
	rx_head = 0;
    3114:	7014      	strb	r4, [r2, #0]
	rx_tail = 0;
    3116:	4b18      	ldr	r3, [pc, #96]	; (3178 <usb_midi_configure+0xb0>)
	rx_available = 0;
    3118:	4a18      	ldr	r2, [pc, #96]	; (317c <usb_midi_configure+0xb4>)
	rx_tail = 0;
    311a:	701c      	strb	r4, [r3, #0]
	usb_config_rx(MIDI_RX_ENDPOINT, rx_packet_size, 0, rx_event);
    311c:	4b18      	ldr	r3, [pc, #96]	; (3180 <usb_midi_configure+0xb8>)
	rx_available = 0;
    311e:	6014      	str	r4, [r2, #0]
	usb_config_rx(MIDI_RX_ENDPOINT, rx_packet_size, 0, rx_event);
    3120:	4622      	mov	r2, r4
    3122:	f7ff fde5 	bl	2cf0 <usb_config_rx>
	usb_config_tx(MIDI_TX_ENDPOINT, tx_packet_size, 0, NULL); // TODO: is ZLP needed?
    3126:	4623      	mov	r3, r4
    3128:	4622      	mov	r2, r4
    312a:	8829      	ldrh	r1, [r5, #0]
    312c:	2003      	movs	r0, #3
    312e:	f7ff fe11 	bl	2d54 <usb_config_tx>
	for (i=0; i < RX_NUM; i++) rx_queue_transfer(i);
    3132:	4620      	mov	r0, r4
    3134:	3401      	adds	r4, #1
    3136:	f7ff fec7 	bl	2ec8 <rx_queue_transfer>
    313a:	2c06      	cmp	r4, #6
    313c:	d1f9      	bne.n	3132 <usb_midi_configure+0x6a>
	transmit_previous_timeout = 0;
    313e:	2300      	movs	r3, #0
    3140:	4910      	ldr	r1, [pc, #64]	; (3184 <usb_midi_configure+0xbc>)
	tx_noautoflush = 0;
    3142:	4a11      	ldr	r2, [pc, #68]	; (3188 <usb_midi_configure+0xc0>)
	transmit_previous_timeout = 0;
    3144:	700b      	strb	r3, [r1, #0]
	tx_noautoflush = 0;
    3146:	7013      	strb	r3, [r2, #0]
}
    3148:	bd70      	pop	{r4, r5, r6, pc}
    314a:	2340      	movs	r3, #64	; 0x40
    314c:	461e      	mov	r6, r3
    314e:	e7c3      	b.n	30d8 <usb_midi_configure+0x10>
    3150:	20001fe5 	.word	0x20001fe5
    3154:	20001fcc 	.word	0x20001fcc
    3158:	20001fd2 	.word	0x20001fd2
    315c:	200010c0 	.word	0x200010c0
    3160:	20001fe0 	.word	0x20001fe0
    3164:	20001fce 	.word	0x20001fce
    3168:	20000f00 	.word	0x20000f00
    316c:	20001dc4 	.word	0x20001dc4
    3170:	20001dd0 	.word	0x20001dd0
    3174:	20001fda 	.word	0x20001fda
    3178:	20001fdc 	.word	0x20001fdc
    317c:	20001dbc 	.word	0x20001dbc
    3180:	00002f29 	.word	0x00002f29
    3184:	20001fdf 	.word	0x20001fdf
    3188:	20001fe2 	.word	0x20001fe2

0000318c <usb_midi_write_packed>:
	if (!usb_configuration) return;
    318c:	4b02      	ldr	r3, [pc, #8]	; (3198 <usb_midi_write_packed+0xc>)
    318e:	781b      	ldrb	r3, [r3, #0]
    3190:	b10b      	cbz	r3, 3196 <usb_midi_write_packed+0xa>
    3192:	f7ff befb 	b.w	2f8c <usb_midi_write_packed.part.0>
}
    3196:	4770      	bx	lr
    3198:	20001fe4 	.word	0x20001fe4

0000319c <usb_midi_flush_output>:
{
    319c:	e92d 43f8 	stmdb	sp!, {r3, r4, r5, r6, r7, r8, r9, lr}
	if (tx_noautoflush == 0 && tx_available > 0) {
    31a0:	4b20      	ldr	r3, [pc, #128]	; (3224 <usb_midi_flush_output+0x88>)
    31a2:	781d      	ldrb	r5, [r3, #0]
    31a4:	b915      	cbnz	r5, 31ac <usb_midi_flush_output+0x10>
    31a6:	4e20      	ldr	r6, [pc, #128]	; (3228 <usb_midi_flush_output+0x8c>)
    31a8:	8833      	ldrh	r3, [r6, #0]
    31aa:	b90b      	cbnz	r3, 31b0 <usb_midi_flush_output+0x14>
}
    31ac:	e8bd 83f8 	ldmia.w	sp!, {r3, r4, r5, r6, r7, r8, r9, pc}
		uint32_t head = tx_head;
    31b0:	f8df 8084 	ldr.w	r8, [pc, #132]	; 3238 <usb_midi_flush_output+0x9c>
		transfer_t *xfer = tx_transfer + head;
    31b4:	4a1d      	ldr	r2, [pc, #116]	; (322c <usb_midi_flush_output+0x90>)
		uint32_t head = tx_head;
    31b6:	f898 7000 	ldrb.w	r7, [r8]
		uint8_t *txbuf = txbuffer + (head * TX_SIZE);
    31ba:	4c1d      	ldr	r4, [pc, #116]	; (3230 <usb_midi_flush_output+0x94>)
		transfer_t *xfer = tx_transfer + head;
    31bc:	eb02 1947 	add.w	r9, r2, r7, lsl #5
		uint32_t len = tx_packet_size - tx_available;
    31c0:	4a1c      	ldr	r2, [pc, #112]	; (3234 <usb_midi_flush_output+0x98>)
		uint8_t *txbuf = txbuffer + (head * TX_SIZE);
    31c2:	eb04 2447 	add.w	r4, r4, r7, lsl #9
		uint32_t len = tx_packet_size - tx_available;
    31c6:	8812      	ldrh	r2, [r2, #0]
		usb_prepare_transfer(xfer, txbuf, len, 0);
    31c8:	4648      	mov	r0, r9
    31ca:	4621      	mov	r1, r4
    31cc:	1ad2      	subs	r2, r2, r3
    31ce:	462b      	mov	r3, r5
    31d0:	f7ff fdf2 	bl	2db8 <usb_prepare_transfer>
	asm("dsb");
    31d4:	f3bf 8f4f 	dsb	sy
    31d8:	f104 0220 	add.w	r2, r4, #32
	uint32_t end_addr = (uint32_t)addr + size;
    31dc:	f504 7300 	add.w	r3, r4, #512	; 0x200
    31e0:	4293      	cmp	r3, r2
    31e2:	bf34      	ite	cc
    31e4:	2301      	movcc	r3, #1
    31e6:	2310      	movcs	r3, #16
		SCB_CACHE_DCCIMVAC = location;
    31e8:	f04f 22e0 	mov.w	r2, #3758153728	; 0xe000e000
    31ec:	eb04 1343 	add.w	r3, r4, r3, lsl #5
    31f0:	f8c2 4f70 	str.w	r4, [r2, #3952]	; 0xf70
		location += 32;
    31f4:	3420      	adds	r4, #32
	} while (location < end_addr);
    31f6:	429c      	cmp	r4, r3
    31f8:	d1fa      	bne.n	31f0 <usb_midi_flush_output+0x54>
	asm("dsb");
    31fa:	f3bf 8f4f 	dsb	sy
	asm("isb");
    31fe:	f3bf 8f6f 	isb	sy
		if (++head >= TX_NUM) head = 0;
    3202:	3701      	adds	r7, #1
		usb_transmit(MIDI_TX_ENDPOINT, xfer);
    3204:	4649      	mov	r1, r9
    3206:	2003      	movs	r0, #3
    3208:	f7ff fdee 	bl	2de8 <usb_transmit>
		if (++head >= TX_NUM) head = 0;
    320c:	2f03      	cmp	r7, #3
		tx_available = 0;
    320e:	f04f 0000 	mov.w	r0, #0
		tx_head = head;
    3212:	bf98      	it	ls
    3214:	b2fd      	uxtbls	r5, r7
		tx_available = 0;
    3216:	8030      	strh	r0, [r6, #0]
		tx_head = head;
    3218:	f888 5000 	strb.w	r5, [r8]
}
    321c:	e8bd 43f8 	ldmia.w	sp!, {r3, r4, r5, r6, r7, r8, r9, lr}
		usb_stop_sof_interrupts(MIDI_INTERFACE);
    3220:	f7ff ba72 	b.w	2708 <usb_stop_sof_interrupts>
    3224:	20001fe2 	.word	0x20001fe2
    3228:	20001fce 	.word	0x20001fce
    322c:	200010c0 	.word	0x200010c0
    3230:	20200c80 	.word	0x20200c80
    3234:	20001fd2 	.word	0x20001fd2
    3238:	20001fe0 	.word	0x20001fe0

0000323c <usb_midi_read_message>:
{
	return rx_available / 4;
}

uint32_t usb_midi_read_message(void)
{
    323c:	b5f8      	push	{r3, r4, r5, r6, r7, lr}
	uint32_t n = 0;
	NVIC_DISABLE_IRQ(IRQ_USB1);
    323e:	f44f 3200 	mov.w	r2, #131072	; 0x20000
    3242:	f04f 23e0 	mov.w	r3, #3758153728	; 0xe000e000
	uint32_t tail = rx_tail;
    3246:	4c20      	ldr	r4, [pc, #128]	; (32c8 <usb_midi_read_message+0x8c>)
	NVIC_DISABLE_IRQ(IRQ_USB1);
    3248:	f8c3 218c 	str.w	r2, [r3, #396]	; 0x18c
	if (tail != rx_head) {
    324c:	4b1f      	ldr	r3, [pc, #124]	; (32cc <usb_midi_read_message+0x90>)
	uint32_t tail = rx_tail;
    324e:	7822      	ldrb	r2, [r4, #0]
	if (tail != rx_head) {
    3250:	7819      	ldrb	r1, [r3, #0]
    3252:	428a      	cmp	r2, r1
    3254:	d02e      	beq.n	32b4 <usb_midi_read_message+0x78>
		if (++tail > RX_NUM) tail = 0;
    3256:	b2d3      	uxtb	r3, r2
		uint32_t i = rx_list[tail];
    3258:	4a1d      	ldr	r2, [pc, #116]	; (32d0 <usb_midi_read_message+0x94>)
		//uint32_t avail = (rx_count[i] - rx_index[i]) / 4;
		void *p = rx_buffer + i * MIDI_RX_SIZE_480 + rx_index[i];
    325a:	4f1e      	ldr	r7, [pc, #120]	; (32d4 <usb_midi_read_message+0x98>)
		if (++tail > RX_NUM) tail = 0;
    325c:	3301      	adds	r3, #1
		void *p = rx_buffer + i * MIDI_RX_SIZE_480 + rx_index[i];
    325e:	491e      	ldr	r1, [pc, #120]	; (32d8 <usb_midi_read_message+0x9c>)
		n = *(uint32_t *)p;
		rx_available -= 4;
    3260:	4e1e      	ldr	r6, [pc, #120]	; (32dc <usb_midi_read_message+0xa0>)
		if (++tail > RX_NUM) tail = 0;
    3262:	2b07      	cmp	r3, #7
    3264:	bf28      	it	cs
    3266:	2300      	movcs	r3, #0
		uint32_t i = rx_list[tail];
    3268:	5cd0      	ldrb	r0, [r2, r3]
		void *p = rx_buffer + i * MIDI_RX_SIZE_480 + rx_index[i];
    326a:	f837 2010 	ldrh.w	r2, [r7, r0, lsl #1]
		n = *(uint32_t *)p;
    326e:	eb01 2140 	add.w	r1, r1, r0, lsl #9
    3272:	588d      	ldr	r5, [r1, r2]
		rx_index[i] += 4;
    3274:	3204      	adds	r2, #4
		rx_available -= 4;
    3276:	6831      	ldr	r1, [r6, #0]
		rx_index[i] += 4;
    3278:	b292      	uxth	r2, r2
		rx_available -= 4;
    327a:	3904      	subs	r1, #4
		rx_index[i] += 4;
    327c:	f827 2010 	strh.w	r2, [r7, r0, lsl #1]
		rx_available -= 4;
    3280:	6031      	str	r1, [r6, #0]
		if (rx_index[i] >= rx_count[i]) {
    3282:	4917      	ldr	r1, [pc, #92]	; (32e0 <usb_midi_read_message+0xa4>)
    3284:	f831 1010 	ldrh.w	r1, [r1, r0, lsl #1]
    3288:	4291      	cmp	r1, r2
    328a:	d907      	bls.n	329c <usb_midi_read_message+0x60>
			rx_tail = tail;
			rx_queue_transfer(i);
		}
	}
	NVIC_ENABLE_IRQ(IRQ_USB1);
    328c:	f04f 23e0 	mov.w	r3, #3758153728	; 0xe000e000
    3290:	f44f 3200 	mov.w	r2, #131072	; 0x20000
	return n;
}
    3294:	4628      	mov	r0, r5
	NVIC_ENABLE_IRQ(IRQ_USB1);
    3296:	f8c3 210c 	str.w	r2, [r3, #268]	; 0x10c
}
    329a:	bdf8      	pop	{r3, r4, r5, r6, r7, pc}
			rx_tail = tail;
    329c:	b2db      	uxtb	r3, r3
    329e:	7023      	strb	r3, [r4, #0]
			rx_queue_transfer(i);
    32a0:	f7ff fe12 	bl	2ec8 <rx_queue_transfer>
	NVIC_ENABLE_IRQ(IRQ_USB1);
    32a4:	f04f 23e0 	mov.w	r3, #3758153728	; 0xe000e000
    32a8:	f44f 3200 	mov.w	r2, #131072	; 0x20000
}
    32ac:	4628      	mov	r0, r5
	NVIC_ENABLE_IRQ(IRQ_USB1);
    32ae:	f8c3 210c 	str.w	r2, [r3, #268]	; 0x10c
}
    32b2:	bdf8      	pop	{r3, r4, r5, r6, r7, pc}
	uint32_t n = 0;
    32b4:	2500      	movs	r5, #0
	NVIC_ENABLE_IRQ(IRQ_USB1);
    32b6:	f04f 23e0 	mov.w	r3, #3758153728	; 0xe000e000
    32ba:	f44f 3200 	mov.w	r2, #131072	; 0x20000
}
    32be:	4628      	mov	r0, r5
	NVIC_ENABLE_IRQ(IRQ_USB1);
    32c0:	f8c3 210c 	str.w	r2, [r3, #268]	; 0x10c
}
    32c4:	bdf8      	pop	{r3, r4, r5, r6, r7, pc}
    32c6:	bf00      	nop
    32c8:	20001fdc 	.word	0x20001fdc
    32cc:	20001fda 	.word	0x20001fda
    32d0:	20001dec 	.word	0x20001dec
    32d4:	20001dd0 	.word	0x20001dd0
    32d8:	20200080 	.word	0x20200080
    32dc:	20001dbc 	.word	0x20001dbc
    32e0:	20001dc4 	.word	0x20001dc4

000032e4 <usb_midi_read>:

int usb_midi_read(uint32_t channel)
{
    32e4:	b5f8      	push	{r3, r4, r5, r6, r7, lr}
    32e6:	4606      	mov	r6, r0
	uint32_t n, ch, type1, type2, b1;
	
	n = usb_midi_read_message();
    32e8:	f7ff ffa8 	bl	323c <usb_midi_read_message>
	if (n == 0) return 0;
    32ec:	b190      	cbz	r0, 3314 <usb_midi_read+0x30>
	type1 = n & 15;
	type2 = (n >> 12) & 15;
	b1 = (n >> 8) & 0xFF;
	ch = (b1 & 15) + 1;
	usb_midi_msg_cable = (n >> 4) & 15;
    32ee:	f3c0 1303 	ubfx	r3, r0, #4, #4
	type1 = n & 15;
    32f2:	f000 050f 	and.w	r5, r0, #15
	usb_midi_msg_cable = (n >> 4) & 15;
    32f6:	4a9c      	ldr	r2, [pc, #624]	; (3568 <usb_midi_read+0x284>)
    32f8:	4604      	mov	r4, r0
	b1 = (n >> 8) & 0xFF;
    32fa:	0a07      	lsrs	r7, r0, #8
	usb_midi_msg_cable = (n >> 4) & 15;
    32fc:	7013      	strb	r3, [r2, #0]
	if (type1 >= 0x08 && type1 <= 0x0E) {
    32fe:	f1a5 0308 	sub.w	r3, r5, #8
    3302:	2b06      	cmp	r3, #6
    3304:	d808      	bhi.n	3318 <usb_midi_read+0x34>
	ch = (b1 & 15) + 1;
    3306:	f007 030f 	and.w	r3, r7, #15
    330a:	3301      	adds	r3, #1
		if (channel && channel != ch) {
    330c:	2e00      	cmp	r6, #0
    330e:	d045      	beq.n	339c <usb_midi_read+0xb8>
    3310:	42b3      	cmp	r3, r6
    3312:	d043      	beq.n	339c <usb_midi_read+0xb8>
			// OSX sometimes uses Single Byte Unparsed to
			// send bytes in the middle of a SYSEX message.
			sysex_byte(b1);
		}
	}
	return 0;
    3314:	2000      	movs	r0, #0
}
    3316:	bdf8      	pop	{r3, r4, r5, r6, r7, pc}
	if (type1 == 0x02 || type1 == 0x03 || (type1 == 0x05 && b1 >= 0xF1 && b1 != 0xF7)) {
    3318:	1eab      	subs	r3, r5, #2
	b1 = (n >> 8) & 0xFF;
    331a:	b2f8      	uxtb	r0, r7
	if (type1 == 0x02 || type1 == 0x03 || (type1 == 0x05 && b1 >= 0xF1 && b1 != 0xF7)) {
    331c:	2b01      	cmp	r3, #1
    331e:	d919      	bls.n	3354 <usb_midi_read+0x70>
    3320:	28f7      	cmp	r0, #247	; 0xf7
    3322:	bf18      	it	ne
    3324:	28f0      	cmpne	r0, #240	; 0xf0
    3326:	d901      	bls.n	332c <usb_midi_read+0x48>
    3328:	2d05      	cmp	r5, #5
    332a:	d013      	beq.n	3354 <usb_midi_read+0x70>
	if (type1 == 0x04) {
    332c:	2d04      	cmp	r5, #4
    332e:	f000 8185 	beq.w	363c <usb_midi_read+0x358>
	if (type1 >= 0x05 && type1 <= 0x07) {
    3332:	1f6b      	subs	r3, r5, #5
    3334:	2b02      	cmp	r3, #2
    3336:	f240 8145 	bls.w	35c4 <usb_midi_read+0x2e0>
	if (type1 == 0x0F) {
    333a:	2d0f      	cmp	r5, #15
    333c:	d1ea      	bne.n	3314 <usb_midi_read+0x30>
		if (b1 >= 0xF8) {
    333e:	28f7      	cmp	r0, #247	; 0xf7
    3340:	d808      	bhi.n	3354 <usb_midi_read+0x70>
		if (b1 == 0xF0 || usb_midi_msg_sysex_len > 0) {
    3342:	28f0      	cmp	r0, #240	; 0xf0
    3344:	d003      	beq.n	334e <usb_midi_read+0x6a>
    3346:	4b89      	ldr	r3, [pc, #548]	; (356c <usb_midi_read+0x288>)
    3348:	881b      	ldrh	r3, [r3, #0]
    334a:	2b00      	cmp	r3, #0
    334c:	d0e2      	beq.n	3314 <usb_midi_read+0x30>
			sysex_byte(b1);
    334e:	f7ff fd9b 	bl	2e88 <sysex_byte>
    3352:	e7df      	b.n	3314 <usb_midi_read+0x30>
		switch (b1) {
    3354:	38f1      	subs	r0, #241	; 0xf1
    3356:	280e      	cmp	r0, #14
    3358:	d8dc      	bhi.n	3314 <usb_midi_read+0x30>
    335a:	a301      	add	r3, pc, #4	; (adr r3, 3360 <usb_midi_read+0x7c>)
    335c:	f853 f020 	ldr.w	pc, [r3, r0, lsl #2]
    3360:	000034d5 	.word	0x000034d5
    3364:	000034e7 	.word	0x000034e7
    3368:	00003505 	.word	0x00003505
    336c:	00003315 	.word	0x00003315
    3370:	00003315 	.word	0x00003315
    3374:	00003513 	.word	0x00003513
    3378:	00003315 	.word	0x00003315
    337c:	00003521 	.word	0x00003521
    3380:	00003315 	.word	0x00003315
    3384:	0000344d 	.word	0x0000344d
    3388:	00003483 	.word	0x00003483
    338c:	00003467 	.word	0x00003467
    3390:	00003315 	.word	0x00003315
    3394:	0000349f 	.word	0x0000349f
    3398:	000034bb 	.word	0x000034bb
		if (type1 == 0x08 && type2 == 0x08) {
    339c:	2d08      	cmp	r5, #8
	type2 = (n >> 12) & 15;
    339e:	f3c4 3203 	ubfx	r2, r4, #12, #4
		if (type1 == 0x08 && type2 == 0x08) {
    33a2:	d117      	bne.n	33d4 <usb_midi_read+0xf0>
    33a4:	2a08      	cmp	r2, #8
    33a6:	d115      	bne.n	33d4 <usb_midi_read+0xf0>
			if (usb_midi_handleNoteOff)
    33a8:	4871      	ldr	r0, [pc, #452]	; (3570 <usb_midi_read+0x28c>)
			usb_midi_msg_type = 0x80;		// 0x80 = usbMIDI.NoteOff
    33aa:	2180      	movs	r1, #128	; 0x80
    33ac:	4a71      	ldr	r2, [pc, #452]	; (3574 <usb_midi_read+0x290>)
			if (usb_midi_handleControlChange)
    33ae:	6807      	ldr	r7, [r0, #0]
				(*usb_midi_handleControlChange)(ch, (n >> 16), (n >> 24));
    33b0:	f3c4 4607 	ubfx	r6, r4, #16, #8
    33b4:	b2dd      	uxtb	r5, r3
			usb_midi_msg_type = 0xB0;		// 0xB0 = usbMIDI.ControlChange
    33b6:	7011      	strb	r1, [r2, #0]
				(*usb_midi_handleControlChange)(ch, (n >> 16), (n >> 24));
    33b8:	0e24      	lsrs	r4, r4, #24
			if (usb_midi_handleControlChange)
    33ba:	b11f      	cbz	r7, 33c4 <usb_midi_read+0xe0>
				(*usb_midi_handleControlChange)(ch, (n >> 16), (n >> 24));
    33bc:	4631      	mov	r1, r6
    33be:	4628      	mov	r0, r5
    33c0:	4622      	mov	r2, r4
    33c2:	47b8      	blx	r7
		usb_midi_msg_channel = ch;
    33c4:	4b6c      	ldr	r3, [pc, #432]	; (3578 <usb_midi_read+0x294>)
		return 1;
    33c6:	2001      	movs	r0, #1
		usb_midi_msg_data1 = (n >> 16);
    33c8:	496c      	ldr	r1, [pc, #432]	; (357c <usb_midi_read+0x298>)
		usb_midi_msg_channel = ch;
    33ca:	701d      	strb	r5, [r3, #0]
		usb_midi_msg_data2 = (n >> 24);
    33cc:	4b6c      	ldr	r3, [pc, #432]	; (3580 <usb_midi_read+0x29c>)
		usb_midi_msg_data1 = (n >> 16);
    33ce:	700e      	strb	r6, [r1, #0]
		usb_midi_msg_data2 = (n >> 24);
    33d0:	701c      	strb	r4, [r3, #0]
}
    33d2:	bdf8      	pop	{r3, r4, r5, r6, r7, pc}
		if (type1 == 0x09 && type2 == 0x09) {
    33d4:	2d09      	cmp	r5, #9
    33d6:	d114      	bne.n	3402 <usb_midi_read+0x11e>
    33d8:	2a09      	cmp	r2, #9
    33da:	d112      	bne.n	3402 <usb_midi_read+0x11e>
			if ((n >> 24) > 0) {
    33dc:	0e22      	lsrs	r2, r4, #24
				usb_midi_msg_type = 0x90;	// 0x90 = usbMIDI.NoteOn
    33de:	4965      	ldr	r1, [pc, #404]	; (3574 <usb_midi_read+0x290>)
			if ((n >> 24) > 0) {
    33e0:	f000 80b4 	beq.w	354c <usb_midi_read+0x268>
				usb_midi_msg_type = 0x90;	// 0x90 = usbMIDI.NoteOn
    33e4:	2090      	movs	r0, #144	; 0x90
					(*usb_midi_handleNoteOn)(ch, (n >> 16), (n >> 24));
    33e6:	f3c4 4607 	ubfx	r6, r4, #16, #8
    33ea:	b2dd      	uxtb	r5, r3
				usb_midi_msg_type = 0x90;	// 0x90 = usbMIDI.NoteOn
    33ec:	7008      	strb	r0, [r1, #0]
					(*usb_midi_handleNoteOn)(ch, (n >> 16), (n >> 24));
    33ee:	b2d4      	uxtb	r4, r2
				if (usb_midi_handleNoteOn)
    33f0:	4964      	ldr	r1, [pc, #400]	; (3584 <usb_midi_read+0x2a0>)
    33f2:	680f      	ldr	r7, [r1, #0]
    33f4:	2f00      	cmp	r7, #0
    33f6:	d0e5      	beq.n	33c4 <usb_midi_read+0xe0>
					(*usb_midi_handleNoteOn)(ch, (n >> 16), (n >> 24));
    33f8:	4622      	mov	r2, r4
    33fa:	4631      	mov	r1, r6
    33fc:	4628      	mov	r0, r5
    33fe:	47b8      	blx	r7
    3400:	e7e0      	b.n	33c4 <usb_midi_read+0xe0>
		if (type1 == 0x0A && type2 == 0x0A) {
    3402:	2d0a      	cmp	r5, #10
    3404:	d105      	bne.n	3412 <usb_midi_read+0x12e>
    3406:	2a0a      	cmp	r2, #10
    3408:	d103      	bne.n	3412 <usb_midi_read+0x12e>
			if (usb_midi_handleVelocityChange)
    340a:	485f      	ldr	r0, [pc, #380]	; (3588 <usb_midi_read+0x2a4>)
			usb_midi_msg_type = 0xA0;		// 0xA0 = usbMIDI.AfterTouchPoly
    340c:	21a0      	movs	r1, #160	; 0xa0
    340e:	4a59      	ldr	r2, [pc, #356]	; (3574 <usb_midi_read+0x290>)
    3410:	e7cd      	b.n	33ae <usb_midi_read+0xca>
		if (type1 == 0x0B && type2 == 0x0B) {
    3412:	2d0b      	cmp	r5, #11
    3414:	d105      	bne.n	3422 <usb_midi_read+0x13e>
    3416:	2a0b      	cmp	r2, #11
    3418:	d103      	bne.n	3422 <usb_midi_read+0x13e>
			if (usb_midi_handleControlChange)
    341a:	485c      	ldr	r0, [pc, #368]	; (358c <usb_midi_read+0x2a8>)
			usb_midi_msg_type = 0xB0;		// 0xB0 = usbMIDI.ControlChange
    341c:	21b0      	movs	r1, #176	; 0xb0
    341e:	4a55      	ldr	r2, [pc, #340]	; (3574 <usb_midi_read+0x290>)
    3420:	e7c5      	b.n	33ae <usb_midi_read+0xca>
		if (type1 == 0x0C && type2 == 0x0C) {
    3422:	2d0c      	cmp	r5, #12
    3424:	f040 808a 	bne.w	353c <usb_midi_read+0x258>
    3428:	2a0c      	cmp	r2, #12
    342a:	f040 8087 	bne.w	353c <usb_midi_read+0x258>
			if (usb_midi_handleProgramChange)
    342e:	4a58      	ldr	r2, [pc, #352]	; (3590 <usb_midi_read+0x2ac>)
			usb_midi_msg_type = 0xC0;		// 0xC0 = usbMIDI.ProgramChange
    3430:	20c0      	movs	r0, #192	; 0xc0
    3432:	4950      	ldr	r1, [pc, #320]	; (3574 <usb_midi_read+0x290>)
			if (usb_midi_handleAfterTouch)
    3434:	6812      	ldr	r2, [r2, #0]
				(*usb_midi_handleAfterTouch)(ch, (n >> 16));
    3436:	f3c4 4607 	ubfx	r6, r4, #16, #8
    343a:	b2dd      	uxtb	r5, r3
			usb_midi_msg_type = 0xD0;		// 0xD0 = usbMIDI.AfterTouchChannel
    343c:	7008      	strb	r0, [r1, #0]
				(*usb_midi_handleNoteOff)(ch, (n >> 16), (n >> 24));
    343e:	0e24      	lsrs	r4, r4, #24
			if (usb_midi_handleAfterTouch)
    3440:	2a00      	cmp	r2, #0
    3442:	d0bf      	beq.n	33c4 <usb_midi_read+0xe0>
				(*usb_midi_handleAfterTouch)(ch, (n >> 16));
    3444:	4631      	mov	r1, r6
    3446:	4628      	mov	r0, r5
    3448:	4790      	blx	r2
    344a:	e7bb      	b.n	33c4 <usb_midi_read+0xe0>
			if (usb_midi_handleStart) {
    344c:	4b51      	ldr	r3, [pc, #324]	; (3594 <usb_midi_read+0x2b0>)
    344e:	681b      	ldr	r3, [r3, #0]
    3450:	2b00      	cmp	r3, #0
    3452:	f000 810a 	beq.w	366a <usb_midi_read+0x386>
				(*usb_midi_handleNoteOff)(ch, (n >> 16), (n >> 24));
    3456:	f3c4 4607 	ubfx	r6, r4, #16, #8
				(*usb_midi_handleSystemReset)();
    345a:	4798      	blx	r3
		usb_midi_msg_type = b1;
    345c:	4b45      	ldr	r3, [pc, #276]	; (3574 <usb_midi_read+0x290>)
				(*usb_midi_handleNoteOff)(ch, (n >> 16), (n >> 24));
    345e:	0e24      	lsrs	r4, r4, #24
		goto return_message;
    3460:	2500      	movs	r5, #0
		usb_midi_msg_type = b1;
    3462:	701f      	strb	r7, [r3, #0]
		goto return_message;
    3464:	e7ae      	b.n	33c4 <usb_midi_read+0xe0>
			if (usb_midi_handleStop) {
    3466:	4b4c      	ldr	r3, [pc, #304]	; (3598 <usb_midi_read+0x2b4>)
    3468:	681b      	ldr	r3, [r3, #0]
    346a:	2b00      	cmp	r3, #0
    346c:	d1f3      	bne.n	3456 <usb_midi_read+0x172>
			} else if (usb_midi_handleRealTimeSystem) {
    346e:	4b4b      	ldr	r3, [pc, #300]	; (359c <usb_midi_read+0x2b8>)
    3470:	681b      	ldr	r3, [r3, #0]
    3472:	2b00      	cmp	r3, #0
    3474:	f000 80ed 	beq.w	3652 <usb_midi_read+0x36e>
				(*usb_midi_handleRealTimeSystem)(0xFC);
    3478:	20fc      	movs	r0, #252	; 0xfc
				(*usb_midi_handleNoteOff)(ch, (n >> 16), (n >> 24));
    347a:	f3c4 4607 	ubfx	r6, r4, #16, #8
				(*usb_midi_handleRealTimeSystem)(0xFC);
    347e:	4798      	blx	r3
    3480:	e7ec      	b.n	345c <usb_midi_read+0x178>
			if (usb_midi_handleContinue) {
    3482:	4b47      	ldr	r3, [pc, #284]	; (35a0 <usb_midi_read+0x2bc>)
    3484:	681b      	ldr	r3, [r3, #0]
    3486:	2b00      	cmp	r3, #0
    3488:	d1e5      	bne.n	3456 <usb_midi_read+0x172>
			} else if (usb_midi_handleRealTimeSystem) {
    348a:	4b44      	ldr	r3, [pc, #272]	; (359c <usb_midi_read+0x2b8>)
    348c:	681b      	ldr	r3, [r3, #0]
    348e:	2b00      	cmp	r3, #0
    3490:	f000 80df 	beq.w	3652 <usb_midi_read+0x36e>
				(*usb_midi_handleRealTimeSystem)(0xFB);
    3494:	20fb      	movs	r0, #251	; 0xfb
				(*usb_midi_handleNoteOff)(ch, (n >> 16), (n >> 24));
    3496:	f3c4 4607 	ubfx	r6, r4, #16, #8
				(*usb_midi_handleRealTimeSystem)(0xFB);
    349a:	4798      	blx	r3
    349c:	e7de      	b.n	345c <usb_midi_read+0x178>
			if (usb_midi_handleActiveSensing) {
    349e:	4b41      	ldr	r3, [pc, #260]	; (35a4 <usb_midi_read+0x2c0>)
    34a0:	681b      	ldr	r3, [r3, #0]
    34a2:	2b00      	cmp	r3, #0
    34a4:	d1d7      	bne.n	3456 <usb_midi_read+0x172>
			} else if (usb_midi_handleRealTimeSystem) {
    34a6:	4b3d      	ldr	r3, [pc, #244]	; (359c <usb_midi_read+0x2b8>)
    34a8:	681b      	ldr	r3, [r3, #0]
    34aa:	2b00      	cmp	r3, #0
    34ac:	f000 80d1 	beq.w	3652 <usb_midi_read+0x36e>
				(*usb_midi_handleRealTimeSystem)(0xFE);
    34b0:	20fe      	movs	r0, #254	; 0xfe
				(*usb_midi_handleNoteOff)(ch, (n >> 16), (n >> 24));
    34b2:	f3c4 4607 	ubfx	r6, r4, #16, #8
				(*usb_midi_handleRealTimeSystem)(0xFE);
    34b6:	4798      	blx	r3
    34b8:	e7d0      	b.n	345c <usb_midi_read+0x178>
			if (usb_midi_handleSystemReset) {
    34ba:	4b3b      	ldr	r3, [pc, #236]	; (35a8 <usb_midi_read+0x2c4>)
    34bc:	681b      	ldr	r3, [r3, #0]
    34be:	2b00      	cmp	r3, #0
    34c0:	d1c9      	bne.n	3456 <usb_midi_read+0x172>
			} else if (usb_midi_handleRealTimeSystem) {
    34c2:	4b36      	ldr	r3, [pc, #216]	; (359c <usb_midi_read+0x2b8>)
				(*usb_midi_handleNoteOff)(ch, (n >> 16), (n >> 24));
    34c4:	f3c4 4607 	ubfx	r6, r4, #16, #8
			} else if (usb_midi_handleRealTimeSystem) {
    34c8:	681b      	ldr	r3, [r3, #0]
    34ca:	2b00      	cmp	r3, #0
    34cc:	d0c6      	beq.n	345c <usb_midi_read+0x178>
				(*usb_midi_handleRealTimeSystem)(0xFF);
    34ce:	20ff      	movs	r0, #255	; 0xff
    34d0:	4798      	blx	r3
    34d2:	e7c3      	b.n	345c <usb_midi_read+0x178>
			if (usb_midi_handleTimeCodeQuarterFrame) {
    34d4:	4b35      	ldr	r3, [pc, #212]	; (35ac <usb_midi_read+0x2c8>)
				(*usb_midi_handleTimeCodeQuarterFrame)(n >> 16);
    34d6:	f3c4 4607 	ubfx	r6, r4, #16, #8
			if (usb_midi_handleTimeCodeQuarterFrame) {
    34da:	681b      	ldr	r3, [r3, #0]
    34dc:	2b00      	cmp	r3, #0
    34de:	d0bd      	beq.n	345c <usb_midi_read+0x178>
				(*usb_midi_handleSongSelect)(n >> 16);
    34e0:	4630      	mov	r0, r6
    34e2:	4798      	blx	r3
    34e4:	e7ba      	b.n	345c <usb_midi_read+0x178>
			if (usb_midi_handleSongPosition) {
    34e6:	4b32      	ldr	r3, [pc, #200]	; (35b0 <usb_midi_read+0x2cc>)
    34e8:	681a      	ldr	r2, [r3, #0]
    34ea:	2a00      	cmp	r2, #0
    34ec:	f000 80b1 	beq.w	3652 <usb_midi_read+0x36e>
				  ((n >> 16) & 0x7F) | ((n >> 17) & 0x3F80));
    34f0:	0c63      	lsrs	r3, r4, #17
    34f2:	f3c4 4006 	ubfx	r0, r4, #16, #7
    34f6:	0c26      	lsrs	r6, r4, #16
    34f8:	f403 537e 	and.w	r3, r3, #16256	; 0x3f80
				(*usb_midi_handleNoteOff)(ch, (n >> 16), (n >> 24));
    34fc:	b2f6      	uxtb	r6, r6
				(*usb_midi_handleSongPosition)(
    34fe:	4318      	orrs	r0, r3
    3500:	4790      	blx	r2
    3502:	e7ab      	b.n	345c <usb_midi_read+0x178>
			if (usb_midi_handleSongSelect) {
    3504:	4b2b      	ldr	r3, [pc, #172]	; (35b4 <usb_midi_read+0x2d0>)
				(*usb_midi_handleSongSelect)(n >> 16);
    3506:	f3c4 4607 	ubfx	r6, r4, #16, #8
			if (usb_midi_handleSongSelect) {
    350a:	681b      	ldr	r3, [r3, #0]
    350c:	2b00      	cmp	r3, #0
    350e:	d1e7      	bne.n	34e0 <usb_midi_read+0x1fc>
    3510:	e7a4      	b.n	345c <usb_midi_read+0x178>
			if (usb_midi_handleTuneRequest) {
    3512:	4b29      	ldr	r3, [pc, #164]	; (35b8 <usb_midi_read+0x2d4>)
				(*usb_midi_handleNoteOff)(ch, (n >> 16), (n >> 24));
    3514:	f3c4 4607 	ubfx	r6, r4, #16, #8
			if (usb_midi_handleTuneRequest) {
    3518:	681b      	ldr	r3, [r3, #0]
    351a:	2b00      	cmp	r3, #0
    351c:	d19d      	bne.n	345a <usb_midi_read+0x176>
    351e:	e79d      	b.n	345c <usb_midi_read+0x178>
			if (usb_midi_handleClock) {
    3520:	4b26      	ldr	r3, [pc, #152]	; (35bc <usb_midi_read+0x2d8>)
    3522:	681b      	ldr	r3, [r3, #0]
    3524:	2b00      	cmp	r3, #0
    3526:	d196      	bne.n	3456 <usb_midi_read+0x172>
			} else if (usb_midi_handleRealTimeSystem) {
    3528:	4b1c      	ldr	r3, [pc, #112]	; (359c <usb_midi_read+0x2b8>)
    352a:	681b      	ldr	r3, [r3, #0]
    352c:	2b00      	cmp	r3, #0
    352e:	f000 8090 	beq.w	3652 <usb_midi_read+0x36e>
				(*usb_midi_handleRealTimeSystem)(0xF8);
    3532:	20f8      	movs	r0, #248	; 0xf8
				(*usb_midi_handleNoteOff)(ch, (n >> 16), (n >> 24));
    3534:	f3c4 4607 	ubfx	r6, r4, #16, #8
				(*usb_midi_handleRealTimeSystem)(0xF8);
    3538:	4798      	blx	r3
    353a:	e78f      	b.n	345c <usb_midi_read+0x178>
		if (type1 == 0x0D && type2 == 0x0D) {
    353c:	2d0d      	cmp	r5, #13
    353e:	d162      	bne.n	3606 <usb_midi_read+0x322>
    3540:	2a0d      	cmp	r2, #13
    3542:	d160      	bne.n	3606 <usb_midi_read+0x322>
			if (usb_midi_handleAfterTouch)
    3544:	4a1e      	ldr	r2, [pc, #120]	; (35c0 <usb_midi_read+0x2dc>)
			usb_midi_msg_type = 0xD0;		// 0xD0 = usbMIDI.AfterTouchChannel
    3546:	20d0      	movs	r0, #208	; 0xd0
    3548:	490a      	ldr	r1, [pc, #40]	; (3574 <usb_midi_read+0x290>)
    354a:	e773      	b.n	3434 <usb_midi_read+0x150>
				usb_midi_msg_type = 0x80;	// 0x80 = usbMIDI.NoteOff
    354c:	2080      	movs	r0, #128	; 0x80
					(*usb_midi_handleNoteOff)(ch, (n >> 16), (n >> 24));
    354e:	b2dd      	uxtb	r5, r3
    3550:	f3c4 4607 	ubfx	r6, r4, #16, #8
				usb_midi_msg_type = 0x80;	// 0x80 = usbMIDI.NoteOff
    3554:	7008      	strb	r0, [r1, #0]
				if (usb_midi_handleNoteOff)
    3556:	4906      	ldr	r1, [pc, #24]	; (3570 <usb_midi_read+0x28c>)
    3558:	680f      	ldr	r7, [r1, #0]
    355a:	2f00      	cmp	r7, #0
    355c:	d07c      	beq.n	3658 <usb_midi_read+0x374>
					(*usb_midi_handleNoteOff)(ch, (n >> 16), (n >> 24));
    355e:	4631      	mov	r1, r6
    3560:	4628      	mov	r0, r5
    3562:	4614      	mov	r4, r2
    3564:	47b8      	blx	r7
    3566:	e72d      	b.n	33c4 <usb_midi_read+0xe0>
    3568:	20001fe6 	.word	0x20001fe6
    356c:	20001fd4 	.word	0x20001fd4
    3570:	20001e64 	.word	0x20001e64
    3574:	20001fea 	.word	0x20001fea
    3578:	20001fe7 	.word	0x20001fe7
    357c:	20001fe8 	.word	0x20001fe8
    3580:	20001fe9 	.word	0x20001fe9
    3584:	20001e68 	.word	0x20001e68
    3588:	20001e9c 	.word	0x20001e9c
    358c:	20001e60 	.word	0x20001e60
    3590:	20001e70 	.word	0x20001e70
    3594:	20001e80 	.word	0x20001e80
    3598:	20001e84 	.word	0x20001e84
    359c:	20001e74 	.word	0x20001e74
    35a0:	20001e5c 	.word	0x20001e5c
    35a4:	20001e50 	.word	0x20001e50
    35a8:	20001e90 	.word	0x20001e90
    35ac:	20001e94 	.word	0x20001e94
    35b0:	20001e78 	.word	0x20001e78
    35b4:	20001e7c 	.word	0x20001e7c
    35b8:	20001e98 	.word	0x20001e98
    35bc:	20001e58 	.word	0x20001e58
    35c0:	20001e54 	.word	0x20001e54
		sysex_byte(b1);
    35c4:	f7ff fc60 	bl	2e88 <sysex_byte>
		if (type1 >= 0x06) sysex_byte(n >> 16);
    35c8:	2d05      	cmp	r5, #5
    35ca:	d008      	beq.n	35de <usb_midi_read+0x2fa>
    35cc:	f3c4 4007 	ubfx	r0, r4, #16, #8
    35d0:	f7ff fc5a 	bl	2e88 <sysex_byte>
		if (type1 == 0x07) sysex_byte(n >> 24);
    35d4:	2d07      	cmp	r5, #7
    35d6:	d102      	bne.n	35de <usb_midi_read+0x2fa>
    35d8:	0e20      	lsrs	r0, r4, #24
    35da:	f7ff fc55 	bl	2e88 <sysex_byte>
		uint16_t len = usb_midi_msg_sysex_len;
    35de:	4b2b      	ldr	r3, [pc, #172]	; (368c <usb_midi_read+0x3a8>)
		usb_midi_msg_data1 = len;
    35e0:	482b      	ldr	r0, [pc, #172]	; (3690 <usb_midi_read+0x3ac>)
		uint16_t len = usb_midi_msg_sysex_len;
    35e2:	8819      	ldrh	r1, [r3, #0]
		usb_midi_msg_data2 = len >> 8;
    35e4:	4a2b      	ldr	r2, [pc, #172]	; (3694 <usb_midi_read+0x3b0>)
		usb_midi_msg_data1 = len;
    35e6:	7001      	strb	r1, [r0, #0]
		usb_midi_msg_data2 = len >> 8;
    35e8:	0a08      	lsrs	r0, r1, #8
		if (usb_midi_handleSysExPartial) {
    35ea:	4c2b      	ldr	r4, [pc, #172]	; (3698 <usb_midi_read+0x3b4>)
		usb_midi_msg_data2 = len >> 8;
    35ec:	7010      	strb	r0, [r2, #0]
		usb_midi_msg_sysex_len = 0;
    35ee:	2000      	movs	r0, #0
		usb_midi_msg_type = 0xF0;			// 0xF0 = usbMIDI.SystemExclusive
    35f0:	4a2a      	ldr	r2, [pc, #168]	; (369c <usb_midi_read+0x3b8>)
		usb_midi_msg_sysex_len = 0;
    35f2:	8018      	strh	r0, [r3, #0]
		usb_midi_msg_type = 0xF0;			// 0xF0 = usbMIDI.SystemExclusive
    35f4:	23f0      	movs	r3, #240	; 0xf0
		if (usb_midi_handleSysExPartial) {
    35f6:	6824      	ldr	r4, [r4, #0]
		usb_midi_msg_type = 0xF0;			// 0xF0 = usbMIDI.SystemExclusive
    35f8:	7013      	strb	r3, [r2, #0]
		if (usb_midi_handleSysExPartial) {
    35fa:	b37c      	cbz	r4, 365c <usb_midi_read+0x378>
			(*usb_midi_handleSysExPartial)(usb_midi_msg_sysex, len, 1);
    35fc:	2201      	movs	r2, #1
    35fe:	4828      	ldr	r0, [pc, #160]	; (36a0 <usb_midi_read+0x3bc>)
    3600:	47a0      	blx	r4
		return 1;
    3602:	2001      	movs	r0, #1
}
    3604:	bdf8      	pop	{r3, r4, r5, r6, r7, pc}
		if (type1 == 0x0E && type2 == 0x0E) {
    3606:	2d0e      	cmp	r5, #14
    3608:	f47f ae84 	bne.w	3314 <usb_midi_read+0x30>
    360c:	2a0e      	cmp	r2, #14
    360e:	f47f ae81 	bne.w	3314 <usb_midi_read+0x30>
			if (usb_midi_handlePitchChange) {
    3612:	4a24      	ldr	r2, [pc, #144]	; (36a4 <usb_midi_read+0x3c0>)
			usb_midi_msg_type = 0xE0;		// 0xE0 = usbMIDI.PitchBend
    3614:	20e0      	movs	r0, #224	; 0xe0
    3616:	4921      	ldr	r1, [pc, #132]	; (369c <usb_midi_read+0x3b8>)
			if (usb_midi_handlePitchChange) {
    3618:	6812      	ldr	r2, [r2, #0]
			usb_midi_msg_type = 0xE0;		// 0xE0 = usbMIDI.PitchBend
    361a:	7008      	strb	r0, [r1, #0]
			if (usb_midi_handlePitchChange) {
    361c:	b372      	cbz	r2, 367c <usb_midi_read+0x398>
				int value = ((n >> 16) & 0x7F) | ((n >> 17) & 0x3F80);
    361e:	0c61      	lsrs	r1, r4, #17
    3620:	f3c4 4006 	ubfx	r0, r4, #16, #7
				(*usb_midi_handlePitchChange)(ch, value);
    3624:	b2dd      	uxtb	r5, r3
				int value = ((n >> 16) & 0x7F) | ((n >> 17) & 0x3F80);
    3626:	f401 517e 	and.w	r1, r1, #16256	; 0x3f80
    362a:	0c26      	lsrs	r6, r4, #16
				(*usb_midi_handleNoteOff)(ch, (n >> 16), (n >> 24));
    362c:	0e24      	lsrs	r4, r4, #24
				int value = ((n >> 16) & 0x7F) | ((n >> 17) & 0x3F80);
    362e:	4301      	orrs	r1, r0
				(*usb_midi_handlePitchChange)(ch, value);
    3630:	4628      	mov	r0, r5
				(*usb_midi_handleNoteOff)(ch, (n >> 16), (n >> 24));
    3632:	b2f6      	uxtb	r6, r6
				(*usb_midi_handlePitchChange)(ch, value);
    3634:	f5a1 5100 	sub.w	r1, r1, #8192	; 0x2000
    3638:	4790      	blx	r2
    363a:	e6c3      	b.n	33c4 <usb_midi_read+0xe0>
		sysex_byte(n >> 8);
    363c:	f7ff fc24 	bl	2e88 <sysex_byte>
		sysex_byte(n >> 16);
    3640:	f3c4 4007 	ubfx	r0, r4, #16, #8
    3644:	f7ff fc20 	bl	2e88 <sysex_byte>
		sysex_byte(n >> 24);
    3648:	0e20      	lsrs	r0, r4, #24
    364a:	f7ff fc1d 	bl	2e88 <sysex_byte>
		return 0;
    364e:	2000      	movs	r0, #0
}
    3650:	bdf8      	pop	{r3, r4, r5, r6, r7, pc}
				(*usb_midi_handleNoteOff)(ch, (n >> 16), (n >> 24));
    3652:	f3c4 4607 	ubfx	r6, r4, #16, #8
    3656:	e701      	b.n	345c <usb_midi_read+0x178>
    3658:	463c      	mov	r4, r7
    365a:	e6b3      	b.n	33c4 <usb_midi_read+0xe0>
		} else if (usb_midi_handleSysExComplete) {
    365c:	4b12      	ldr	r3, [pc, #72]	; (36a8 <usb_midi_read+0x3c4>)
    365e:	681b      	ldr	r3, [r3, #0]
    3660:	b18b      	cbz	r3, 3686 <usb_midi_read+0x3a2>
			(*usb_midi_handleSysExComplete)(usb_midi_msg_sysex, len);
    3662:	480f      	ldr	r0, [pc, #60]	; (36a0 <usb_midi_read+0x3bc>)
    3664:	4798      	blx	r3
		return 1;
    3666:	2001      	movs	r0, #1
}
    3668:	bdf8      	pop	{r3, r4, r5, r6, r7, pc}
			} else if (usb_midi_handleRealTimeSystem) {
    366a:	4b10      	ldr	r3, [pc, #64]	; (36ac <usb_midi_read+0x3c8>)
    366c:	681b      	ldr	r3, [r3, #0]
    366e:	2b00      	cmp	r3, #0
    3670:	d0ef      	beq.n	3652 <usb_midi_read+0x36e>
				(*usb_midi_handleRealTimeSystem)(0xFA);
    3672:	20fa      	movs	r0, #250	; 0xfa
				(*usb_midi_handleNoteOff)(ch, (n >> 16), (n >> 24));
    3674:	f3c4 4607 	ubfx	r6, r4, #16, #8
				(*usb_midi_handleRealTimeSystem)(0xFA);
    3678:	4798      	blx	r3
    367a:	e6ef      	b.n	345c <usb_midi_read+0x178>
				(*usb_midi_handleNoteOff)(ch, (n >> 16), (n >> 24));
    367c:	f3c4 4607 	ubfx	r6, r4, #16, #8
    3680:	b2dd      	uxtb	r5, r3
    3682:	0e24      	lsrs	r4, r4, #24
    3684:	e69e      	b.n	33c4 <usb_midi_read+0xe0>
		return 1;
    3686:	2001      	movs	r0, #1
}
    3688:	bdf8      	pop	{r3, r4, r5, r6, r7, pc}
    368a:	bf00      	nop
    368c:	20001fd4 	.word	0x20001fd4
    3690:	20001fe8 	.word	0x20001fe8
    3694:	20001fe9 	.word	0x20001fe9
    3698:	20001e8c 	.word	0x20001e8c
    369c:	20001fea 	.word	0x20001fea
    36a0:	20001ea0 	.word	0x20001ea0
    36a4:	20001e6c 	.word	0x20001e6c
    36a8:	20001e88 	.word	0x20001e88
    36ac:	20001e74 	.word	0x20001e74

000036b0 <rx_queue_transfer>:
{
    36b0:	b5f8      	push	{r3, r4, r5, r6, r7, lr}
	void *buffer = rx_buffer + i * SEREMU_RX_SIZE;
    36b2:	4d10      	ldr	r5, [pc, #64]	; (36f4 <rx_queue_transfer+0x44>)
	NVIC_DISABLE_IRQ(IRQ_USB1);
    36b4:	f04f 26e0 	mov.w	r6, #3758153728	; 0xe000e000
	usb_prepare_transfer(rx_transfer + i, buffer, SEREMU_RX_SIZE, i);
    36b8:	4c0f      	ldr	r4, [pc, #60]	; (36f8 <rx_queue_transfer+0x48>)
	NVIC_DISABLE_IRQ(IRQ_USB1);
    36ba:	f44f 3700 	mov.w	r7, #131072	; 0x20000
	void *buffer = rx_buffer + i * SEREMU_RX_SIZE;
    36be:	eb05 1540 	add.w	r5, r5, r0, lsl #5
{
    36c2:	4603      	mov	r3, r0
	usb_prepare_transfer(rx_transfer + i, buffer, SEREMU_RX_SIZE, i);
    36c4:	eb04 1440 	add.w	r4, r4, r0, lsl #5
    36c8:	2220      	movs	r2, #32
    36ca:	4629      	mov	r1, r5
	NVIC_DISABLE_IRQ(IRQ_USB1);
    36cc:	f8c6 718c 	str.w	r7, [r6, #396]	; 0x18c
	usb_prepare_transfer(rx_transfer + i, buffer, SEREMU_RX_SIZE, i);
    36d0:	4620      	mov	r0, r4
    36d2:	f7ff fb71 	bl	2db8 <usb_prepare_transfer>
	asm("dsb");
    36d6:	f3bf 8f4f 	dsb	sy
		SCB_CACHE_DCIMVAC = location;
    36da:	f8c6 5f5c 	str.w	r5, [r6, #3932]	; 0xf5c
	asm("dsb");
    36de:	f3bf 8f4f 	dsb	sy
	asm("isb");
    36e2:	f3bf 8f6f 	isb	sy
	usb_receive(SEREMU_RX_ENDPOINT, rx_transfer + i);
    36e6:	2002      	movs	r0, #2
    36e8:	4621      	mov	r1, r4
    36ea:	f7ff fb91 	bl	2e10 <usb_receive>
	NVIC_ENABLE_IRQ(IRQ_USB1);
    36ee:	f8c6 710c 	str.w	r7, [r6, #268]	; 0x10c
}
    36f2:	bdf8      	pop	{r3, r4, r5, r6, r7, pc}
    36f4:	20201480 	.word	0x20201480
    36f8:	20000fc0 	.word	0x20000fc0

000036fc <rx_event>:
	int len = SEREMU_RX_SIZE - ((t->status >> 16) & 0x7FFF);
    36fc:	6843      	ldr	r3, [r0, #4]
	int i = t->callback_param;
    36fe:	69c0      	ldr	r0, [r0, #28]
	int len = SEREMU_RX_SIZE - ((t->status >> 16) & 0x7FFF);
    3700:	f3c3 430e 	ubfx	r3, r3, #16, #15
	if (len == SEREMU_RX_SIZE && rx_buffer[i * SEREMU_RX_SIZE] != 0) {
    3704:	b9c3      	cbnz	r3, 3738 <rx_event+0x3c>
    3706:	490e      	ldr	r1, [pc, #56]	; (3740 <rx_event+0x44>)
    3708:	0142      	lsls	r2, r0, #5
    370a:	5c8a      	ldrb	r2, [r1, r2]
    370c:	b1a2      	cbz	r2, 3738 <rx_event+0x3c>
		uint32_t head = rx_head;
    370e:	490d      	ldr	r1, [pc, #52]	; (3744 <rx_event+0x48>)
{
    3710:	b410      	push	{r4}
		uint32_t head = rx_head;
    3712:	780a      	ldrb	r2, [r1, #0]
		rx_index[i] = 0;
    3714:	4c0c      	ldr	r4, [pc, #48]	; (3748 <rx_event+0x4c>)
		if (++head > RX_NUM) head = 0;
    3716:	3201      	adds	r2, #1
		rx_index[i] = 0;
    3718:	f824 3010 	strh.w	r3, [r4, r0, lsl #1]
		if (++head > RX_NUM) head = 0;
    371c:	2a08      	cmp	r2, #8
    371e:	d80d      	bhi.n	373c <rx_event+0x40>
		rx_head = head;
    3720:	b2d4      	uxtb	r4, r2
    3722:	4613      	mov	r3, r2
    3724:	700c      	strb	r4, [r1, #0]
		rx_available += len;
    3726:	4909      	ldr	r1, [pc, #36]	; (374c <rx_event+0x50>)
		rx_list[head] = i;
    3728:	4c09      	ldr	r4, [pc, #36]	; (3750 <rx_event+0x54>)
		rx_available += len;
    372a:	680a      	ldr	r2, [r1, #0]
		rx_list[head] = i;
    372c:	54e0      	strb	r0, [r4, r3]
		rx_available += len;
    372e:	3220      	adds	r2, #32
}
    3730:	f85d 4b04 	ldr.w	r4, [sp], #4
		rx_available += len;
    3734:	600a      	str	r2, [r1, #0]
}
    3736:	4770      	bx	lr
		rx_queue_transfer(i);
    3738:	f7ff bfba 	b.w	36b0 <rx_queue_transfer>
    373c:	461c      	mov	r4, r3
    373e:	e7f1      	b.n	3724 <rx_event+0x28>
    3740:	20201480 	.word	0x20201480
    3744:	20001fdb 	.word	0x20001fdb
    3748:	20001ddc 	.word	0x20001ddc
    374c:	20001dc0 	.word	0x20001dc0
    3750:	20001df4 	.word	0x20001df4

00003754 <usb_seremu_configure>:
{
    3754:	b538      	push	{r3, r4, r5, lr}
	tx_head = 0;
    3756:	2400      	movs	r4, #0
	memset(tx_transfer, 0, sizeof(tx_transfer));
    3758:	f44f 72c0 	mov.w	r2, #384	; 0x180
    375c:	4821      	ldr	r0, [pc, #132]	; (37e4 <usb_seremu_configure+0x90>)
    375e:	4621      	mov	r1, r4
	rx_available = 0;
    3760:	4d21      	ldr	r5, [pc, #132]	; (37e8 <usb_seremu_configure+0x94>)
	memset(tx_transfer, 0, sizeof(tx_transfer));
    3762:	f000 fe47 	bl	43f4 <memset>
	tx_head = 0;
    3766:	4821      	ldr	r0, [pc, #132]	; (37ec <usb_seremu_configure+0x98>)
	tx_available = 0;
    3768:	4b21      	ldr	r3, [pc, #132]	; (37f0 <usb_seremu_configure+0x9c>)
	memset(rx_transfer, 0, sizeof(rx_transfer));
    376a:	f44f 7280 	mov.w	r2, #256	; 0x100
    376e:	4621      	mov	r1, r4
	tx_head = 0;
    3770:	7004      	strb	r4, [r0, #0]
	memset(rx_transfer, 0, sizeof(rx_transfer));
    3772:	4820      	ldr	r0, [pc, #128]	; (37f4 <usb_seremu_configure+0xa0>)
	tx_available = 0;
    3774:	801c      	strh	r4, [r3, #0]
	memset(rx_transfer, 0, sizeof(rx_transfer));
    3776:	f000 fe3d 	bl	43f4 <memset>
	memset(rx_index, 0, sizeof(rx_index));
    377a:	4a1f      	ldr	r2, [pc, #124]	; (37f8 <usb_seremu_configure+0xa4>)
	usb_config_rx(SEREMU_RX_ENDPOINT, SEREMU_RX_SIZE, 0, rx_event); // SEREMU_RX_SIZE = 32
    377c:	2002      	movs	r0, #2
	rx_head = 0;
    377e:	491f      	ldr	r1, [pc, #124]	; (37fc <usb_seremu_configure+0xa8>)
	rx_tail = 0;
    3780:	4b1f      	ldr	r3, [pc, #124]	; (3800 <usb_seremu_configure+0xac>)
	rx_head = 0;
    3782:	700c      	strb	r4, [r1, #0]
	usb_config_rx(SEREMU_RX_ENDPOINT, SEREMU_RX_SIZE, 0, rx_event); // SEREMU_RX_SIZE = 32
    3784:	2120      	movs	r1, #32
	rx_tail = 0;
    3786:	701c      	strb	r4, [r3, #0]
	memset(rx_index, 0, sizeof(rx_index));
    3788:	6014      	str	r4, [r2, #0]
	usb_config_rx(SEREMU_RX_ENDPOINT, SEREMU_RX_SIZE, 0, rx_event); // SEREMU_RX_SIZE = 32
    378a:	4b1e      	ldr	r3, [pc, #120]	; (3804 <usb_seremu_configure+0xb0>)
	memset(rx_index, 0, sizeof(rx_index));
    378c:	6054      	str	r4, [r2, #4]
	rx_available = 0;
    378e:	602c      	str	r4, [r5, #0]
	memset(rx_index, 0, sizeof(rx_index));
    3790:	e9c2 4402 	strd	r4, r4, [r2, #8]
	usb_config_rx(SEREMU_RX_ENDPOINT, SEREMU_RX_SIZE, 0, rx_event); // SEREMU_RX_SIZE = 32
    3794:	4622      	mov	r2, r4
    3796:	f7ff faab 	bl	2cf0 <usb_config_rx>
	usb_config_tx(SEREMU_TX_ENDPOINT, SEREMU_TX_SIZE, 0, NULL);     // SEREMU_TX_SIZE = 64
    379a:	4623      	mov	r3, r4
    379c:	4622      	mov	r2, r4
    379e:	2140      	movs	r1, #64	; 0x40
    37a0:	2002      	movs	r0, #2
    37a2:	f7ff fad7 	bl	2d54 <usb_config_tx>
	for (i=0; i < RX_NUM; i++) rx_queue_transfer(i);
    37a6:	4620      	mov	r0, r4
    37a8:	3401      	adds	r4, #1
    37aa:	f7ff ff81 	bl	36b0 <rx_queue_transfer>
    37ae:	2c08      	cmp	r4, #8
    37b0:	d1f9      	bne.n	37a6 <usb_seremu_configure+0x52>
	USB1_GPTIMER0CTRL = 0;
    37b2:	4b15      	ldr	r3, [pc, #84]	; (3808 <usb_seremu_configure+0xb4>)
    37b4:	2100      	movs	r1, #0
	USB1_GPTIMER0LD = microseconds - 1;
    37b6:	224a      	movs	r2, #74	; 0x4a
	usb_timer0_callback = callback;
    37b8:	4814      	ldr	r0, [pc, #80]	; (380c <usb_seremu_configure+0xb8>)
    37ba:	4c15      	ldr	r4, [pc, #84]	; (3810 <usb_seremu_configure+0xbc>)
    37bc:	6004      	str	r4, [r0, #0]
	USB1_GPTIMER0CTRL = 0;
    37be:	f8c3 1084 	str.w	r1, [r3, #132]	; 0x84
	USB1_GPTIMER0LD = microseconds - 1;
    37c2:	f8c3 2080 	str.w	r2, [r3, #128]	; 0x80
	USB1_USBINTR |= USB_USBINTR_TIE0;
    37c6:	f8d3 2148 	ldr.w	r2, [r3, #328]	; 0x148
	if (serialEvent) yield_active_check_flags |= YIELD_CHECK_USB_SERIAL;
    37ca:	4912      	ldr	r1, [pc, #72]	; (3814 <usb_seremu_configure+0xc0>)
	USB1_USBINTR |= USB_USBINTR_TIE0;
    37cc:	f042 7280 	orr.w	r2, r2, #16777216	; 0x1000000
    37d0:	f8c3 2148 	str.w	r2, [r3, #328]	; 0x148
	if (serialEvent) yield_active_check_flags |= YIELD_CHECK_USB_SERIAL;
    37d4:	b121      	cbz	r1, 37e0 <usb_seremu_configure+0x8c>
    37d6:	4a10      	ldr	r2, [pc, #64]	; (3818 <usb_seremu_configure+0xc4>)
    37d8:	7813      	ldrb	r3, [r2, #0]
    37da:	f043 0301 	orr.w	r3, r3, #1
    37de:	7013      	strb	r3, [r2, #0]
}
    37e0:	bd38      	pop	{r3, r4, r5, pc}
    37e2:	bf00      	nop
    37e4:	20001140 	.word	0x20001140
    37e8:	20001dc0 	.word	0x20001dc0
    37ec:	20001fe1 	.word	0x20001fe1
    37f0:	20001fd0 	.word	0x20001fd0
    37f4:	20000fc0 	.word	0x20000fc0
    37f8:	20001ddc 	.word	0x20001ddc
    37fc:	20001fdb 	.word	0x20001fdb
    3800:	20001fdd 	.word	0x20001fdd
    3804:	000036fd 	.word	0x000036fd
    3808:	402e0000 	.word	0x402e0000
    380c:	20001fc4 	.word	0x20001fc4
    3810:	000038a5 	.word	0x000038a5
    3814:	00000000 	.word	0x00000000
    3818:	20001fed 	.word	0x20001fed

0000381c <usb_seremu_available>:
{
    381c:	b508      	push	{r3, lr}
	uint32_t tail = rx_tail;
    381e:	4a06      	ldr	r2, [pc, #24]	; (3838 <usb_seremu_available+0x1c>)
	if (tail == rx_head) {
    3820:	4b06      	ldr	r3, [pc, #24]	; (383c <usb_seremu_available+0x20>)
	uint32_t tail = rx_tail;
    3822:	7812      	ldrb	r2, [r2, #0]
	if (tail == rx_head) {
    3824:	781b      	ldrb	r3, [r3, #0]
    3826:	429a      	cmp	r2, r3
    3828:	d001      	beq.n	382e <usb_seremu_available+0x12>
	return 1;
    382a:	2001      	movs	r0, #1
}
    382c:	bd08      	pop	{r3, pc}
		yield();
    382e:	f000 f85d 	bl	38ec <yield>
		return 0;
    3832:	2000      	movs	r0, #0
}
    3834:	bd08      	pop	{r3, pc}
    3836:	bf00      	nop
    3838:	20001fdd 	.word	0x20001fdd
    383c:	20001fdb 	.word	0x20001fdb

00003840 <tx_queue_transfer>:
{
    3840:	b570      	push	{r4, r5, r6, lr}
	transfer_t *xfer = tx_transfer + tx_head;
    3842:	4e15      	ldr	r6, [pc, #84]	; (3898 <tx_queue_transfer+0x58>)
	usb_prepare_transfer(xfer, txbuf, SEREMU_TX_SIZE, 0);
    3844:	2300      	movs	r3, #0
	transfer_t *xfer = tx_transfer + tx_head;
    3846:	4d15      	ldr	r5, [pc, #84]	; (389c <tx_queue_transfer+0x5c>)
    3848:	7832      	ldrb	r2, [r6, #0]
	uint8_t *txbuf = txbuffer + (tx_head * SEREMU_TX_SIZE);
    384a:	4c15      	ldr	r4, [pc, #84]	; (38a0 <tx_queue_transfer+0x60>)
	transfer_t *xfer = tx_transfer + tx_head;
    384c:	eb05 1542 	add.w	r5, r5, r2, lsl #5
	uint8_t *txbuf = txbuffer + (tx_head * SEREMU_TX_SIZE);
    3850:	eb04 1482 	add.w	r4, r4, r2, lsl #6
	usb_prepare_transfer(xfer, txbuf, SEREMU_TX_SIZE, 0);
    3854:	2240      	movs	r2, #64	; 0x40
    3856:	4628      	mov	r0, r5
    3858:	4621      	mov	r1, r4
    385a:	f7ff faad 	bl	2db8 <usb_prepare_transfer>
	asm("dsb");
    385e:	f3bf 8f4f 	dsb	sy
		SCB_CACHE_DCCIMVAC = location;
    3862:	f04f 23e0 	mov.w	r3, #3758153728	; 0xe000e000
		location += 32;
    3866:	f104 0220 	add.w	r2, r4, #32
		SCB_CACHE_DCCIMVAC = location;
    386a:	f8c3 4f70 	str.w	r4, [r3, #3952]	; 0xf70
	uint32_t end_addr = (uint32_t)addr + size;
    386e:	3440      	adds	r4, #64	; 0x40
	} while (location < end_addr);
    3870:	4294      	cmp	r4, r2
    3872:	d901      	bls.n	3878 <tx_queue_transfer+0x38>
		SCB_CACHE_DCCIMVAC = location;
    3874:	f8c3 2f70 	str.w	r2, [r3, #3952]	; 0xf70
	asm("dsb");
    3878:	f3bf 8f4f 	dsb	sy
	asm("isb");
    387c:	f3bf 8f6f 	isb	sy
	usb_transmit(SEREMU_TX_ENDPOINT, xfer);
    3880:	2002      	movs	r0, #2
    3882:	4629      	mov	r1, r5
    3884:	f7ff fab0 	bl	2de8 <usb_transmit>
	if (++tx_head >= TX_NUM) tx_head = 0;
    3888:	7833      	ldrb	r3, [r6, #0]
    388a:	3301      	adds	r3, #1
    388c:	b2db      	uxtb	r3, r3
    388e:	2b0b      	cmp	r3, #11
    3890:	bf88      	it	hi
    3892:	2300      	movhi	r3, #0
    3894:	7033      	strb	r3, [r6, #0]
}
    3896:	bd70      	pop	{r4, r5, r6, pc}
    3898:	20001fe1 	.word	0x20001fe1
    389c:	20001140 	.word	0x20001140
    38a0:	20201580 	.word	0x20201580

000038a4 <usb_seremu_flush_callback>:
	timer_stop();
	tx_noautoflush = 0;
}

static void usb_seremu_flush_callback(void)
{
    38a4:	b538      	push	{r3, r4, r5, lr}
	if (tx_noautoflush) return;
    38a6:	4b0d      	ldr	r3, [pc, #52]	; (38dc <usb_seremu_flush_callback+0x38>)
    38a8:	781b      	ldrb	r3, [r3, #0]
    38aa:	b933      	cbnz	r3, 38ba <usb_seremu_flush_callback+0x16>
	if (tx_available == 0 || tx_available >= SEREMU_TX_SIZE) return;
    38ac:	4d0c      	ldr	r5, [pc, #48]	; (38e0 <usb_seremu_flush_callback+0x3c>)
    38ae:	f003 04ff 	and.w	r4, r3, #255	; 0xff
    38b2:	882a      	ldrh	r2, [r5, #0]
    38b4:	1e53      	subs	r3, r2, #1
    38b6:	2b3e      	cmp	r3, #62	; 0x3e
    38b8:	d900      	bls.n	38bc <usb_seremu_flush_callback+0x18>
	tx_zero_pad();
	tx_queue_transfer();
}
    38ba:	bd38      	pop	{r3, r4, r5, pc}
	uint8_t *txdata = txbuffer + (tx_head * SEREMU_TX_SIZE) + (SEREMU_TX_SIZE - tx_available);
    38bc:	4909      	ldr	r1, [pc, #36]	; (38e4 <usb_seremu_flush_callback+0x40>)
    38be:	f1c2 0340 	rsb	r3, r2, #64	; 0x40
    38c2:	4809      	ldr	r0, [pc, #36]	; (38e8 <usb_seremu_flush_callback+0x44>)
    38c4:	7809      	ldrb	r1, [r1, #0]
    38c6:	eb03 1381 	add.w	r3, r3, r1, lsl #6
	memset(txdata, 0, tx_available);
    38ca:	4621      	mov	r1, r4
    38cc:	4418      	add	r0, r3
    38ce:	f000 fd91 	bl	43f4 <memset>
	tx_available = 0;
    38d2:	802c      	strh	r4, [r5, #0]
}
    38d4:	e8bd 4038 	ldmia.w	sp!, {r3, r4, r5, lr}
	tx_queue_transfer();
    38d8:	f7ff bfb2 	b.w	3840 <tx_queue_transfer>
    38dc:	20001fe3 	.word	0x20001fe3
    38e0:	20001fd0 	.word	0x20001fd0
    38e4:	20001fe1 	.word	0x20001fe1
    38e8:	20201580 	.word	0x20201580

000038ec <yield>:
uint8_t yield_active_check_flags = 0;


void yield(void) __attribute__ ((weak));
void yield(void)
{
    38ec:	e92d 43f8 	stmdb	sp!, {r3, r4, r5, r6, r7, r8, r9, lr}
	const uint8_t check_flags = yield_active_check_flags;
    38f0:	4b2d      	ldr	r3, [pc, #180]	; (39a8 <yield+0xbc>)
    38f2:	781e      	ldrb	r6, [r3, #0]
	if (!check_flags) return;	// nothing to do
    38f4:	b166      	cbz	r6, 3910 <yield+0x24>

	// TODO: do nothing if called from interrupt

	static uint8_t running=0;
	if (running) return; // TODO: does this need to be atomic?
    38f6:	4f2d      	ldr	r7, [pc, #180]	; (39ac <yield+0xc0>)
    38f8:	783b      	ldrb	r3, [r7, #0]
    38fa:	b94b      	cbnz	r3, 3910 <yield+0x24>
	running = 1;
    38fc:	2301      	movs	r3, #1

	// USB Serial - Add hack to minimize impact...
	if (check_flags & YIELD_CHECK_USB_SERIAL) {
    38fe:	07f1      	lsls	r1, r6, #31
	running = 1;
    3900:	703b      	strb	r3, [r7, #0]
	if (check_flags & YIELD_CHECK_USB_SERIAL) {
    3902:	d443      	bmi.n	398c <yield+0xa0>
		if (SerialUSB2.available()) serialEventUSB2();
	}
#endif

	// Current workaround until integrate with EventResponder.
	if (check_flags & YIELD_CHECK_HARDWARE_SERIAL) {
    3904:	07b2      	lsls	r2, r6, #30
    3906:	d426      	bmi.n	3956 <yield+0x6a>
		HardwareSerialIMXRT::processSerialEventsList();
	}

	running = 0;
    3908:	2300      	movs	r3, #0
    390a:	703b      	strb	r3, [r7, #0]
	if (check_flags & YIELD_CHECK_EVENT_RESPONDER) {
    390c:	0773      	lsls	r3, r6, #29
    390e:	d401      	bmi.n	3914 <yield+0x28>
		EventResponder::runFromYield();
	}
};
    3910:	e8bd 83f8 	ldmia.w	sp!, {r3, r4, r5, r6, r7, r8, r9, pc}
	// Wait for event(s) to occur.  These are most likely to be useful when
	// used with a scheduler or RTOS.
	bool waitForEvent(EventResponderRef event, int timeout);
	EventResponder * waitForEvent(EventResponder *list, int listsize, int timeout);
	static void runFromYield() {
		if (!firstYield) return;  
    3914:	4b26      	ldr	r3, [pc, #152]	; (39b0 <yield+0xc4>)
    3916:	681a      	ldr	r2, [r3, #0]
    3918:	2a00      	cmp	r2, #0
    391a:	d0f9      	beq.n	3910 <yield+0x24>
		// First, check if yield was called from an interrupt
		// never call normal handler functions from any interrupt context
		uint32_t ipsr;
		__asm__ volatile("mrs %0, ipsr\n" : "=r" (ipsr)::);
    391c:	f3ef 8205 	mrs	r2, IPSR
		if (ipsr != 0) return;
    3920:	2a00      	cmp	r2, #0
    3922:	d1f5      	bne.n	3910 <yield+0x24>
	static EventResponder *lastInterrupt;
	static bool runningFromYield;
private:
	static bool disableInterrupts() {
		uint32_t primask;
		__asm__ volatile("mrs %0, primask\n" : "=r" (primask)::);
    3924:	f3ef 8510 	mrs	r5, PRIMASK
		__disable_irq();
    3928:	b672      	cpsid	i
		EventResponder *first = firstYield;
    392a:	6818      	ldr	r0, [r3, #0]
		if (first == nullptr) {
    392c:	2800      	cmp	r0, #0
    392e:	d034      	beq.n	399a <yield+0xae>
		if (runningFromYield) {
    3930:	4c20      	ldr	r4, [pc, #128]	; (39b4 <yield+0xc8>)
    3932:	7821      	ldrb	r1, [r4, #0]
    3934:	2900      	cmp	r1, #0
    3936:	d130      	bne.n	399a <yield+0xae>
		runningFromYield = true;
    3938:	2201      	movs	r2, #1
    393a:	7022      	strb	r2, [r4, #0]
		firstYield = first->_next;
    393c:	6942      	ldr	r2, [r0, #20]
    393e:	601a      	str	r2, [r3, #0]
		if (firstYield) {
    3940:	2a00      	cmp	r2, #0
    3942:	d02e      	beq.n	39a2 <yield+0xb6>
			firstYield->_prev = nullptr;
    3944:	6191      	str	r1, [r2, #24]
		return (primask == 0) ? true : false;
	}
	static void enableInterrupts(bool doit) {
		if (doit) __enable_irq();
    3946:	b905      	cbnz	r5, 394a <yield+0x5e>
    3948:	b662      	cpsie	i
		first->_triggered = false;
    394a:	2500      	movs	r5, #0
		(*(first->_function))(*first);
    394c:	6883      	ldr	r3, [r0, #8]
		first->_triggered = false;
    394e:	7745      	strb	r5, [r0, #29]
		(*(first->_function))(*first);
    3950:	4798      	blx	r3
		runningFromYield = false;
    3952:	7025      	strb	r5, [r4, #0]
    3954:	e7dc      	b.n	3910 <yield+0x24>
	*/

	operator bool()			{ return true; }

	static inline void processSerialEventsList() {
		for (uint8_t i = 0; i < s_count_serials_with_serial_events; i++) {
    3956:	f8df 8064 	ldr.w	r8, [pc, #100]	; 39bc <yield+0xd0>
    395a:	f898 3000 	ldrb.w	r3, [r8]
    395e:	2b00      	cmp	r3, #0
    3960:	d0d2      	beq.n	3908 <yield+0x1c>
    3962:	2500      	movs	r5, #0
    3964:	f8df 9058 	ldr.w	r9, [pc, #88]	; 39c0 <yield+0xd4>
    3968:	462b      	mov	r3, r5
			s_serials_with_serial_events[i]->doYieldCode();
    396a:	f859 4023 	ldr.w	r4, [r9, r3, lsl #2]
		for (uint8_t i = 0; i < s_count_serials_with_serial_events; i++) {
    396e:	3501      	adds	r5, #1
	static HardwareSerialIMXRT 	*s_serials_with_serial_events[7];
	#endif
	static uint8_t 			s_count_serials_with_serial_events;
	void addToSerialEventsList(); 
	inline void doYieldCode()  {
		if (available()) (*hardware->_serialEvent)();
    3970:	6823      	ldr	r3, [r4, #0]
    3972:	4620      	mov	r0, r4
    3974:	691b      	ldr	r3, [r3, #16]
    3976:	4798      	blx	r3
    3978:	b110      	cbz	r0, 3980 <yield+0x94>
    397a:	6963      	ldr	r3, [r4, #20]
    397c:	689b      	ldr	r3, [r3, #8]
    397e:	4798      	blx	r3
		for (uint8_t i = 0; i < s_count_serials_with_serial_events; i++) {
    3980:	f898 2000 	ldrb.w	r2, [r8]
    3984:	b2eb      	uxtb	r3, r5
    3986:	429a      	cmp	r2, r3
    3988:	d8ef      	bhi.n	396a <yield+0x7e>
    398a:	e7bd      	b.n	3908 <yield+0x1c>
        virtual int available() { return usb_seremu_available(); }
    398c:	f7ff ff46 	bl	381c <usb_seremu_available>
		if (Serial.available()) serialEvent();
    3990:	2800      	cmp	r0, #0
    3992:	d0b7      	beq.n	3904 <yield+0x18>
    3994:	f3af 8000 	nop.w
    3998:	e7b4      	b.n	3904 <yield+0x18>
		if (doit) __enable_irq();
    399a:	2d00      	cmp	r5, #0
    399c:	d1b8      	bne.n	3910 <yield+0x24>
    399e:	b662      	cpsie	i
    39a0:	e7b6      	b.n	3910 <yield+0x24>
			lastYield = nullptr;
    39a2:	4b05      	ldr	r3, [pc, #20]	; (39b8 <yield+0xcc>)
    39a4:	601a      	str	r2, [r3, #0]
    39a6:	e7ce      	b.n	3946 <yield+0x5a>
    39a8:	20001fed 	.word	0x20001fed
    39ac:	20001fd8 	.word	0x20001fd8
    39b0:	200012c8 	.word	0x200012c8
    39b4:	20001fd6 	.word	0x20001fd6
    39b8:	200012d4 	.word	0x200012d4
    39bc:	20001fd7 	.word	0x20001fd7
    39c0:	200012d8 	.word	0x200012d8

000039c4 <EventResponder::runFromInterrupt()>:
{
    39c4:	b570      	push	{r4, r5, r6, lr}
		__asm__ volatile("mrs %0, primask\n" : "=r" (primask)::);
    39c6:	f3ef 8210 	mrs	r2, PRIMASK
		__disable_irq();
    39ca:	b672      	cpsid	i
		EventResponder *first = firstInterrupt;
    39cc:	4c0c      	ldr	r4, [pc, #48]	; (3a00 <EventResponder::runFromInterrupt()+0x3c>)
    39ce:	6820      	ldr	r0, [r4, #0]
		if (first) {
    39d0:	b180      	cbz	r0, 39f4 <EventResponder::runFromInterrupt()+0x30>
				lastInterrupt = nullptr;
    39d2:	4e0c      	ldr	r6, [pc, #48]	; (3a04 <EventResponder::runFromInterrupt()+0x40>)
				firstInterrupt->_prev = nullptr;
    39d4:	2500      	movs	r5, #0
			firstInterrupt = first->_next;
    39d6:	6943      	ldr	r3, [r0, #20]
    39d8:	6023      	str	r3, [r4, #0]
			if (firstInterrupt) {
    39da:	b173      	cbz	r3, 39fa <EventResponder::runFromInterrupt()+0x36>
				firstInterrupt->_prev = nullptr;
    39dc:	619d      	str	r5, [r3, #24]
		if (doit) __enable_irq();
    39de:	b902      	cbnz	r2, 39e2 <EventResponder::runFromInterrupt()+0x1e>
    39e0:	b662      	cpsie	i
			(*(first->_function))(*first);
    39e2:	6883      	ldr	r3, [r0, #8]
			first->_triggered = false;
    39e4:	7745      	strb	r5, [r0, #29]
			(*(first->_function))(*first);
    39e6:	4798      	blx	r3
		__asm__ volatile("mrs %0, primask\n" : "=r" (primask)::);
    39e8:	f3ef 8210 	mrs	r2, PRIMASK
		__disable_irq();
    39ec:	b672      	cpsid	i
		EventResponder *first = firstInterrupt;
    39ee:	6820      	ldr	r0, [r4, #0]
		if (first) {
    39f0:	2800      	cmp	r0, #0
    39f2:	d1f0      	bne.n	39d6 <EventResponder::runFromInterrupt()+0x12>
		if (doit) __enable_irq();
    39f4:	b902      	cbnz	r2, 39f8 <EventResponder::runFromInterrupt()+0x34>
    39f6:	b662      	cpsie	i
}
    39f8:	bd70      	pop	{r4, r5, r6, pc}
				lastInterrupt = nullptr;
    39fa:	6033      	str	r3, [r6, #0]
    39fc:	e7ef      	b.n	39de <EventResponder::runFromInterrupt()+0x1a>
    39fe:	bf00      	nop
    3a00:	200012d0 	.word	0x200012d0
    3a04:	200012cc 	.word	0x200012cc

00003a08 <pendablesrvreq_isr>:
	EventResponder::runFromInterrupt();
    3a08:	f7ff bfdc 	b.w	39c4 <EventResponder::runFromInterrupt()>

00003a0c <systick_isr>:
extern "C" volatile uint32_t systick_millis_count;
extern "C" volatile uint32_t systick_cycle_count;
extern "C" uint32_t systick_safe_read; // micros() synchronization
extern "C" void systick_isr(void)
{
	systick_cycle_count = ARM_DWT_CYCCNT;
    3a0c:	4904      	ldr	r1, [pc, #16]	; (3a20 <systick_isr+0x14>)
	systick_millis_count++;
    3a0e:	4a05      	ldr	r2, [pc, #20]	; (3a24 <systick_isr+0x18>)
	systick_cycle_count = ARM_DWT_CYCCNT;
    3a10:	6849      	ldr	r1, [r1, #4]
    3a12:	4b05      	ldr	r3, [pc, #20]	; (3a28 <systick_isr+0x1c>)
    3a14:	6019      	str	r1, [r3, #0]
	systick_millis_count++;
    3a16:	6813      	ldr	r3, [r2, #0]
    3a18:	3301      	adds	r3, #1
    3a1a:	6013      	str	r3, [r2, #0]
}
    3a1c:	4770      	bx	lr
    3a1e:	bf00      	nop
    3a20:	e0001000 	.word	0xe0001000
    3a24:	20001e48 	.word	0x20001e48
    3a28:	20001e44 	.word	0x20001e44

00003a2c <ultoa>:


char * ultoa(unsigned long val, char *buf, int radix)
{
	unsigned digit;
	int i=0, j;
    3a2c:	f101 3cff 	add.w	ip, r1, #4294967295
{
    3a30:	b570      	push	{r4, r5, r6, lr}
	char t;

	while (1) {
		digit = val % radix;
    3a32:	4666      	mov	r6, ip
	int i=0, j;
    3a34:	2400      	movs	r4, #0
    3a36:	e000      	b.n	3a3a <ultoa+0xe>
		buf[i] = ((digit < 10) ? '0' + digit : 'A' + digit - 10);
		val /= radix;
		if (val == 0) break;
		i++;
    3a38:	3401      	adds	r4, #1
		digit = val % radix;
    3a3a:	fbb0 f5f2 	udiv	r5, r0, r2
    3a3e:	fb02 0315 	mls	r3, r2, r5, r0
		buf[i] = ((digit < 10) ? '0' + digit : 'A' + digit - 10);
    3a42:	2b09      	cmp	r3, #9
    3a44:	f103 0e37 	add.w	lr, r3, #55	; 0x37
    3a48:	f103 0330 	add.w	r3, r3, #48	; 0x30
    3a4c:	fa5f fe8e 	uxtb.w	lr, lr
    3a50:	bf98      	it	ls
    3a52:	fa5f fe83 	uxtbls.w	lr, r3
		if (val == 0) break;
    3a56:	4290      	cmp	r0, r2
		val /= radix;
    3a58:	4628      	mov	r0, r5
		buf[i] = ((digit < 10) ? '0' + digit : 'A' + digit - 10);
    3a5a:	f806 ef01 	strb.w	lr, [r6, #1]!
		if (val == 0) break;
    3a5e:	d2eb      	bcs.n	3a38 <ultoa+0xc>
	}
	buf[i + 1] = 0;
    3a60:	1c63      	adds	r3, r4, #1
    3a62:	2200      	movs	r2, #0
    3a64:	18c8      	adds	r0, r1, r3
    3a66:	54ca      	strb	r2, [r1, r3]
	for (j=0; j < i; j++, i--) {
    3a68:	b17c      	cbz	r4, 3a8a <ultoa+0x5e>
		t = buf[j];
    3a6a:	4662      	mov	r2, ip
    3a6c:	f81c 5f01 	ldrb.w	r5, [ip, #1]!
		buf[j] = buf[i];
    3a70:	f810 6d01 	ldrb.w	r6, [r0, #-1]!
	for (j=0; j < i; j++, i--) {
    3a74:	eba1 030c 	sub.w	r3, r1, ip
    3a78:	3202      	adds	r2, #2
		buf[j] = buf[i];
    3a7a:	f88c 6000 	strb.w	r6, [ip]
	for (j=0; j < i; j++, i--) {
    3a7e:	3b01      	subs	r3, #1
    3a80:	1a52      	subs	r2, r2, r1
		buf[i] = t;
    3a82:	7005      	strb	r5, [r0, #0]
	for (j=0; j < i; j++, i--) {
    3a84:	4423      	add	r3, r4
    3a86:	429a      	cmp	r2, r3
    3a88:	dbef      	blt.n	3a6a <ultoa+0x3e>
	}
	return buf;
}
    3a8a:	4608      	mov	r0, r1
    3a8c:	bd70      	pop	{r4, r5, r6, pc}
    3a8e:	bf00      	nop

00003a90 <rtc_get>:
	uint32_t hi1 = SNVS_HPRTCMR;
    3a90:	4a07      	ldr	r2, [pc, #28]	; (3ab0 <rtc_get+0x20>)
    3a92:	6a50      	ldr	r0, [r2, #36]	; 0x24
	uint32_t lo1 = SNVS_HPRTCLR;
    3a94:	6a93      	ldr	r3, [r2, #40]	; 0x28
		uint32_t hi2 = SNVS_HPRTCMR;
    3a96:	4619      	mov	r1, r3
    3a98:	4684      	mov	ip, r0
    3a9a:	6a50      	ldr	r0, [r2, #36]	; 0x24
		uint32_t lo2 = SNVS_HPRTCLR;
    3a9c:	6a93      	ldr	r3, [r2, #40]	; 0x28
		if (lo1 == lo2 && hi1 == hi2) {
    3a9e:	4299      	cmp	r1, r3
    3aa0:	d1f9      	bne.n	3a96 <rtc_get+0x6>
    3aa2:	4584      	cmp	ip, r0
    3aa4:	d1f7      	bne.n	3a96 <rtc_get+0x6>
			return (hi2 << 17) | (lo2 >> 15);
    3aa6:	0bdb      	lsrs	r3, r3, #15
}
    3aa8:	ea43 4040 	orr.w	r0, r3, r0, lsl #17
    3aac:	4770      	bx	lr
    3aae:	bf00      	nop
    3ab0:	400d4000 	.word	0x400d4000

00003ab4 <atan2f>:
    3ab4:	f000 b800 	b.w	3ab8 <__ieee754_atan2f>

00003ab8 <__ieee754_atan2f>:
    3ab8:	b510      	push	{r4, lr}
    3aba:	b082      	sub	sp, #8
    3abc:	edcd 0a01 	vstr	s1, [sp, #4]
    3ac0:	9b01      	ldr	r3, [sp, #4]
    3ac2:	f023 4200 	bic.w	r2, r3, #2147483648	; 0x80000000
    3ac6:	f1b2 4fff 	cmp.w	r2, #2139095040	; 0x7f800000
    3aca:	eef0 7a40 	vmov.f32	s15, s0
    3ace:	dc30      	bgt.n	3b32 <__ieee754_atan2f+0x7a>
    3ad0:	ee10 0a10 	vmov	r0, s0
    3ad4:	f020 4100 	bic.w	r1, r0, #2147483648	; 0x80000000
    3ad8:	f1b1 4fff 	cmp.w	r1, #2139095040	; 0x7f800000
    3adc:	dc29      	bgt.n	3b32 <__ieee754_atan2f+0x7a>
    3ade:	f1b3 5f7e 	cmp.w	r3, #1065353216	; 0x3f800000
    3ae2:	d040      	beq.n	3b66 <__ieee754_atan2f+0xae>
    3ae4:	179c      	asrs	r4, r3, #30
    3ae6:	f004 0402 	and.w	r4, r4, #2
    3aea:	ea44 74d0 	orr.w	r4, r4, r0, lsr #31
    3aee:	b331      	cbz	r1, 3b3e <__ieee754_atan2f+0x86>
    3af0:	b372      	cbz	r2, 3b50 <__ieee754_atan2f+0x98>
    3af2:	f1b2 4fff 	cmp.w	r2, #2139095040	; 0x7f800000
    3af6:	d03e      	beq.n	3b76 <__ieee754_atan2f+0xbe>
    3af8:	f1b1 4fff 	cmp.w	r1, #2139095040	; 0x7f800000
    3afc:	d028      	beq.n	3b50 <__ieee754_atan2f+0x98>
    3afe:	1a89      	subs	r1, r1, r2
    3b00:	f1b1 5ff4 	cmp.w	r1, #511705088	; 0x1e800000
    3b04:	ea4f 52e1 	mov.w	r2, r1, asr #23
    3b08:	da32      	bge.n	3b70 <__ieee754_atan2f+0xb8>
    3b0a:	2b00      	cmp	r3, #0
    3b0c:	da40      	bge.n	3b90 <__ieee754_atan2f+0xd8>
    3b0e:	323c      	adds	r2, #60	; 0x3c
    3b10:	da3e      	bge.n	3b90 <__ieee754_atan2f+0xd8>
    3b12:	ed9f 0a33 	vldr	s0, [pc, #204]	; 3be0 <__ieee754_atan2f+0x128>
    3b16:	2c01      	cmp	r4, #1
    3b18:	d04c      	beq.n	3bb4 <__ieee754_atan2f+0xfc>
    3b1a:	2c02      	cmp	r4, #2
    3b1c:	d041      	beq.n	3ba2 <__ieee754_atan2f+0xea>
    3b1e:	b164      	cbz	r4, 3b3a <__ieee754_atan2f+0x82>
    3b20:	ed9f 7a30 	vldr	s14, [pc, #192]	; 3be4 <__ieee754_atan2f+0x12c>
    3b24:	eddf 7a30 	vldr	s15, [pc, #192]	; 3be8 <__ieee754_atan2f+0x130>
    3b28:	ee30 0a07 	vadd.f32	s0, s0, s14
    3b2c:	ee30 0a67 	vsub.f32	s0, s0, s15
    3b30:	e003      	b.n	3b3a <__ieee754_atan2f+0x82>
    3b32:	ed9d 7a01 	vldr	s14, [sp, #4]
    3b36:	ee37 0a27 	vadd.f32	s0, s14, s15
    3b3a:	b002      	add	sp, #8
    3b3c:	bd10      	pop	{r4, pc}
    3b3e:	2c02      	cmp	r4, #2
    3b40:	d00e      	beq.n	3b60 <__ieee754_atan2f+0xa8>
    3b42:	ed9f 7a2a 	vldr	s14, [pc, #168]	; 3bec <__ieee754_atan2f+0x134>
    3b46:	2c03      	cmp	r4, #3
    3b48:	fe07 0a00 	vseleq.f32	s0, s14, s0
    3b4c:	b002      	add	sp, #8
    3b4e:	bd10      	pop	{r4, pc}
    3b50:	ed9f 0a27 	vldr	s0, [pc, #156]	; 3bf0 <__ieee754_atan2f+0x138>
    3b54:	eddf 7a27 	vldr	s15, [pc, #156]	; 3bf4 <__ieee754_atan2f+0x13c>
    3b58:	2800      	cmp	r0, #0
    3b5a:	fe20 0a27 	vselge.f32	s0, s0, s15
    3b5e:	e7ec      	b.n	3b3a <__ieee754_atan2f+0x82>
    3b60:	ed9f 0a21 	vldr	s0, [pc, #132]	; 3be8 <__ieee754_atan2f+0x130>
    3b64:	e7e9      	b.n	3b3a <__ieee754_atan2f+0x82>
    3b66:	b002      	add	sp, #8
    3b68:	e8bd 4010 	ldmia.w	sp!, {r4, lr}
    3b6c:	f000 b84a 	b.w	3c04 <atanf>
    3b70:	ed9f 0a1f 	vldr	s0, [pc, #124]	; 3bf0 <__ieee754_atan2f+0x138>
    3b74:	e7cf      	b.n	3b16 <__ieee754_atan2f+0x5e>
    3b76:	f1b1 4fff 	cmp.w	r1, #2139095040	; 0x7f800000
    3b7a:	f104 34ff 	add.w	r4, r4, #4294967295
    3b7e:	d020      	beq.n	3bc2 <__ieee754_atan2f+0x10a>
    3b80:	2c02      	cmp	r4, #2
    3b82:	d826      	bhi.n	3bd2 <__ieee754_atan2f+0x11a>
    3b84:	4b1c      	ldr	r3, [pc, #112]	; (3bf8 <__ieee754_atan2f+0x140>)
    3b86:	eb03 0384 	add.w	r3, r3, r4, lsl #2
    3b8a:	ed93 0a00 	vldr	s0, [r3]
    3b8e:	e7d4      	b.n	3b3a <__ieee754_atan2f+0x82>
    3b90:	ed9d 7a01 	vldr	s14, [sp, #4]
    3b94:	ee87 0a87 	vdiv.f32	s0, s15, s14
    3b98:	f000 f90a 	bl	3db0 <fabsf>
    3b9c:	f000 f832 	bl	3c04 <atanf>
    3ba0:	e7b9      	b.n	3b16 <__ieee754_atan2f+0x5e>
    3ba2:	ed9f 7a10 	vldr	s14, [pc, #64]	; 3be4 <__ieee754_atan2f+0x12c>
    3ba6:	eddf 7a10 	vldr	s15, [pc, #64]	; 3be8 <__ieee754_atan2f+0x130>
    3baa:	ee30 0a07 	vadd.f32	s0, s0, s14
    3bae:	ee37 0ac0 	vsub.f32	s0, s15, s0
    3bb2:	e7c2      	b.n	3b3a <__ieee754_atan2f+0x82>
    3bb4:	ee10 3a10 	vmov	r3, s0
    3bb8:	f103 4300 	add.w	r3, r3, #2147483648	; 0x80000000
    3bbc:	ee00 3a10 	vmov	s0, r3
    3bc0:	e7bb      	b.n	3b3a <__ieee754_atan2f+0x82>
    3bc2:	2c02      	cmp	r4, #2
    3bc4:	d808      	bhi.n	3bd8 <__ieee754_atan2f+0x120>
    3bc6:	4b0d      	ldr	r3, [pc, #52]	; (3bfc <__ieee754_atan2f+0x144>)
    3bc8:	eb03 0384 	add.w	r3, r3, r4, lsl #2
    3bcc:	ed93 0a00 	vldr	s0, [r3]
    3bd0:	e7b3      	b.n	3b3a <__ieee754_atan2f+0x82>
    3bd2:	ed9f 0a03 	vldr	s0, [pc, #12]	; 3be0 <__ieee754_atan2f+0x128>
    3bd6:	e7b0      	b.n	3b3a <__ieee754_atan2f+0x82>
    3bd8:	ed9f 0a09 	vldr	s0, [pc, #36]	; 3c00 <__ieee754_atan2f+0x148>
    3bdc:	e7ad      	b.n	3b3a <__ieee754_atan2f+0x82>
    3bde:	bf00      	nop
    3be0:	00000000 	.word	0x00000000
    3be4:	33bbbd2e 	.word	0x33bbbd2e
    3be8:	40490fdb 	.word	0x40490fdb
    3bec:	c0490fdb 	.word	0xc0490fdb
    3bf0:	3fc90fdb 	.word	0x3fc90fdb
    3bf4:	bfc90fdb 	.word	0xbfc90fdb
    3bf8:	200002d4 	.word	0x200002d4
    3bfc:	200002c8 	.word	0x200002c8
    3c00:	3f490fdb 	.word	0x3f490fdb

00003c04 <atanf>:
    3c04:	b538      	push	{r3, r4, r5, lr}
    3c06:	ee10 5a10 	vmov	r5, s0
    3c0a:	f025 4400 	bic.w	r4, r5, #2147483648	; 0x80000000
    3c0e:	f1b4 4fa1 	cmp.w	r4, #1350565888	; 0x50800000
    3c12:	eef0 7a40 	vmov.f32	s15, s0
    3c16:	db0a      	blt.n	3c2e <atanf+0x2a>
    3c18:	f1b4 4fff 	cmp.w	r4, #2139095040	; 0x7f800000
    3c1c:	dc58      	bgt.n	3cd0 <atanf+0xcc>
    3c1e:	eddf 7a51 	vldr	s15, [pc, #324]	; 3d64 <atanf+0x160>
    3c22:	ed9f 7a51 	vldr	s14, [pc, #324]	; 3d68 <atanf+0x164>
    3c26:	2d00      	cmp	r5, #0
    3c28:	fe37 0a87 	vselgt.f32	s0, s15, s14
    3c2c:	bd38      	pop	{r3, r4, r5, pc}
    3c2e:	4b4f      	ldr	r3, [pc, #316]	; (3d6c <atanf+0x168>)
    3c30:	429c      	cmp	r4, r3
    3c32:	dc5c      	bgt.n	3cee <atanf+0xea>
    3c34:	f1b4 5f44 	cmp.w	r4, #822083584	; 0x31000000
    3c38:	db4d      	blt.n	3cd6 <atanf+0xd2>
    3c3a:	f04f 33ff 	mov.w	r3, #4294967295
    3c3e:	ee27 6aa7 	vmul.f32	s12, s15, s15
    3c42:	eddf 6a4b 	vldr	s13, [pc, #300]	; 3d70 <atanf+0x16c>
    3c46:	eddf 5a4b 	vldr	s11, [pc, #300]	; 3d74 <atanf+0x170>
    3c4a:	eddf 4a4b 	vldr	s9, [pc, #300]	; 3d78 <atanf+0x174>
    3c4e:	ed9f 5a4b 	vldr	s10, [pc, #300]	; 3d7c <atanf+0x178>
    3c52:	ed9f 4a4b 	vldr	s8, [pc, #300]	; 3d80 <atanf+0x17c>
    3c56:	ee26 7a06 	vmul.f32	s14, s12, s12
    3c5a:	1c5a      	adds	r2, r3, #1
    3c5c:	eee7 5a26 	vfma.f32	s11, s14, s13
    3c60:	eddf 6a48 	vldr	s13, [pc, #288]	; 3d84 <atanf+0x180>
    3c64:	eea5 5a87 	vfma.f32	s10, s11, s14
    3c68:	eee7 6a24 	vfma.f32	s13, s14, s9
    3c6c:	eddf 5a46 	vldr	s11, [pc, #280]	; 3d88 <atanf+0x184>
    3c70:	eddf 4a46 	vldr	s9, [pc, #280]	; 3d8c <atanf+0x188>
    3c74:	eee6 5a87 	vfma.f32	s11, s13, s14
    3c78:	eea5 4a07 	vfma.f32	s8, s10, s14
    3c7c:	ed9f 5a44 	vldr	s10, [pc, #272]	; 3d90 <atanf+0x18c>
    3c80:	eddf 6a44 	vldr	s13, [pc, #272]	; 3d94 <atanf+0x190>
    3c84:	eea5 5a87 	vfma.f32	s10, s11, s14
    3c88:	eee4 4a07 	vfma.f32	s9, s8, s14
    3c8c:	eddf 5a42 	vldr	s11, [pc, #264]	; 3d98 <atanf+0x194>
    3c90:	eee4 6a87 	vfma.f32	s13, s9, s14
    3c94:	eee5 5a07 	vfma.f32	s11, s10, s14
    3c98:	ee66 6a86 	vmul.f32	s13, s13, s12
    3c9c:	ee65 5a87 	vmul.f32	s11, s11, s14
    3ca0:	d03a      	beq.n	3d18 <atanf+0x114>
    3ca2:	4a3e      	ldr	r2, [pc, #248]	; (3d9c <atanf+0x198>)
    3ca4:	eb02 0283 	add.w	r2, r2, r3, lsl #2
    3ca8:	ee76 6aa5 	vadd.f32	s13, s13, s11
    3cac:	ed92 7a00 	vldr	s14, [r2]
    3cb0:	4a3b      	ldr	r2, [pc, #236]	; (3da0 <atanf+0x19c>)
    3cb2:	ee96 7aa7 	vfnms.f32	s14, s13, s15
    3cb6:	eb02 0383 	add.w	r3, r2, r3, lsl #2
    3cba:	2d00      	cmp	r5, #0
    3cbc:	edd3 6a00 	vldr	s13, [r3]
    3cc0:	ee77 7a67 	vsub.f32	s15, s14, s15
    3cc4:	ee36 0ae7 	vsub.f32	s0, s13, s15
    3cc8:	dab0      	bge.n	3c2c <atanf+0x28>
    3cca:	eeb1 0a40 	vneg.f32	s0, s0
    3cce:	bd38      	pop	{r3, r4, r5, pc}
    3cd0:	ee30 0a00 	vadd.f32	s0, s0, s0
    3cd4:	bd38      	pop	{r3, r4, r5, pc}
    3cd6:	ed9f 7a33 	vldr	s14, [pc, #204]	; 3da4 <atanf+0x1a0>
    3cda:	ee30 7a07 	vadd.f32	s14, s0, s14
    3cde:	eef7 6a00 	vmov.f32	s13, #112	; 0x3f800000  1.0
    3ce2:	eeb4 7ae6 	vcmpe.f32	s14, s13
    3ce6:	eef1 fa10 	vmrs	APSR_nzcv, fpscr
    3cea:	dda6      	ble.n	3c3a <atanf+0x36>
    3cec:	bd38      	pop	{r3, r4, r5, pc}
    3cee:	f000 f85f 	bl	3db0 <fabsf>
    3cf2:	4b2d      	ldr	r3, [pc, #180]	; (3da8 <atanf+0x1a4>)
    3cf4:	429c      	cmp	r4, r3
    3cf6:	dc16      	bgt.n	3d26 <atanf+0x122>
    3cf8:	f5a3 03d0 	sub.w	r3, r3, #6815744	; 0x680000
    3cfc:	429c      	cmp	r4, r3
    3cfe:	dc27      	bgt.n	3d50 <atanf+0x14c>
    3d00:	eef0 7a00 	vmov.f32	s15, #0	; 0x40000000  2.0
    3d04:	eebf 7a00 	vmov.f32	s14, #240	; 0xbf800000 -1.0
    3d08:	eea0 7a27 	vfma.f32	s14, s0, s15
    3d0c:	2300      	movs	r3, #0
    3d0e:	ee30 0a27 	vadd.f32	s0, s0, s15
    3d12:	eec7 7a00 	vdiv.f32	s15, s14, s0
    3d16:	e792      	b.n	3c3e <atanf+0x3a>
    3d18:	ee76 6aa5 	vadd.f32	s13, s13, s11
    3d1c:	eee6 7ae7 	vfms.f32	s15, s13, s15
    3d20:	eeb0 0a67 	vmov.f32	s0, s15
    3d24:	bd38      	pop	{r3, r4, r5, pc}
    3d26:	4b21      	ldr	r3, [pc, #132]	; (3dac <atanf+0x1a8>)
    3d28:	429c      	cmp	r4, r3
    3d2a:	dc0b      	bgt.n	3d44 <atanf+0x140>
    3d2c:	eef7 7a08 	vmov.f32	s15, #120	; 0x3fc00000  1.5
    3d30:	eeb7 7a00 	vmov.f32	s14, #112	; 0x3f800000  1.0
    3d34:	eea0 7a27 	vfma.f32	s14, s0, s15
    3d38:	2302      	movs	r3, #2
    3d3a:	ee30 0a67 	vsub.f32	s0, s0, s15
    3d3e:	eec0 7a07 	vdiv.f32	s15, s0, s14
    3d42:	e77c      	b.n	3c3e <atanf+0x3a>
    3d44:	eebf 7a00 	vmov.f32	s14, #240	; 0xbf800000 -1.0
    3d48:	eec7 7a00 	vdiv.f32	s15, s14, s0
    3d4c:	2303      	movs	r3, #3
    3d4e:	e776      	b.n	3c3e <atanf+0x3a>
    3d50:	eef7 7a00 	vmov.f32	s15, #112	; 0x3f800000  1.0
    3d54:	ee30 7a67 	vsub.f32	s14, s0, s15
    3d58:	ee30 0a27 	vadd.f32	s0, s0, s15
    3d5c:	2301      	movs	r3, #1
    3d5e:	eec7 7a00 	vdiv.f32	s15, s14, s0
    3d62:	e76c      	b.n	3c3e <atanf+0x3a>
    3d64:	3fc90fdb 	.word	0x3fc90fdb
    3d68:	bfc90fdb 	.word	0xbfc90fdb
    3d6c:	3edfffff 	.word	0x3edfffff
    3d70:	3c8569d7 	.word	0x3c8569d7
    3d74:	3d4bda59 	.word	0x3d4bda59
    3d78:	bd15a221 	.word	0xbd15a221
    3d7c:	3d886b35 	.word	0x3d886b35
    3d80:	3dba2e6e 	.word	0x3dba2e6e
    3d84:	bd6ef16b 	.word	0xbd6ef16b
    3d88:	bd9d8795 	.word	0xbd9d8795
    3d8c:	3e124925 	.word	0x3e124925
    3d90:	bde38e38 	.word	0xbde38e38
    3d94:	3eaaaaab 	.word	0x3eaaaaab
    3d98:	be4ccccd 	.word	0xbe4ccccd
    3d9c:	20000324 	.word	0x20000324
    3da0:	20000314 	.word	0x20000314
    3da4:	7149f2ca 	.word	0x7149f2ca
    3da8:	3f97ffff 	.word	0x3f97ffff
    3dac:	401bffff 	.word	0x401bffff

00003db0 <fabsf>:
    3db0:	ee10 3a10 	vmov	r3, s0
    3db4:	f023 4300 	bic.w	r3, r3, #2147483648	; 0x80000000
    3db8:	ee00 3a10 	vmov	s0, r3
    3dbc:	4770      	bx	lr
    3dbe:	bf00      	nop

00003dc0 <qsort>:
    3dc0:	e92d 4ff0 	stmdb	sp!, {r4, r5, r6, r7, r8, r9, sl, fp, lr}
    3dc4:	b09b      	sub	sp, #108	; 0x6c
    3dc6:	4683      	mov	fp, r0
    3dc8:	9201      	str	r2, [sp, #4]
    3dca:	4610      	mov	r0, r2
    3dcc:	ea4b 0202 	orr.w	r2, fp, r2
    3dd0:	469a      	mov	sl, r3
    3dd2:	0793      	lsls	r3, r2, #30
    3dd4:	9104      	str	r1, [sp, #16]
    3dd6:	f040 82b1 	bne.w	433c <qsort+0x57c>
    3dda:	f1b0 0904 	subs.w	r9, r0, #4
    3dde:	bf18      	it	ne
    3de0:	f04f 0901 	movne.w	r9, #1
    3de4:	9b01      	ldr	r3, [sp, #4]
    3de6:	089a      	lsrs	r2, r3, #2
    3de8:	9202      	str	r2, [sp, #8]
    3dea:	005b      	lsls	r3, r3, #1
    3dec:	2200      	movs	r2, #0
    3dee:	9205      	str	r2, [sp, #20]
    3df0:	9307      	str	r3, [sp, #28]
    3df2:	464f      	mov	r7, r9
    3df4:	4656      	mov	r6, sl
    3df6:	9b04      	ldr	r3, [sp, #16]
    3df8:	2b06      	cmp	r3, #6
    3dfa:	f240 80db 	bls.w	3fb4 <qsort+0x1f4>
    3dfe:	9b04      	ldr	r3, [sp, #16]
    3e00:	9a01      	ldr	r2, [sp, #4]
    3e02:	ea4f 0853 	mov.w	r8, r3, lsr #1
    3e06:	2b07      	cmp	r3, #7
    3e08:	fb02 b808 	mla	r8, r2, r8, fp
    3e0c:	f000 81db 	beq.w	41c6 <qsort+0x406>
    3e10:	9a04      	ldr	r2, [sp, #16]
    3e12:	9901      	ldr	r1, [sp, #4]
    3e14:	1e53      	subs	r3, r2, #1
    3e16:	2a28      	cmp	r2, #40	; 0x28
    3e18:	fb01 ba03 	mla	sl, r1, r3, fp
    3e1c:	f200 820e 	bhi.w	423c <qsort+0x47c>
    3e20:	4654      	mov	r4, sl
    3e22:	465d      	mov	r5, fp
    3e24:	4641      	mov	r1, r8
    3e26:	4628      	mov	r0, r5
    3e28:	47b0      	blx	r6
    3e2a:	2800      	cmp	r0, #0
    3e2c:	4621      	mov	r1, r4
    3e2e:	4640      	mov	r0, r8
    3e30:	f2c0 81f8 	blt.w	4224 <qsort+0x464>
    3e34:	47b0      	blx	r6
    3e36:	2800      	cmp	r0, #0
    3e38:	dd54      	ble.n	3ee4 <qsort+0x124>
    3e3a:	2f00      	cmp	r7, #0
    3e3c:	d15b      	bne.n	3ef6 <qsort+0x136>
    3e3e:	9b01      	ldr	r3, [sp, #4]
    3e40:	f8db 2000 	ldr.w	r2, [fp]
    3e44:	f8d8 1000 	ldr.w	r1, [r8]
    3e48:	f8cb 1000 	str.w	r1, [fp]
    3e4c:	445b      	add	r3, fp
    3e4e:	f8c8 2000 	str.w	r2, [r8]
    3e52:	9308      	str	r3, [sp, #32]
    3e54:	9b08      	ldr	r3, [sp, #32]
    3e56:	9309      	str	r3, [sp, #36]	; 0x24
    3e58:	4553      	cmp	r3, sl
    3e5a:	d862      	bhi.n	3f22 <qsort+0x162>
    3e5c:	9a01      	ldr	r2, [sp, #4]
    3e5e:	9306      	str	r3, [sp, #24]
    3e60:	461c      	mov	r4, r3
    3e62:	2300      	movs	r3, #0
    3e64:	4655      	mov	r5, sl
    3e66:	4659      	mov	r1, fp
    3e68:	f1c2 0900 	rsb	r9, r2, #0
    3e6c:	46d3      	mov	fp, sl
    3e6e:	469a      	mov	sl, r3
    3e70:	4620      	mov	r0, r4
    3e72:	9103      	str	r1, [sp, #12]
    3e74:	47b0      	blx	r6
    3e76:	2800      	cmp	r0, #0
    3e78:	9903      	ldr	r1, [sp, #12]
    3e7a:	46a0      	mov	r8, r4
    3e7c:	f340 814e 	ble.w	411c <qsort+0x35c>
    3e80:	45a3      	cmp	fp, r4
    3e82:	f0c0 80ee 	bcc.w	4062 <qsort+0x2a2>
    3e86:	46a8      	mov	r8, r5
    3e88:	9403      	str	r4, [sp, #12]
    3e8a:	4655      	mov	r5, sl
    3e8c:	468a      	mov	sl, r1
    3e8e:	e00d      	b.n	3eac <qsort+0xec>
    3e90:	f8db 1000 	ldr.w	r1, [fp]
    3e94:	f8d8 3000 	ldr.w	r3, [r8]
    3e98:	f8cb 3000 	str.w	r3, [fp]
    3e9c:	f8c8 1000 	str.w	r1, [r8]
    3ea0:	44c8      	add	r8, r9
    3ea2:	2501      	movs	r5, #1
    3ea4:	44cb      	add	fp, r9
    3ea6:	45a3      	cmp	fp, r4
    3ea8:	f0c0 829b 	bcc.w	43e2 <qsort+0x622>
    3eac:	4651      	mov	r1, sl
    3eae:	4658      	mov	r0, fp
    3eb0:	47b0      	blx	r6
    3eb2:	2800      	cmp	r0, #0
    3eb4:	f2c0 80c0 	blt.w	4038 <qsort+0x278>
    3eb8:	d1f4      	bne.n	3ea4 <qsort+0xe4>
    3eba:	2f00      	cmp	r7, #0
    3ebc:	d0e8      	beq.n	3e90 <qsort+0xd0>
    3ebe:	2f01      	cmp	r7, #1
    3ec0:	f000 810e 	beq.w	40e0 <qsort+0x320>
    3ec4:	9a01      	ldr	r2, [sp, #4]
    3ec6:	4641      	mov	r1, r8
    3ec8:	465b      	mov	r3, fp
    3eca:	eb0b 0c02 	add.w	ip, fp, r2
    3ece:	7808      	ldrb	r0, [r1, #0]
    3ed0:	781a      	ldrb	r2, [r3, #0]
    3ed2:	f803 0b01 	strb.w	r0, [r3], #1
    3ed6:	f801 2b01 	strb.w	r2, [r1], #1
    3eda:	ebac 0203 	sub.w	r2, ip, r3
    3ede:	2a00      	cmp	r2, #0
    3ee0:	dcf5      	bgt.n	3ece <qsort+0x10e>
    3ee2:	e7dd      	b.n	3ea0 <qsort+0xe0>
    3ee4:	4621      	mov	r1, r4
    3ee6:	4628      	mov	r0, r5
    3ee8:	47b0      	blx	r6
    3eea:	ea15 0820 	ands.w	r8, r5, r0, asr #32
    3eee:	bf38      	it	cc
    3ef0:	46a0      	movcc	r8, r4
    3ef2:	2f00      	cmp	r7, #0
    3ef4:	d0a3      	beq.n	3e3e <qsort+0x7e>
    3ef6:	2f01      	cmp	r7, #1
    3ef8:	f000 8210 	beq.w	431c <qsort+0x55c>
    3efc:	9b01      	ldr	r3, [sp, #4]
    3efe:	eb0b 0003 	add.w	r0, fp, r3
    3f02:	465a      	mov	r2, fp
    3f04:	9008      	str	r0, [sp, #32]
    3f06:	f898 1000 	ldrb.w	r1, [r8]
    3f0a:	7813      	ldrb	r3, [r2, #0]
    3f0c:	f802 1b01 	strb.w	r1, [r2], #1
    3f10:	f808 3b01 	strb.w	r3, [r8], #1
    3f14:	1a83      	subs	r3, r0, r2
    3f16:	2b00      	cmp	r3, #0
    3f18:	dcf5      	bgt.n	3f06 <qsort+0x146>
    3f1a:	9b08      	ldr	r3, [sp, #32]
    3f1c:	9309      	str	r3, [sp, #36]	; 0x24
    3f1e:	4553      	cmp	r3, sl
    3f20:	d99c      	bls.n	3e5c <qsort+0x9c>
    3f22:	9a04      	ldr	r2, [sp, #16]
    3f24:	9b01      	ldr	r3, [sp, #4]
    3f26:	fb03 b402 	mla	r4, r3, r2, fp
    3f2a:	9a08      	ldr	r2, [sp, #32]
    3f2c:	4294      	cmp	r4, r2
    3f2e:	d931      	bls.n	3f94 <qsort+0x1d4>
    3f30:	f8dd 8024 	ldr.w	r8, [sp, #36]	; 0x24
    3f34:	425d      	negs	r5, r3
    3f36:	45c3      	cmp	fp, r8
    3f38:	d228      	bcs.n	3f8c <qsort+0x1cc>
    3f3a:	46c2      	mov	sl, r8
    3f3c:	e009      	b.n	3f52 <qsort+0x192>
    3f3e:	f8d9 3000 	ldr.w	r3, [r9]
    3f42:	f8da 2000 	ldr.w	r2, [sl]
    3f46:	f8c9 2000 	str.w	r2, [r9]
    3f4a:	f8ca 3000 	str.w	r3, [sl]
    3f4e:	45da      	cmp	sl, fp
    3f50:	d91c      	bls.n	3f8c <qsort+0x1cc>
    3f52:	46d1      	mov	r9, sl
    3f54:	44aa      	add	sl, r5
    3f56:	4649      	mov	r1, r9
    3f58:	4650      	mov	r0, sl
    3f5a:	47b0      	blx	r6
    3f5c:	2800      	cmp	r0, #0
    3f5e:	dd15      	ble.n	3f8c <qsort+0x1cc>
    3f60:	2f00      	cmp	r7, #0
    3f62:	d0ec      	beq.n	3f3e <qsort+0x17e>
    3f64:	2f01      	cmp	r7, #1
    3f66:	f000 80fa 	beq.w	415e <qsort+0x39e>
    3f6a:	9a07      	ldr	r2, [sp, #28]
    3f6c:	4653      	mov	r3, sl
    3f6e:	eb0a 0002 	add.w	r0, sl, r2
    3f72:	7819      	ldrb	r1, [r3, #0]
    3f74:	f899 2000 	ldrb.w	r2, [r9]
    3f78:	f809 1b01 	strb.w	r1, [r9], #1
    3f7c:	f803 2b01 	strb.w	r2, [r3], #1
    3f80:	eba0 0209 	sub.w	r2, r0, r9
    3f84:	2a00      	cmp	r2, #0
    3f86:	dcf4      	bgt.n	3f72 <qsort+0x1b2>
    3f88:	45da      	cmp	sl, fp
    3f8a:	d8e2      	bhi.n	3f52 <qsort+0x192>
    3f8c:	9b01      	ldr	r3, [sp, #4]
    3f8e:	4498      	add	r8, r3
    3f90:	4544      	cmp	r4, r8
    3f92:	d8d0      	bhi.n	3f36 <qsort+0x176>
    3f94:	9b05      	ldr	r3, [sp, #20]
    3f96:	2b00      	cmp	r3, #0
    3f98:	d04b      	beq.n	4032 <qsort+0x272>
    3f9a:	9b05      	ldr	r3, [sp, #20]
    3f9c:	aa1a      	add	r2, sp, #104	; 0x68
    3f9e:	3b01      	subs	r3, #1
    3fa0:	9305      	str	r3, [sp, #20]
    3fa2:	eb02 03c3 	add.w	r3, r2, r3, lsl #3
    3fa6:	e953 b310 	ldrd	fp, r3, [r3, #-64]	; 0x40
    3faa:	9304      	str	r3, [sp, #16]
    3fac:	9b04      	ldr	r3, [sp, #16]
    3fae:	2b06      	cmp	r3, #6
    3fb0:	f63f af25 	bhi.w	3dfe <qsort+0x3e>
    3fb4:	9b01      	ldr	r3, [sp, #4]
    3fb6:	9a04      	ldr	r2, [sp, #16]
    3fb8:	eb0b 0503 	add.w	r5, fp, r3
    3fbc:	fb03 b802 	mla	r8, r3, r2, fp
    3fc0:	45a8      	cmp	r8, r5
    3fc2:	d9e7      	bls.n	3f94 <qsort+0x1d4>
    3fc4:	f8dd 901c 	ldr.w	r9, [sp, #28]
    3fc8:	f8cd 800c 	str.w	r8, [sp, #12]
    3fcc:	425c      	negs	r4, r3
    3fce:	45ab      	cmp	fp, r5
    3fd0:	d227      	bcs.n	4022 <qsort+0x262>
    3fd2:	46aa      	mov	sl, r5
    3fd4:	e009      	b.n	3fea <qsort+0x22a>
    3fd6:	f8d8 3000 	ldr.w	r3, [r8]
    3fda:	f8da 2000 	ldr.w	r2, [sl]
    3fde:	f8c8 2000 	str.w	r2, [r8]
    3fe2:	f8ca 3000 	str.w	r3, [sl]
    3fe6:	45da      	cmp	sl, fp
    3fe8:	d91b      	bls.n	4022 <qsort+0x262>
    3fea:	46d0      	mov	r8, sl
    3fec:	44a2      	add	sl, r4
    3fee:	4641      	mov	r1, r8
    3ff0:	4650      	mov	r0, sl
    3ff2:	47b0      	blx	r6
    3ff4:	2800      	cmp	r0, #0
    3ff6:	dd14      	ble.n	4022 <qsort+0x262>
    3ff8:	2f00      	cmp	r7, #0
    3ffa:	d0ec      	beq.n	3fd6 <qsort+0x216>
    3ffc:	2f01      	cmp	r7, #1
    3ffe:	f000 80bb 	beq.w	4178 <qsort+0x3b8>
    4002:	4653      	mov	r3, sl
    4004:	eb0a 0009 	add.w	r0, sl, r9
    4008:	7819      	ldrb	r1, [r3, #0]
    400a:	f898 2000 	ldrb.w	r2, [r8]
    400e:	f808 1b01 	strb.w	r1, [r8], #1
    4012:	f803 2b01 	strb.w	r2, [r3], #1
    4016:	eba0 0208 	sub.w	r2, r0, r8
    401a:	2a00      	cmp	r2, #0
    401c:	dcf4      	bgt.n	4008 <qsort+0x248>
    401e:	45da      	cmp	sl, fp
    4020:	d8e3      	bhi.n	3fea <qsort+0x22a>
    4022:	9b01      	ldr	r3, [sp, #4]
    4024:	441d      	add	r5, r3
    4026:	9b03      	ldr	r3, [sp, #12]
    4028:	42ab      	cmp	r3, r5
    402a:	d8d0      	bhi.n	3fce <qsort+0x20e>
    402c:	9b05      	ldr	r3, [sp, #20]
    402e:	2b00      	cmp	r3, #0
    4030:	d1b3      	bne.n	3f9a <qsort+0x1da>
    4032:	b01b      	add	sp, #108	; 0x6c
    4034:	e8bd 8ff0 	ldmia.w	sp!, {r4, r5, r6, r7, r8, r9, sl, fp, pc}
    4038:	4645      	mov	r5, r8
    403a:	4651      	mov	r1, sl
    403c:	f8dd 800c 	ldr.w	r8, [sp, #12]
    4040:	2f00      	cmp	r7, #0
    4042:	d15a      	bne.n	40fa <qsort+0x33a>
    4044:	9b01      	ldr	r3, [sp, #4]
    4046:	6822      	ldr	r2, [r4, #0]
    4048:	f8db 0000 	ldr.w	r0, [fp]
    404c:	6020      	str	r0, [r4, #0]
    404e:	f8cb 2000 	str.w	r2, [fp]
    4052:	441c      	add	r4, r3
    4054:	44cb      	add	fp, r9
    4056:	46a0      	mov	r8, r4
    4058:	f04f 0a01 	mov.w	sl, #1
    405c:	45a3      	cmp	fp, r4
    405e:	f4bf af07 	bcs.w	3e70 <qsort+0xb0>
    4062:	4652      	mov	r2, sl
    4064:	46da      	mov	sl, fp
    4066:	468b      	mov	fp, r1
    4068:	2a00      	cmp	r2, #0
    406a:	f43f af5a 	beq.w	3f22 <qsort+0x162>
    406e:	9b04      	ldr	r3, [sp, #16]
    4070:	9a01      	ldr	r2, [sp, #4]
    4072:	fb02 b403 	mla	r4, r2, r3, fp
    4076:	9b06      	ldr	r3, [sp, #24]
    4078:	eba8 0903 	sub.w	r9, r8, r3
    407c:	eba3 020b 	sub.w	r2, r3, fp
    4080:	454a      	cmp	r2, r9
    4082:	bfa8      	it	ge
    4084:	464a      	movge	r2, r9
    4086:	2a00      	cmp	r2, #0
    4088:	f040 80a2 	bne.w	41d0 <qsort+0x410>
    408c:	9901      	ldr	r1, [sp, #4]
    408e:	1b62      	subs	r2, r4, r5
    4090:	eba5 030a 	sub.w	r3, r5, sl
    4094:	1a52      	subs	r2, r2, r1
    4096:	429a      	cmp	r2, r3
    4098:	bf28      	it	cs
    409a:	461a      	movcs	r2, r3
    409c:	2a00      	cmp	r2, #0
    409e:	f040 811b 	bne.w	42d8 <qsort+0x518>
    40a2:	4599      	cmp	r9, r3
    40a4:	464d      	mov	r5, r9
    40a6:	eba4 0003 	sub.w	r0, r4, r3
    40aa:	d204      	bcs.n	40b6 <qsort+0x2f6>
    40ac:	465a      	mov	r2, fp
    40ae:	461d      	mov	r5, r3
    40b0:	4683      	mov	fp, r0
    40b2:	464b      	mov	r3, r9
    40b4:	4610      	mov	r0, r2
    40b6:	9a01      	ldr	r2, [sp, #4]
    40b8:	4293      	cmp	r3, r2
    40ba:	d96a      	bls.n	4192 <qsort+0x3d2>
    40bc:	9905      	ldr	r1, [sp, #20]
    40be:	2907      	cmp	r1, #7
    40c0:	f200 80fb 	bhi.w	42ba <qsort+0x4fa>
    40c4:	fbb3 f3f2 	udiv	r3, r3, r2
    40c8:	fbb5 f5f2 	udiv	r5, r5, r2
    40cc:	9304      	str	r3, [sp, #16]
    40ce:	ab1a      	add	r3, sp, #104	; 0x68
    40d0:	eb03 03c1 	add.w	r3, r3, r1, lsl #3
    40d4:	e943 b510 	strd	fp, r5, [r3, #-64]	; 0x40
    40d8:	1c4b      	adds	r3, r1, #1
    40da:	9305      	str	r3, [sp, #20]
    40dc:	4683      	mov	fp, r0
    40de:	e68a      	b.n	3df6 <qsort+0x36>
    40e0:	9902      	ldr	r1, [sp, #8]
    40e2:	4645      	mov	r5, r8
    40e4:	4658      	mov	r0, fp
    40e6:	3901      	subs	r1, #1
    40e8:	6803      	ldr	r3, [r0, #0]
    40ea:	682a      	ldr	r2, [r5, #0]
    40ec:	f840 2b04 	str.w	r2, [r0], #4
    40f0:	2900      	cmp	r1, #0
    40f2:	f845 3b04 	str.w	r3, [r5], #4
    40f6:	dcf6      	bgt.n	40e6 <qsort+0x326>
    40f8:	e6d2      	b.n	3ea0 <qsort+0xe0>
    40fa:	2f01      	cmp	r7, #1
    40fc:	d01f      	beq.n	413e <qsort+0x37e>
    40fe:	9b01      	ldr	r3, [sp, #4]
    4100:	465a      	mov	r2, fp
    4102:	441c      	add	r4, r3
    4104:	7810      	ldrb	r0, [r2, #0]
    4106:	f898 3000 	ldrb.w	r3, [r8]
    410a:	f808 0b01 	strb.w	r0, [r8], #1
    410e:	f802 3b01 	strb.w	r3, [r2], #1
    4112:	eba4 0308 	sub.w	r3, r4, r8
    4116:	2b00      	cmp	r3, #0
    4118:	dcf4      	bgt.n	4104 <qsort+0x344>
    411a:	e79b      	b.n	4054 <qsort+0x294>
    411c:	d10b      	bne.n	4136 <qsort+0x376>
    411e:	2f00      	cmp	r7, #0
    4120:	d140      	bne.n	41a4 <qsort+0x3e4>
    4122:	9b06      	ldr	r3, [sp, #24]
    4124:	6820      	ldr	r0, [r4, #0]
    4126:	681a      	ldr	r2, [r3, #0]
    4128:	6018      	str	r0, [r3, #0]
    412a:	6022      	str	r2, [r4, #0]
    412c:	9a01      	ldr	r2, [sp, #4]
    412e:	1898      	adds	r0, r3, r2
    4130:	9006      	str	r0, [sp, #24]
    4132:	f04f 0a01 	mov.w	sl, #1
    4136:	9b01      	ldr	r3, [sp, #4]
    4138:	441c      	add	r4, r3
    413a:	46a0      	mov	r8, r4
    413c:	e78e      	b.n	405c <qsort+0x29c>
    413e:	9a02      	ldr	r2, [sp, #8]
    4140:	46dc      	mov	ip, fp
    4142:	3a01      	subs	r2, #1
    4144:	f8d8 3000 	ldr.w	r3, [r8]
    4148:	f8dc 0000 	ldr.w	r0, [ip]
    414c:	f848 0b04 	str.w	r0, [r8], #4
    4150:	2a00      	cmp	r2, #0
    4152:	f84c 3b04 	str.w	r3, [ip], #4
    4156:	dcf4      	bgt.n	4142 <qsort+0x382>
    4158:	9b01      	ldr	r3, [sp, #4]
    415a:	441c      	add	r4, r3
    415c:	e77a      	b.n	4054 <qsort+0x294>
    415e:	9b02      	ldr	r3, [sp, #8]
    4160:	4651      	mov	r1, sl
    4162:	3b01      	subs	r3, #1
    4164:	f8d9 2000 	ldr.w	r2, [r9]
    4168:	6808      	ldr	r0, [r1, #0]
    416a:	f849 0b04 	str.w	r0, [r9], #4
    416e:	2b00      	cmp	r3, #0
    4170:	f841 2b04 	str.w	r2, [r1], #4
    4174:	dcf5      	bgt.n	4162 <qsort+0x3a2>
    4176:	e6ea      	b.n	3f4e <qsort+0x18e>
    4178:	9b02      	ldr	r3, [sp, #8]
    417a:	4651      	mov	r1, sl
    417c:	3b01      	subs	r3, #1
    417e:	f8d8 2000 	ldr.w	r2, [r8]
    4182:	6808      	ldr	r0, [r1, #0]
    4184:	f848 0b04 	str.w	r0, [r8], #4
    4188:	2b00      	cmp	r3, #0
    418a:	f841 2b04 	str.w	r2, [r1], #4
    418e:	dcf5      	bgt.n	417c <qsort+0x3bc>
    4190:	e729      	b.n	3fe6 <qsort+0x226>
    4192:	9b01      	ldr	r3, [sp, #4]
    4194:	429d      	cmp	r5, r3
    4196:	f67f aefd 	bls.w	3f94 <qsort+0x1d4>
    419a:	9b01      	ldr	r3, [sp, #4]
    419c:	fbb5 f3f3 	udiv	r3, r5, r3
    41a0:	9304      	str	r3, [sp, #16]
    41a2:	e628      	b.n	3df6 <qsort+0x36>
    41a4:	2f01      	cmp	r7, #1
    41a6:	f000 80a7 	beq.w	42f8 <qsort+0x538>
    41aa:	9a06      	ldr	r2, [sp, #24]
    41ac:	9b01      	ldr	r3, [sp, #4]
    41ae:	18d0      	adds	r0, r2, r3
    41b0:	f898 c000 	ldrb.w	ip, [r8]
    41b4:	7813      	ldrb	r3, [r2, #0]
    41b6:	f802 cb01 	strb.w	ip, [r2], #1
    41ba:	f808 3b01 	strb.w	r3, [r8], #1
    41be:	1a83      	subs	r3, r0, r2
    41c0:	2b00      	cmp	r3, #0
    41c2:	dcf5      	bgt.n	41b0 <qsort+0x3f0>
    41c4:	e7b4      	b.n	4130 <qsort+0x370>
    41c6:	9b07      	ldr	r3, [sp, #28]
    41c8:	4413      	add	r3, r2
    41ca:	eb0b 0a43 	add.w	sl, fp, r3, lsl #1
    41ce:	e634      	b.n	3e3a <qsort+0x7a>
    41d0:	2f02      	cmp	r7, #2
    41d2:	eba8 0102 	sub.w	r1, r8, r2
    41d6:	f040 80c5 	bne.w	4364 <qsort+0x5a4>
    41da:	445a      	add	r2, fp
    41dc:	4658      	mov	r0, fp
    41de:	f891 c000 	ldrb.w	ip, [r1]
    41e2:	7803      	ldrb	r3, [r0, #0]
    41e4:	f800 cb01 	strb.w	ip, [r0], #1
    41e8:	f801 3b01 	strb.w	r3, [r1], #1
    41ec:	1a13      	subs	r3, r2, r0
    41ee:	2b00      	cmp	r3, #0
    41f0:	dcf5      	bgt.n	41de <qsort+0x41e>
    41f2:	9901      	ldr	r1, [sp, #4]
    41f4:	1b62      	subs	r2, r4, r5
    41f6:	eba5 030a 	sub.w	r3, r5, sl
    41fa:	1a52      	subs	r2, r2, r1
    41fc:	429a      	cmp	r2, r3
    41fe:	bf28      	it	cs
    4200:	461a      	movcs	r2, r3
    4202:	2a00      	cmp	r2, #0
    4204:	f43f af4d 	beq.w	40a2 <qsort+0x2e2>
    4208:	1aa0      	subs	r0, r4, r2
    420a:	4442      	add	r2, r8
    420c:	7805      	ldrb	r5, [r0, #0]
    420e:	f898 1000 	ldrb.w	r1, [r8]
    4212:	f808 5b01 	strb.w	r5, [r8], #1
    4216:	f800 1b01 	strb.w	r1, [r0], #1
    421a:	eba2 0108 	sub.w	r1, r2, r8
    421e:	2900      	cmp	r1, #0
    4220:	dcf4      	bgt.n	420c <qsort+0x44c>
    4222:	e73e      	b.n	40a2 <qsort+0x2e2>
    4224:	47b0      	blx	r6
    4226:	2800      	cmp	r0, #0
    4228:	f6ff ae07 	blt.w	3e3a <qsort+0x7a>
    422c:	4621      	mov	r1, r4
    422e:	4628      	mov	r0, r5
    4230:	47b0      	blx	r6
    4232:	ea14 0820 	ands.w	r8, r4, r0, asr #32
    4236:	bf38      	it	cc
    4238:	46a8      	movcc	r8, r5
    423a:	e5fe      	b.n	3e3a <qsort+0x7a>
    423c:	08d2      	lsrs	r2, r2, #3
    423e:	fb01 f302 	mul.w	r3, r1, r2
    4242:	eb0b 0503 	add.w	r5, fp, r3
    4246:	4629      	mov	r1, r5
    4248:	4658      	mov	r0, fp
    424a:	461c      	mov	r4, r3
    424c:	9303      	str	r3, [sp, #12]
    424e:	47b0      	blx	r6
    4250:	ea4f 0944 	mov.w	r9, r4, lsl #1
    4254:	2800      	cmp	r0, #0
    4256:	eb0b 0444 	add.w	r4, fp, r4, lsl #1
    425a:	4621      	mov	r1, r4
    425c:	4628      	mov	r0, r5
    425e:	f2c0 809b 	blt.w	4398 <qsort+0x5d8>
    4262:	47b0      	blx	r6
    4264:	2800      	cmp	r0, #0
    4266:	dd75      	ble.n	4354 <qsort+0x594>
    4268:	9b03      	ldr	r3, [sp, #12]
    426a:	eba8 0403 	sub.w	r4, r8, r3
    426e:	4641      	mov	r1, r8
    4270:	4620      	mov	r0, r4
    4272:	47b0      	blx	r6
    4274:	9b03      	ldr	r3, [sp, #12]
    4276:	2800      	cmp	r0, #0
    4278:	eb08 0103 	add.w	r1, r8, r3
    427c:	9106      	str	r1, [sp, #24]
    427e:	4640      	mov	r0, r8
    4280:	f2c0 80a2 	blt.w	43c8 <qsort+0x608>
    4284:	47b0      	blx	r6
    4286:	2800      	cmp	r0, #0
    4288:	dd5b      	ble.n	4342 <qsort+0x582>
    428a:	9c03      	ldr	r4, [sp, #12]
    428c:	ebaa 0909 	sub.w	r9, sl, r9
    4290:	444c      	add	r4, r9
    4292:	4621      	mov	r1, r4
    4294:	4648      	mov	r0, r9
    4296:	47b0      	blx	r6
    4298:	2800      	cmp	r0, #0
    429a:	4651      	mov	r1, sl
    429c:	4620      	mov	r0, r4
    429e:	f2c0 8087 	blt.w	43b0 <qsort+0x5f0>
    42a2:	47b0      	blx	r6
    42a4:	2800      	cmp	r0, #0
    42a6:	f73f adbd 	bgt.w	3e24 <qsort+0x64>
    42aa:	4651      	mov	r1, sl
    42ac:	4648      	mov	r0, r9
    42ae:	47b0      	blx	r6
    42b0:	ea19 0420 	ands.w	r4, r9, r0, asr #32
    42b4:	bf38      	it	cc
    42b6:	4654      	movcc	r4, sl
    42b8:	e5b4      	b.n	3e24 <qsort+0x64>
    42ba:	9c01      	ldr	r4, [sp, #4]
    42bc:	fbb3 f1f4 	udiv	r1, r3, r4
    42c0:	4622      	mov	r2, r4
    42c2:	4633      	mov	r3, r6
    42c4:	f7ff fd7c 	bl	3dc0 <qsort>
    42c8:	42a5      	cmp	r5, r4
    42ca:	f67f ae66 	bls.w	3f9a <qsort+0x1da>
    42ce:	9b01      	ldr	r3, [sp, #4]
    42d0:	fbb5 f3f3 	udiv	r3, r5, r3
    42d4:	9304      	str	r3, [sp, #16]
    42d6:	e58e      	b.n	3df6 <qsort+0x36>
    42d8:	2f02      	cmp	r7, #2
    42da:	eba4 0002 	sub.w	r0, r4, r2
    42de:	d094      	beq.n	420a <qsort+0x44a>
    42e0:	0892      	lsrs	r2, r2, #2
    42e2:	3a01      	subs	r2, #1
    42e4:	f8d8 1000 	ldr.w	r1, [r8]
    42e8:	6805      	ldr	r5, [r0, #0]
    42ea:	f848 5b04 	str.w	r5, [r8], #4
    42ee:	2a00      	cmp	r2, #0
    42f0:	f840 1b04 	str.w	r1, [r0], #4
    42f4:	dcf5      	bgt.n	42e2 <qsort+0x522>
    42f6:	e6d4      	b.n	40a2 <qsort+0x2e2>
    42f8:	f8dd c018 	ldr.w	ip, [sp, #24]
    42fc:	9a02      	ldr	r2, [sp, #8]
    42fe:	f8dc 3000 	ldr.w	r3, [ip]
    4302:	f8d8 0000 	ldr.w	r0, [r8]
    4306:	f84c 0b04 	str.w	r0, [ip], #4
    430a:	3a01      	subs	r2, #1
    430c:	2a00      	cmp	r2, #0
    430e:	f848 3b04 	str.w	r3, [r8], #4
    4312:	dcf4      	bgt.n	42fe <qsort+0x53e>
    4314:	9806      	ldr	r0, [sp, #24]
    4316:	9b01      	ldr	r3, [sp, #4]
    4318:	4418      	add	r0, r3
    431a:	e709      	b.n	4130 <qsort+0x370>
    431c:	9a02      	ldr	r2, [sp, #8]
    431e:	4658      	mov	r0, fp
    4320:	3a01      	subs	r2, #1
    4322:	6803      	ldr	r3, [r0, #0]
    4324:	f8d8 1000 	ldr.w	r1, [r8]
    4328:	f840 1b04 	str.w	r1, [r0], #4
    432c:	2a00      	cmp	r2, #0
    432e:	f848 3b04 	str.w	r3, [r8], #4
    4332:	dcf5      	bgt.n	4320 <qsort+0x560>
    4334:	9b01      	ldr	r3, [sp, #4]
    4336:	445b      	add	r3, fp
    4338:	9308      	str	r3, [sp, #32]
    433a:	e58b      	b.n	3e54 <qsort+0x94>
    433c:	f04f 0902 	mov.w	r9, #2
    4340:	e550      	b.n	3de4 <qsort+0x24>
    4342:	9906      	ldr	r1, [sp, #24]
    4344:	4620      	mov	r0, r4
    4346:	47b0      	blx	r6
    4348:	9906      	ldr	r1, [sp, #24]
    434a:	ea14 0820 	ands.w	r8, r4, r0, asr #32
    434e:	bf38      	it	cc
    4350:	4688      	movcc	r8, r1
    4352:	e79a      	b.n	428a <qsort+0x4ca>
    4354:	4621      	mov	r1, r4
    4356:	4658      	mov	r0, fp
    4358:	47b0      	blx	r6
    435a:	ea1b 0520 	ands.w	r5, fp, r0, asr #32
    435e:	bf38      	it	cc
    4360:	4625      	movcc	r5, r4
    4362:	e781      	b.n	4268 <qsort+0x4a8>
    4364:	0892      	lsrs	r2, r2, #2
    4366:	4658      	mov	r0, fp
    4368:	46a4      	mov	ip, r4
    436a:	3a01      	subs	r2, #1
    436c:	6803      	ldr	r3, [r0, #0]
    436e:	680c      	ldr	r4, [r1, #0]
    4370:	f840 4b04 	str.w	r4, [r0], #4
    4374:	2a00      	cmp	r2, #0
    4376:	f841 3b04 	str.w	r3, [r1], #4
    437a:	dcf6      	bgt.n	436a <qsort+0x5aa>
    437c:	9901      	ldr	r1, [sp, #4]
    437e:	4664      	mov	r4, ip
    4380:	1b62      	subs	r2, r4, r5
    4382:	eba5 030a 	sub.w	r3, r5, sl
    4386:	1a52      	subs	r2, r2, r1
    4388:	429a      	cmp	r2, r3
    438a:	bf28      	it	cs
    438c:	461a      	movcs	r2, r3
    438e:	2a00      	cmp	r2, #0
    4390:	f43f ae87 	beq.w	40a2 <qsort+0x2e2>
    4394:	1aa0      	subs	r0, r4, r2
    4396:	e7a3      	b.n	42e0 <qsort+0x520>
    4398:	47b0      	blx	r6
    439a:	2800      	cmp	r0, #0
    439c:	f6ff af64 	blt.w	4268 <qsort+0x4a8>
    43a0:	4621      	mov	r1, r4
    43a2:	4658      	mov	r0, fp
    43a4:	47b0      	blx	r6
    43a6:	ea14 0520 	ands.w	r5, r4, r0, asr #32
    43aa:	bf38      	it	cc
    43ac:	465d      	movcc	r5, fp
    43ae:	e75b      	b.n	4268 <qsort+0x4a8>
    43b0:	47b0      	blx	r6
    43b2:	2800      	cmp	r0, #0
    43b4:	f6ff ad36 	blt.w	3e24 <qsort+0x64>
    43b8:	4651      	mov	r1, sl
    43ba:	4648      	mov	r0, r9
    43bc:	47b0      	blx	r6
    43be:	ea1a 0420 	ands.w	r4, sl, r0, asr #32
    43c2:	bf38      	it	cc
    43c4:	464c      	movcc	r4, r9
    43c6:	e52d      	b.n	3e24 <qsort+0x64>
    43c8:	47b0      	blx	r6
    43ca:	2800      	cmp	r0, #0
    43cc:	f6ff af5d 	blt.w	428a <qsort+0x4ca>
    43d0:	9906      	ldr	r1, [sp, #24]
    43d2:	4620      	mov	r0, r4
    43d4:	47b0      	blx	r6
    43d6:	9906      	ldr	r1, [sp, #24]
    43d8:	ea11 0820 	ands.w	r8, r1, r0, asr #32
    43dc:	bf38      	it	cc
    43de:	46a0      	movcc	r8, r4
    43e0:	e753      	b.n	428a <qsort+0x4ca>
    43e2:	4653      	mov	r3, sl
    43e4:	462a      	mov	r2, r5
    43e6:	46da      	mov	sl, fp
    43e8:	4645      	mov	r5, r8
    43ea:	469b      	mov	fp, r3
    43ec:	f8dd 800c 	ldr.w	r8, [sp, #12]
    43f0:	e63a      	b.n	4068 <qsort+0x2a8>
    43f2:	bf00      	nop

000043f4 <memset>:
    43f4:	0783      	lsls	r3, r0, #30
    43f6:	b530      	push	{r4, r5, lr}
    43f8:	d048      	beq.n	448c <memset+0x98>
    43fa:	1e54      	subs	r4, r2, #1
    43fc:	2a00      	cmp	r2, #0
    43fe:	d03f      	beq.n	4480 <memset+0x8c>
    4400:	b2ca      	uxtb	r2, r1
    4402:	4603      	mov	r3, r0
    4404:	e001      	b.n	440a <memset+0x16>
    4406:	3c01      	subs	r4, #1
    4408:	d33a      	bcc.n	4480 <memset+0x8c>
    440a:	f803 2b01 	strb.w	r2, [r3], #1
    440e:	079d      	lsls	r5, r3, #30
    4410:	d1f9      	bne.n	4406 <memset+0x12>
    4412:	2c03      	cmp	r4, #3
    4414:	d92d      	bls.n	4472 <memset+0x7e>
    4416:	b2cd      	uxtb	r5, r1
    4418:	ea45 2505 	orr.w	r5, r5, r5, lsl #8
    441c:	2c0f      	cmp	r4, #15
    441e:	ea45 4505 	orr.w	r5, r5, r5, lsl #16
    4422:	d936      	bls.n	4492 <memset+0x9e>
    4424:	f1a4 0210 	sub.w	r2, r4, #16
    4428:	f022 0c0f 	bic.w	ip, r2, #15
    442c:	f103 0e20 	add.w	lr, r3, #32
    4430:	44e6      	add	lr, ip
    4432:	ea4f 1c12 	mov.w	ip, r2, lsr #4
    4436:	f103 0210 	add.w	r2, r3, #16
    443a:	e942 5504 	strd	r5, r5, [r2, #-16]
    443e:	e942 5502 	strd	r5, r5, [r2, #-8]
    4442:	3210      	adds	r2, #16
    4444:	4572      	cmp	r2, lr
    4446:	d1f8      	bne.n	443a <memset+0x46>
    4448:	f10c 0201 	add.w	r2, ip, #1
    444c:	f014 0f0c 	tst.w	r4, #12
    4450:	eb03 1202 	add.w	r2, r3, r2, lsl #4
    4454:	f004 0c0f 	and.w	ip, r4, #15
    4458:	d013      	beq.n	4482 <memset+0x8e>
    445a:	f1ac 0304 	sub.w	r3, ip, #4
    445e:	f023 0303 	bic.w	r3, r3, #3
    4462:	3304      	adds	r3, #4
    4464:	4413      	add	r3, r2
    4466:	f842 5b04 	str.w	r5, [r2], #4
    446a:	4293      	cmp	r3, r2
    446c:	d1fb      	bne.n	4466 <memset+0x72>
    446e:	f00c 0403 	and.w	r4, ip, #3
    4472:	b12c      	cbz	r4, 4480 <memset+0x8c>
    4474:	b2c9      	uxtb	r1, r1
    4476:	441c      	add	r4, r3
    4478:	f803 1b01 	strb.w	r1, [r3], #1
    447c:	429c      	cmp	r4, r3
    447e:	d1fb      	bne.n	4478 <memset+0x84>
    4480:	bd30      	pop	{r4, r5, pc}
    4482:	4664      	mov	r4, ip
    4484:	4613      	mov	r3, r2
    4486:	2c00      	cmp	r4, #0
    4488:	d1f4      	bne.n	4474 <memset+0x80>
    448a:	e7f9      	b.n	4480 <memset+0x8c>
    448c:	4603      	mov	r3, r0
    448e:	4614      	mov	r4, r2
    4490:	e7bf      	b.n	4412 <memset+0x1e>
    4492:	461a      	mov	r2, r3
    4494:	46a4      	mov	ip, r4
    4496:	e7e0      	b.n	445a <memset+0x66>

00004498 <__libc_init_array>:
    4498:	b570      	push	{r4, r5, r6, lr}
    449a:	4e0d      	ldr	r6, [pc, #52]	; (44d0 <__libc_init_array+0x38>)
    449c:	4d0d      	ldr	r5, [pc, #52]	; (44d4 <__libc_init_array+0x3c>)
    449e:	1b76      	subs	r6, r6, r5
    44a0:	10b6      	asrs	r6, r6, #2
    44a2:	d006      	beq.n	44b2 <__libc_init_array+0x1a>
    44a4:	2400      	movs	r4, #0
    44a6:	f855 3b04 	ldr.w	r3, [r5], #4
    44aa:	3401      	adds	r4, #1
    44ac:	4798      	blx	r3
    44ae:	42a6      	cmp	r6, r4
    44b0:	d1f9      	bne.n	44a6 <__libc_init_array+0xe>
    44b2:	4e09      	ldr	r6, [pc, #36]	; (44d8 <__libc_init_array+0x40>)
    44b4:	4d09      	ldr	r5, [pc, #36]	; (44dc <__libc_init_array+0x44>)
    44b6:	1b76      	subs	r6, r6, r5
    44b8:	f000 f81a 	bl	44f0 <___init_veneer>
    44bc:	10b6      	asrs	r6, r6, #2
    44be:	d006      	beq.n	44ce <__libc_init_array+0x36>
    44c0:	2400      	movs	r4, #0
    44c2:	f855 3b04 	ldr.w	r3, [r5], #4
    44c6:	3401      	adds	r4, #1
    44c8:	4798      	blx	r3
    44ca:	42a6      	cmp	r6, r4
    44cc:	d1f9      	bne.n	44c2 <__libc_init_array+0x2a>
    44ce:	bd70      	pop	{r4, r5, r6, pc}
    44d0:	60001c18 	.word	0x60001c18
    44d4:	60001c18 	.word	0x60001c18
    44d8:	60001c20 	.word	0x60001c20
    44dc:	60001c18 	.word	0x60001c18

000044e0 <___reboot_Teensyduino__veneer>:
    44e0:	f85f f000 	ldr.w	pc, [pc]	; 44e4 <___reboot_Teensyduino__veneer+0x4>
    44e4:	60001b7d 	.word	0x60001b7d

000044e8 <___ZN7TwoWire5beginEv_veneer>:
    44e8:	f85f f000 	ldr.w	pc, [pc]	; 44ec <___ZN7TwoWire5beginEv_veneer+0x4>
    44ec:	60001729 	.word	0x60001729

000044f0 <___init_veneer>:
    44f0:	f85f f000 	ldr.w	pc, [pc]	; 44f4 <___init_veneer+0x4>
    44f4:	60001bd1 	.word	0x60001bd1
	...

Disassembly of section .fini:

00004500 <_fini>:
    4500:	b5f8      	push	{r3, r4, r5, r6, r7, lr}
    4502:	bf00      	nop
